{
  "name": "system100",
  "subset": "prod",
  "atomic_number": [
    6,
    6,
    8,
    7,
    7,
    1,
    1,
    1,
    1
  ],
  "charge": [
    0,
    0,
    0,
    0,
    0,
    0,
    0,
    0,
    0
  ],
  "positition": [
    [
      -1.17430471027269,
      -0.19799115846883,
      -2.6614801e-07
    ],
    [
      0.00280682113874,
      -1.18354838371672,
      -1.9441852e-07
    ],
    [
      1.14929224823193,
      -0.31331888103573,
      4.6511378e-07
    ],
    [
      0.70888773197186,
      1.01676803889787,
      5.8557496e-07
    ],
    [
      -0.51017081738584,
      1.12084340934417,
      -7.0878232e-07
    ],
    [
      -1.82090207394412,
      -0.26058444824075,
      0.8889041981354
    ],
    [
      -1.8209033014707,
      -0.26058516099764,
      -0.88890367726476
    ],
    [
      0.04031182024332,
      -1.8197617723105,
      0.8976945644863
    ],
    [
      0.04031228148747,
      -1.81976164347188,
      -0.89769496669681
    ]
  ],
  "energies": -7154.723502401747,
  "forces": [
    [
      -0.005536333456256073,
      -0.0030469521076349156,
      -5.262791456375241e-06
    ],
    [
      -0.007013783854680759,
      -0.0001174846137464262,
      4.533780811233498e-06
    ],
    [
      0.006131087357716758,
      -0.007912515911890393,
      5.518616240150383e-06
    ],
    [
      0.0030962291031967166,
      0.005707609923054845,
      -8.651814210040458e-06
    ],
    [
      -0.0034979913074587223,
      -0.00010511174449551731,
      1.0089060985219393e-05
    ],
    [
      0.002264735615317389,
      -0.0007422830406122669,
      -0.00288518913462442
    ],
    [
      0.0022594119401335793,
      -0.0007535612883210206,
      0.002882029505712045
    ],
    [
      0.0011443865331335515,
      0.0034825697781162204,
      -0.0016917807108039029
    ],
    [
      0.001152254160820462,
      0.0034877260744716507,
      0.0016887134873460898
    ]
  ]
}