{
  "name": "system100",
  "subset": "sp",
  "atomic_number": [
    6,
    6,
    8,
    7,
    7,
    1,
    1,
    1,
    1
  ],
  "charge": [
    0,
    0,
    0,
    0,
    0,
    0,
    0,
    0,
    0
  ],
  "positition": [
    [
      -0.92694646961547,
      -0.03024865225057,
      -4.04061183e-06
    ],
    [
      0.12376048259271,
      -0.94610646807496,
      4.01998235e-06
    ],
    [
      1.73856038010301,
      0.35323318459638,
      7.13353213e-06
    ],
    [
      1.13092200111328,
      1.41984968445806,
      6.49654e-09
    ],
    [
      0.00054475706435,
      1.74439748980376,
      -7.27769764e-06
    ],
    [
      -1.48090651838009,
      0.15553667543167,
      0.92344439781365
    ],
    [
      -1.48089875170957,
      0.1555290369448,
      -0.92345868407952
    ],
    [
      0.44747854461981,
      -1.42609171246583,
      0.92552680721734
    ],
    [
      0.44748557421197,
      -1.42609923844332,
      -0.92551236265302
    ]
  ],
  "energies": -7153.385409792245,
  "forces": [
    [
      -0.00798481333275899,
      -0.0035018101158491295,
      -3.111446435510803e-06
    ],
    [
      0.0026736645130697946,
      0.0022348834598652184,
      6.4533665757211405e-06
    ],
    [
      0.002543909771362506,
      0.0008383258865115727,
      -8.056809471736507e-07
    ],
    [
      0.0016227426776578339,
      -0.0026209488210375193,
      -7.2986425145544616e-06
    ],
    [
      0.0005792553932837475,
      0.0029788853859141185,
      -1.4169350586781943e-06
    ],
    [
      0.0015642326956837355,
      -0.0013228668201551628,
      -6.701133521583203e-05
    ],
    [
      0.0015788237072206592,
      -0.0013170971099614097,
      7.359999325006822e-05
    ],
    [
      -0.0012891813038675977,
      0.001351997472583987,
      0.002028738203593063
    ],
    [
      -0.001288638081150854,
      0.001358633696030282,
      -0.00202914757466917
    ]
  ]
}