{
  "name": "system100",
  "subset": "react",
  "atomic_number": [
    6,
    6,
    8,
    7,
    7,
    1,
    1,
    1,
    1
  ],
  "charge": [
    0,
    0,
    0,
    0,
    0,
    0,
    0,
    0,
    0
  ],
  "positition": [
    [
      -1.58572291100237,
      -0.84160847213746,
      -3.39907657e-06
    ],
    [
      -0.5305697119271,
      -1.65722303210517,
      4.34652695e-06
    ],
    [
      1.82767320854265,
      0.45290828278285,
      -2.187280664e-05
    ],
    [
      0.97442679271533,
      1.26997020651757,
      6.031628749e-05
    ],
    [
      0.1572175531995,
      2.0501381356986,
      -4.056288043e-05
    ],
    [
      -2.04209833505612,
      -0.48866007686699,
      0.93039929342888
    ],
    [
      -2.04208985274357,
      -0.48866569200588,
      -0.93041253064561
    ],
    [
      -0.07175706986641,
      -2.0073967924413,
      0.93006512898811
    ],
    [
      -0.07174967386193,
      -2.00740255964219,
      -0.9300507200222
    ]
  ],
  "energies": -7154.495339912528,
  "forces": [
    [
      -0.01027395581515607,
      0.0004218151134990786,
      -2.2285809656343405e-06
    ],
    [
      0.010490237132182768,
      0.0032855426313584814,
      -1.1912641750449108e-05
    ],
    [
      0.006527158990346261,
      0.0012148915350095777,
      0.00058075090126094
    ],
    [
      0.0022765891216906847,
      0.0034413492834937526,
      -0.0011844518824408981
    ],
    [
      -0.002661626092943242,
      -0.004385280617766978,
      0.000603168299986968
    ],
    [
      -3.938395549633077e-05,
      -0.0004919155779733041,
      0.00240079948470221
    ],
    [
      -2.502717147500402e-05,
      -0.0004992986040999541,
      -0.0023877306691952984
    ],
    [
      -0.003146352248872492,
      -0.0014910076207248241,
      0.0018205791563295098
    ],
    [
      -0.0031476407316075785,
      -0.0014960955771530916,
      -0.0018189740165052801
    ]
  ]
}