{
  "name": "system101",
  "subset": "react",
  "atomic_number": [
    6,
    6,
    6,
    6,
    6,
    1,
    1,
    1,
    1,
    1,
    1,
    1,
    1
  ],
  "charge": [
    0,
    0,
    0,
    0,
    0,
    0,
    0,
    0,
    0,
    0,
    0,
    0,
    0
  ],
  "positition": [
    [
      -1.53531293490441,
      -1.0049248545321,
      -0.11195025771459
    ],
    [
      1.6982368710891,
      -0.67683052613097,
      0.07175590437584
    ],
    [
      -1.27782121457499,
      0.43991258028847,
      0.1928745994702
    ],
    [
      1.22747580825595,
      0.55701013572284,
      -0.17722743358917
    ],
    [
      -0.09875343654269,
      1.09258647274447,
      0.14807082775708
    ],
    [
      -1.56930334250249,
      -1.61323476606853,
      0.81078720250439
    ],
    [
      -2.51235114928731,
      -1.13110952717419,
      -0.606345812964
    ],
    [
      2.71422430113634,
      -0.95751797756874,
      -0.21915206758051
    ],
    [
      -0.75427133068811,
      -1.4347897643481,
      -0.75733068459753
    ],
    [
      1.1085271024345,
      -1.43228806504154,
      0.59623780588649
    ],
    [
      -2.15906199137251,
      1.03528156150832,
      0.46050367924996
    ],
    [
      1.9097733908796,
      1.27533193550699,
      -0.65082471944931
    ],
    [
      -0.12261905392298,
      2.17197079509305,
      0.34101494665114
    ]
  ],
  "energies": -5307.374016883508,
  "forces": [
    [
      -0.004889666612652462,
      0.003873466191069603,
      -0.005252510591079775
    ],
    [
      -0.0019978763244315034,
      0.0026531542045459514,
      0.002227238798261212
    ],
    [
      0.006820746134732035,
      0.0015903732577553825,
      -0.0037063358341182713
    ],
    [
      0.0019825477661863005,
      -0.0005742131510731234,
      0.0033016927599695887
    ],
    [
      -0.0029417025519995962,
      0.0015694878766741814,
      -0.002915544917801675
    ],
    [
      -0.00018764879016177686,
      -0.002624099091133683,
      0.00431199203655521
    ],
    [
      0.0005851405974401859,
      -0.0010629848867086495,
      0.0023415695423667777
    ],
    [
      0.002241902160646532,
      -0.002277423239040959,
      -0.0031559064175158366
    ],
    [
      0.00017506123378076524,
      -0.0025120616683762184,
      -0.0014596233962057593
    ],
    [
      0.002881325331925308,
      0.001149230080476938,
      4.6831156362709624e-05
    ],
    [
      -0.0029685719190281168,
      0.0009941622091795554,
      0.0005107850597583574
    ],
    [
      -0.0009013603419027612,
      -0.0006321242716538859,
      0.001339395003803519
    ],
    [
      -0.0007998969416452464,
      -0.002146967306026825,
      0.002410416491111539
    ]
  ]
}