{
  "name": "system101",
  "subset": "sp",
  "atomic_number": [
    6,
    6,
    6,
    6,
    6,
    1,
    1,
    1,
    1,
    1,
    1,
    1,
    1
  ],
  "charge": [
    0,
    0,
    0,
    0,
    0,
    0,
    0,
    0,
    0,
    0,
    0,
    0,
    0
  ],
  "positition": [
    [
      -1.29767727526999,
      -0.79236685022667,
      -0.02565591055259
    ],
    [
      1.33718980243214,
      -0.72257867231418,
      0.04252706060667
    ],
    [
      -1.22891640538154,
      0.62307463039061,
      -0.06359756342841
    ],
    [
      1.19595694366944,
      0.6872324556345,
      -0.00042324750147
    ],
    [
      -0.02958271645043,
      1.3284188007571,
      -0.21160871861797
    ],
    [
      0.01457818611609,
      -1.04554586722694,
      0.50563460319801
    ],
    [
      -2.18430969195251,
      -1.22913982324908,
      0.45346343397404
    ],
    [
      2.21958806369502,
      -1.11284671580748,
      0.56749363034145
    ],
    [
      -0.99036199148353,
      -1.36404935712574,
      -0.90810282016084
    ],
    [
      1.1064318039942,
      -1.30817061306552,
      -0.85402715687449
    ],
    [
      -2.09393434344901,
      1.20319770176559,
      0.28054022445199
    ],
    [
      2.01033287546637,
      1.31146061184418,
      0.38737661118255
    ],
    [
      -0.05929525138625,
      2.42131369862365,
      -0.17362014661895
    ]
  ],
  "energies": -5305.947676572046,
  "forces": [
    [
      -0.00010459644396120361,
      0.005440351082707665,
      0.0005682356957283246
    ],
    [
      0.004630952268661306,
      0.0018647895356208857,
      0.00012958690008030502
    ],
    [
      0.0019524531556877976,
      -0.0045460784500002535,
      0.0008840412868625531
    ],
    [
      -0.0013726195726816851,
      -0.0032982932985363036,
      -0.001587991644718087
    ],
    [
      0.0002691339974457007,
      -0.0014540091863428875,
      0.005745537759877374
    ],
    [
      -0.0008327032434296983,
      -7.785696907415367e-05,
      -0.001924224549159875
    ],
    [
      -0.0003447859882830145,
      0.0015137883677769134,
      0.00270440292784827
    ],
    [
      -0.0010745785573769366,
      0.0016652938211104014,
      0.0016882137162760374
    ],
    [
      0.0015923714164383844,
      0.0015789337504442328,
      -0.0037032763239705207
    ],
    [
      -0.0019921839530266544,
      -0.0006173329711656446,
      -0.00030066528907664417
    ],
    [
      -0.002774838869888194,
      0.0006606128681530186,
      -0.0014911118018327491
    ],
    [
      0.0012319061199905432,
      0.0016956983009851912,
      -0.0013262768745342679
    ],
    [
      -0.001180510535264614,
      -0.004425897263055602,
      -0.0013864719062248543
    ]
  ]
}