{
  "name": "system101",
  "subset": "prod",
  "atomic_number": [
    6,
    6,
    6,
    6,
    6,
    1,
    1,
    1,
    1,
    1,
    1,
    1,
    1
  ],
  "charge": [
    0,
    0,
    0,
    0,
    0,
    0,
    0,
    0,
    0,
    0,
    0,
    0,
    0
  ],
  "positition": [
    [
      -1.64454500552122,
      -0.86190842227087,
      -0.15604565584526
    ],
    [
      1.59974614002644,
      -0.85160587800309,
      0.1337234271806
    ],
    [
      -1.31771918159751,
      0.39737334636591,
      0.17996426071692
    ],
    [
      1.19544497358255,
      0.57230673609004,
      -0.10208394302217
    ],
    [
      -0.04879083538191,
      1.09065541521619,
      -0.06667009631764
    ],
    [
      0.84695682694112,
      -1.40195308376312,
      0.71827374528804
    ],
    [
      -2.63169392527224,
      -1.26696222766901,
      0.08336752023127
    ],
    [
      2.56497593756175,
      -0.90046803574654,
      0.66385226878178
    ],
    [
      -0.96203141423378,
      -1.51709018096946,
      -0.7023536657945
    ],
    [
      1.73673550561569,
      -1.39580943440263,
      -0.8189426234002
    ],
    [
      -2.08773853242136,
      1.00803507999003,
      0.66984221281131
    ],
    [
      2.01448820860733,
      1.27317641159282,
      -0.30419049217809
    ],
    [
      -0.13708569790686,
      2.17564827356974,
      -0.20032295845208
    ]
  ],
  "energies": -5307.3740270908265,
  "forces": [
    [
      -0.0009475837922765955,
      -0.00762299085369443,
      -0.0015746237584689773
    ],
    [
      0.0013574145302416337,
      0.0037050389181641817,
      0.005547986108035312
    ],
    [
      -0.003781617843182868,
      0.007950172908685557,
      -0.00027864013787838235
    ],
    [
      -0.004076255488977234,
      0.002086716532815513,
      0.0003924803668859721
    ],
    [
      0.003573193303786927,
      -0.0012484351778140402,
      0.002532864002819068
    ],
    [
      0.00181330817888705,
      -0.0018380696011193304,
      0.0035803609228745354
    ],
    [
      -0.0006298143409781145,
      -0.0005110169732809353,
      0.00011823959253544865
    ],
    [
      -9.457176340398148e-05,
      -0.0008226987717448428,
      -0.003909691340406633
    ],
    [
      0.0006732260841455083,
      0.0010397341933854204,
      -0.001506911591900769
    ],
    [
      0.001023437820415508,
      -0.004236095688055083,
      -0.004481386095744001
    ],
    [
      0.0021149147489017855,
      0.0019564173856839373,
      0.00022931182309362486
    ],
    [
      0.00045332023129787295,
      0.0005681876675176621,
      0.0005461302746833346
    ],
    [
      -0.0014789715145912905,
      -0.00102696033485534,
      -0.0011961201151064662
    ]
  ]
}