{
  "name": "system102",
  "subset": "prod",
  "atomic_number": [
    6,
    1,
    7
  ],
  "charge": [
    0,
    0,
    0
  ],
  "positition": [
    [
      -7.95315e-09,
      -5.1192e-09,
      -0.74348494274856
    ],
    [
      -7.96454e-09,
      -5.11033e-09,
      1.43454866774768
    ],
    [
      1.591769e-08,
      1.022953e-08,
      0.42970727500088
    ]
  ],
  "energies": -2538.2846882620815,
  "forces": [
    [
      -3.007676704122213e-07,
      5.335039460637367e-07,
      0.0010632375747463324
    ],
    [
      5.615803946951392e-07,
      1.0014447565871105e-06,
      -0.003564838606280535
    ],
    [
      -2.6081272428291784e-07,
      -1.5349487026508472e-06,
      0.0025015989232294524
    ]
  ]
}