{
  "name": "system102",
  "subset": "react",
  "atomic_number": [
    6,
    1,
    7
  ],
  "charge": [
    0,
    0,
    0
  ],
  "positition": [
    [
      6.62895e-09,
      -6.83991e-09,
      0.49817407958472
    ],
    [
      -3.33786e-09,
      3.43708e-09,
      1.57770129832965
    ],
    [
      -3.29108e-09,
      3.40286e-09,
      -0.65727637791438
    ]
  ],
  "energies": -2538.873151887274,
  "forces": [
    [
      -4.7585980885530784e-07,
      2.9228302934229194e-07,
      0.010365309328491196
    ],
    [
      -1.6197951133501405e-07,
      -1.0181569283915169e-07,
      -0.009227053796994775
    ],
    [
      6.378393201903219e-07,
      -1.9046733650314033e-07,
      -0.0011382513663089862
    ]
  ]
}