{
  "name": "system102",
  "subset": "sp",
  "atomic_number": [
    6,
    1,
    7
  ],
  "charge": [
    0,
    0,
    0
  ],
  "positition": [
    [
      0.44863286179335,
      -0.46290031806836,
      0.01477762911339
    ],
    [
      -0.23948715334207,
      0.24710334194027,
      0.69094205029901
    ],
    [
      -0.20914570845128,
      0.2157969761281,
      -0.7057196794124
    ]
  ],
  "energies": -2536.8014050088964,
  "forces": [
    [
      0.0010915288133519717,
      -0.0007413677792401233,
      0.0016101448882854712
    ],
    [
      0.0009848694189032322,
      -0.001039856166528559,
      0.0010718863036323473
    ],
    [
      -0.0020763970495476605,
      0.0017812234315480117,
      -0.002682029443567537
    ]
  ]
}