{
  "name": "system103",
  "subset": "prod",
  "atomic_number": [
    6,
    6,
    1,
    1,
    6,
    1,
    6,
    1,
    1,
    6,
    1,
    1,
    6,
    1,
    1,
    1
  ],
  "charge": [
    0,
    0,
    0,
    0,
    0,
    0,
    0,
    0,
    0,
    0,
    0,
    0,
    0,
    0,
    0,
    0
  ],
  "positition": [
    [
      -1.46389288185209,
      1.16991521836219,
      -0.5042661191032
    ],
    [
      -2.20314035468432,
      -0.12225221642722,
      -0.30797588398807
    ],
    [
      -1.63292148423919,
      1.83197430948123,
      0.36278040364856
    ],
    [
      -1.87445880432901,
      1.6956806337153,
      -1.38602655116852
    ],
    [
      -2.90411484241656,
      -0.45611331366218,
      0.77819019379859
    ],
    [
      -2.13296911483792,
      -0.84057236757293,
      -1.1364744753769
    ],
    [
      1.45883505543428,
      -0.73624576693585,
      0.48407752181121
    ],
    [
      -3.41593870906557,
      -1.41928232609971,
      0.85765712521681
    ],
    [
      -2.99158645355137,
      0.2251858259814,
      1.63179573984434
    ],
    [
      0.75454144734777,
      0.39799304423885,
      0.47105616492082
    ],
    [
      1.57820125230637,
      -1.34554476461971,
      -0.41859855290233
    ],
    [
      1.94236501665236,
      -1.10040349201164,
      1.39500529570867
    ],
    [
      0.05251002165555,
      0.97716367655302,
      -0.72353071567133
    ],
    [
      0.65437433049865,
      0.97072901902244,
      1.40332590861694
    ],
    [
      0.22387372231808,
      0.33519084800645,
      -1.60516857408504
    ],
    [
      0.492201798763,
      1.96328167196839,
      -0.96169748127056
    ]
  ],
  "energies": -6375.5445106959205,
  "forces": [
    [
      -0.001248626673591885,
      0.007399648566947275,
      -0.0054423089264900686
    ],
    [
      -0.0001144909752666197,
      -0.0005384124394778586,
      0.0005518426492722819
    ],
    [
      -0.0007918849207939458,
      -0.0019922875170697743,
      0.003950063216655906
    ],
    [
      0.0017952822761126159,
      -0.0018943192232903322,
      0.0003989244774896169
    ],
    [
      -0.0008028305705727583,
      0.003020604777431498,
      -0.002275808637556385
    ],
    [
      -0.000870976070900338,
      -0.00012870264621461712,
      0.0032543686202496824
    ],
    [
      -0.0011639037272756763,
      0.002342478324558468,
      0.0017446704665332801
    ],
    [
      -0.0004826584746115416,
      -0.0032998886681677862,
      0.0031772430786578235
    ],
    [
      -0.005157996266124733,
      -0.003281140799571402,
      -0.0005281494690617391
    ],
    [
      0.004267169066178585,
      -0.002213801389377396,
      0.0001358947936282272
    ],
    [
      -0.0043005763890831905,
      0.0017645286918243491,
      -0.000734554561038903
    ],
    [
      0.002455604712430708,
      -0.0012486569097673343,
      0.0005584674055976156
    ],
    [
      0.006313833465157993,
      -0.0012254753277022748,
      -0.004846990102200328
    ],
    [
      -0.0003522161684451865,
      -0.0011002155431455666,
      -0.00014065514006706133
    ],
    [
      -0.000201580673642735,
      0.0008141219823306873,
      0.0028296689344750963
    ],
    [
      0.0006558515961169768,
      0.0015815189434451398,
      -0.0026326773717877837
    ]
  ]
}