{
  "name": "system103",
  "subset": "react",
  "atomic_number": [
    6,
    6,
    1,
    1,
    6,
    1,
    6,
    1,
    1,
    6,
    1,
    1,
    6,
    1,
    1,
    1
  ],
  "charge": [
    0,
    0,
    0,
    0,
    0,
    0,
    0,
    0,
    0,
    0,
    0,
    0,
    0,
    0,
    0,
    0
  ],
  "positition": [
    [
      -3.04347311082097,
      1.22446328604673,
      -0.06938989830847
    ],
    [
      -2.43415631414004,
      0.04415491858594,
      -0.21080080988922
    ],
    [
      -2.81058999834088,
      1.88987620626786,
      0.76909403563432
    ],
    [
      -3.79812662772203,
      1.56928213266814,
      -0.78225714132432
    ],
    [
      -1.38556185061648,
      -0.5153479181713,
      0.70829007519665
    ],
    [
      -2.69506857144252,
      -0.58707157530605,
      -1.07190091032989
    ],
    [
      -0.02962150947334,
      -0.75994399156094,
      0.00808235868131
    ],
    [
      -1.74075833950023,
      -1.48146736625732,
      1.11197540339779
    ],
    [
      -1.23963772371405,
      0.15877473815881,
      1.56881575380254
    ],
    [
      0.63631539271109,
      0.50308803695813,
      -0.45854284023481
    ],
    [
      -0.20183104654269,
      -1.42409011850252,
      -0.86092054108344
    ],
    [
      0.64231637223266,
      -1.30561763836492,
      0.69122174371637
    ],
    [
      1.84762449278914,
      0.91871328368038,
      -0.07860619134922
    ],
    [
      0.0534616073878,
      1.12275110316835,
      -1.15208227676047
    ],
    [
      2.46045868735481,
      0.33573922882586,
      0.61836595835187
    ],
    [
      2.27651853983777,
      1.85341567380283,
      -0.45117471950101
    ]
  ],
  "energies": -6375.552864282308,
  "forces": [
    [
      0.000835112161584619,
      0.0030371459708628283,
      -0.0057408491472221304
    ],
    [
      -0.0005463769977612347,
      -0.0026042002938316796,
      0.0015754002316820436
    ],
    [
      0.000679065368396035,
      -0.0020707160938417055,
      0.0008983908203724202
    ],
    [
      0.00032303327119619817,
      0.001018781757928733,
      0.003082595416282817
    ],
    [
      0.0008193371055308697,
      -0.0021588062085330663,
      -0.0029800493758247787
    ],
    [
      -0.0018173076329991461,
      0.00195798658148327,
      0.0004691284545848956
    ],
    [
      0.0026057834764332613,
      -0.0024339047029626588,
      -0.0015341616364919605
    ],
    [
      0.0009800711744009523,
      0.00222255352804033,
      -0.0008875541853758394
    ],
    [
      -0.0009840840496725593,
      0.0021130034420900994,
      -0.00018198886608126186
    ],
    [
      -0.010994114614246793,
      -0.0008625778189031207,
      -0.0033805519965534026
    ],
    [
      0.0013424707119024022,
      0.00027931284136006006,
      0.0030581196436332237
    ],
    [
      0.00043014775093868843,
      0.001774706044498763,
      -0.0009914014098195347
    ],
    [
      0.006666366239270256,
      -0.0033474136624817474,
      0.0028217997641261728
    ],
    [
      0.0021888615839943787,
      -0.004041541119971322,
      0.0039001508500331353
    ],
    [
      -0.002441381625783816,
      0.0012934362742310667,
      -0.00041496070622211873
    ],
    [
      -8.698397460617726e-05,
      0.003822232997231546,
      0.0003059324514087221
    ]
  ]
}