{
  "name": "system103",
  "subset": "sp",
  "atomic_number": [
    6,
    6,
    1,
    1,
    6,
    1,
    6,
    1,
    1,
    6,
    1,
    1,
    6,
    1,
    1,
    1
  ],
  "charge": [
    0,
    0,
    0,
    0,
    0,
    0,
    0,
    0,
    0,
    0,
    0,
    0,
    0,
    0,
    0,
    0
  ],
  "positition": [
    [
      -1.0127892092921,
      1.0636900312237,
      -0.6391320124702
    ],
    [
      -1.37715220886746,
      -0.27250438589238,
      -0.42522016236649
    ],
    [
      -1.02491254781517,
      1.75384517561302,
      0.20960616471742
    ],
    [
      -1.25348677482987,
      1.53507222563429,
      -1.59764215019202
    ],
    [
      -1.05339930702211,
      -0.92812863866449,
      0.77023099778184
    ],
    [
      -1.5893818950056,
      -0.89126337472273,
      -1.30600670789163
    ],
    [
      1.01279549862121,
      -1.06368223071141,
      0.63914306747804
    ],
    [
      -1.32490213201356,
      -1.98174623148008,
      0.89081807087646
    ],
    [
      -1.06753517221954,
      -0.35624667419552,
      1.70267987427982
    ],
    [
      1.37714894735454,
      0.27251175202754,
      0.42521963753594
    ],
    [
      1.02494563315216,
      -1.7538501249689,
      -0.20958426124707
    ],
    [
      1.25347663034391,
      -1.53504722923863,
      1.59766715692013
    ],
    [
      1.05340231461384,
      0.92811561601584,
      -0.7702447463223
    ],
    [
      1.58934947867482,
      0.89128674721266,
      1.30600116617694
    ],
    [
      1.06753679469836,
      0.35621506267096,
      -1.70268266377669
    ],
    [
      1.32490394960657,
      1.98173227947613,
      -0.89085343150022
    ]
  ],
  "energies": -6374.14075024289,
  "forces": [
    [
      -0.0013390737187283378,
      0.0006689761531446143,
      0.0009664809391337432
    ],
    [
      -0.0010366441899518864,
      0.0065047766614699885,
      -7.363177208753014e-05
    ],
    [
      -0.0006279974965036736,
      -0.002845261956411345,
      -0.0007038213913112709
    ],
    [
      0.0023809478414357284,
      -0.0009960197285090648,
      0.00119188648490084
    ],
    [
      0.001828782570114521,
      0.005718531918682795,
      -0.0023315323148251858
    ],
    [
      0.002859903464418152,
      -0.0014979685745247953,
      -0.0015877029612334408
    ],
    [
      0.0013392075189469074,
      -0.0007255219664220575,
      -0.0009021837120410139
    ],
    [
      -0.0009360899832625984,
      -0.004496910520642751,
      0.004581295418289907
    ],
    [
      -0.0016850141324175336,
      -0.0030316236008117803,
      -0.0003376491195915267
    ],
    [
      0.0010438882736532578,
      -0.0064811672992288035,
      2.7826126008805974e-05
    ],
    [
      0.0006207882769637895,
      0.0028342549086844268,
      0.0006946187439185572
    ],
    [
      -0.0023846537783888725,
      0.0010132596449880208,
      -0.0012329482910242659
    ],
    [
      -0.0018351176145138671,
      -0.005678487395312621,
      0.0023392238219323114
    ],
    [
      -0.002835282115896626,
      0.0015043764325711412,
      0.0015993549959478755
    ],
    [
      0.0016780492191183964,
      0.003038355160770461,
      0.0003437762131515588
    ],
    [
      0.0009283058135905755,
      0.004470430161551769,
      -0.004574993284013499
    ]
  ]
}