{
  "name": "system104",
  "subset": "prod",
  "atomic_number": [
    6,
    1,
    1,
    6,
    1,
    6,
    1,
    6,
    1,
    6,
    1
  ],
  "charge": [
    0,
    0,
    0,
    0,
    0,
    0,
    0,
    0,
    0,
    0,
    0
  ],
  "positition": [
    [
      0.08292660227278,
      -1.15468543569123,
      -0.14690685108579
    ],
    [
      0.10232033903568,
      -2.24005462727565,
      -0.25601623727719
    ],
    [
      -1.65549111799022,
      -0.66337314980324,
      1.06660099964445
    ],
    [
      1.13910051452298,
      -0.31277481514773,
      -0.22471543252927
    ],
    [
      2.17709129971653,
      -0.59598873050607,
      -0.4105584558599
    ],
    [
      0.67609331179553,
      1.06680767804541,
      -0.01654612754015
    ],
    [
      1.32389801501697,
      1.94572958359407,
      -0.02818866859385
    ],
    [
      -1.1623631460479,
      -0.35488444577997,
      0.12403866226048
    ],
    [
      -1.92440571078393,
      -0.49095798495519,
      -0.66803568814227
    ],
    [
      -0.66129509854929,
      1.0623980163711,
      0.18821127578007
    ],
    [
      -1.29785500898915,
      1.9289228911485,
      0.37215852334343
    ]
  ],
  "energies": -5274.8370527594,
  "forces": [
    [
      3.901824175518327e-05,
      -0.005639877444770136,
      0.0025373553604249523
    ],
    [
      -0.0006135584371750021,
      0.00518584959440703,
      -0.002352557563928873
    ],
    [
      0.001065973280137613,
      0.0015165785291372427,
      -0.0011132663095069293
    ],
    [
      0.004860579360448263,
      -0.0009612469954570058,
      0.0011721503870191106
    ],
    [
      -0.0003661347336107681,
      7.399805147141564e-05,
      -0.0019800157950248323
    ],
    [
      -0.0021039082153955376,
      0.0012251902951843923,
      0.000773505594152399
    ],
    [
      -0.0016774594594309356,
      -0.0014645310668668077,
      -0.00035136086520327046
    ],
    [
      -0.004127584019327676,
      -0.004505467821093479,
      0.004669320689754667
    ],
    [
      0.002334501836355527,
      0.0015178798159670346,
      -0.0009098574271129264
    ],
    [
      -0.0002580868405064515,
      0.0004396225753325121,
      -0.002269965136696357
    ],
    [
      0.0008466582668408472,
      0.002612004878064337,
      -0.0001753088310338059
    ]
  ]
}