{
  "name": "system104",
  "subset": "react",
  "atomic_number": [
    6,
    1,
    1,
    6,
    1,
    6,
    1,
    6,
    1,
    6,
    1
  ],
  "charge": [
    0,
    0,
    0,
    0,
    0,
    0,
    0,
    0,
    0,
    0,
    0
  ],
  "positition": [
    [
      2.166143389e-05,
      -1.21603754708863,
      6.68128373e-05
    ],
    [
      0.00011378115219,
      -1.8858313646189,
      -0.88203506618889
    ],
    [
      -4.576825514e-05,
      -1.88573042315354,
      0.8822453924905
    ],
    [
      1.18122678125941,
      -0.28386306889557,
      0.00012094241305
    ],
    [
      2.22138827086327,
      -0.61272803478175,
      0.0002321041474
    ],
    [
      0.73494190304361,
      0.99330521323618,
      8.98616546e-06
    ],
    [
      1.35404983091254,
      1.89275186403684,
      1.275956625e-05
    ],
    [
      -1.18121663880842,
      -0.28390488948998,
      -9.164912985e-05
    ],
    [
      -2.22136645864193,
      -0.61280667354972,
      -0.00016678231383
    ],
    [
      -0.73497714808075,
      0.993279385062,
      -0.00012270632539
    ],
    [
      -1.35411621487868,
      1.89270453924309,
      -0.00022879366199
    ]
  ],
  "energies": -5274.836931850204,
  "forces": [
    [
      -3.361769058107263e-06,
      0.002032230636123647,
      -8.816313402662906e-07
    ],
    [
      -3.4141167224053725e-06,
      0.0009802718233067392,
      0.0018593781343906191
    ],
    [
      1.0537409988181292e-06,
      0.0009652274234042786,
      -0.0018561076395015974
    ],
    [
      0.004378030723372025,
      -0.004495472913913102,
      3.73272785009799e-06
    ],
    [
      -0.001594777352113414,
      -0.0008957619186144865,
      -7.144067780880476e-07
    ],
    [
      0.003748559470425539,
      0.0052672825054487235,
      -8.218069074132254e-06
    ],
    [
      -0.001031299534564703,
      -0.0018553539462642524,
      4.022696886421211e-06
    ],
    [
      -0.0043826345410386365,
      -0.004499272336184216,
      6.221658741411435e-06
    ],
    [
      0.001587971075891251,
      -0.0009058775133863245,
      8.989605768757828e-07
    ],
    [
      -0.003732960226419172,
      0.005264332575725944,
      -7.748842711931618e-06
    ],
    [
      0.0010328324778067373,
      -0.0018576060785366142,
      -5.835890394098648e-07
    ]
  ]
}