{
  "name": "system104",
  "subset": "sp",
  "atomic_number": [
    6,
    1,
    1,
    6,
    1,
    6,
    1,
    6,
    1,
    6,
    1
  ],
  "charge": [
    0,
    0,
    0,
    0,
    0,
    0,
    0,
    0,
    0,
    0,
    0
  ],
  "positition": [
    [
      0.11872954793916,
      -1.11010604911068,
      -0.25794622695822
    ],
    [
      0.11367330185558,
      -2.1608245865173,
      -0.54776122401583
    ],
    [
      -0.54025208014841,
      -1.02086288496832,
      0.87681918855627
    ],
    [
      1.2161018602427,
      -0.22344855080995,
      -0.19680880806856
    ],
    [
      2.26348588673867,
      -0.51474458498521,
      -0.26910873292073
    ],
    [
      0.72391087922123,
      1.07317799098308,
      0.02406559702541
    ],
    [
      1.34338404586034,
      1.96022278216218,
      0.16886225128106
    ],
    [
      -1.10772576498408,
      -0.28714948658626,
      -0.05605085878505
    ],
    [
      -2.1251008628638,
      -0.65877574721647,
      -0.17793106251347
    ],
    [
      -0.6772788181289,
      1.04712419118721,
      0.11458474098459
    ],
    [
      -1.32892799573249,
      1.89538692586171,
      0.32127513541453
    ]
  ],
  "energies": -5273.6854439912695,
  "forces": [
    [
      -0.0033496818898611086,
      -0.000506399117390009,
      0.0014948677724571722
    ],
    [
      0.0003573107068980417,
      -0.0008245825677506354,
      -0.00011507980935687281
    ],
    [
      0.0017123321569814188,
      -0.00032294904185030393,
      0.0009655521537579551
    ],
    [
      0.008026531027348157,
      0.00475233714335241,
      0.0029632746747867904
    ],
    [
      -0.0018803265075040064,
      0.0007648465294308989,
      -0.002704055211830604
    ],
    [
      0.00028164853449144385,
      -0.0053420430947530234,
      0.001940384293697528
    ],
    [
      -0.0017372410577021144,
      0.0006581321133703725,
      -0.0021520667809981206
    ],
    [
      -0.004784590143694968,
      0.007035560431606706,
      -0.0011096092235175212
    ],
    [
      -0.0005222000387435047,
      -0.0005850390902797494,
      -0.002872572679041703
    ],
    [
      0.0017500084884738087,
      -0.006762904228253575,
      0.002490985151471642
    ],
    [
      0.0001462089804231687,
      0.001133040819672775,
      -0.0009016798272055943
    ]
  ]
}