{
  "name": "system105",
  "subset": "prod",
  "atomic_number": [
    1,
    6,
    6,
    6,
    6,
    6,
    1,
    6,
    1,
    1,
    1,
    6,
    1,
    1,
    1,
    6,
    6,
    1,
    1,
    6,
    1,
    1
  ],
  "charge": [
    0,
    0,
    0,
    0,
    0,
    0,
    0,
    0,
    0,
    0,
    0,
    0,
    0,
    0,
    0,
    0,
    0,
    0,
    0,
    0,
    0,
    0
  ],
  "positition": [
    [
      -1.91199457638858,
      -0.05794113269695,
      1.88765362451422
    ],
    [
      -1.91715975521094,
      -0.04621373620495,
      0.7852445871901
    ],
    [
      -1.09522003209042,
      1.11572205080519,
      0.17981610269107
    ],
    [
      -1.03895556692527,
      0.67799217839836,
      -1.27432585203827
    ],
    [
      -1.00121758049782,
      -0.6638341381438,
      -1.29153179652762
    ],
    [
      -1.02415685076894,
      -1.14027011794051,
      0.15368164453413
    ],
    [
      -2.95418982959295,
      -0.07442206180819,
      0.41886134383276
    ],
    [
      0.35763244984453,
      -0.77053218753125,
      0.79796346673482
    ],
    [
      -1.45250197153575,
      2.13777359637431,
      0.36677665013137
    ],
    [
      -0.93161933482758,
      1.349825730826,
      -2.1278276637992
    ],
    [
      -0.86663384955375,
      -1.30594587717582,
      -2.16383763599718
    ],
    [
      1.63693848265769,
      -1.15974676760964,
      0.01569194145089
    ],
    [
      -1.32381356201551,
      -2.18588854769264,
      0.3119361738925
    ],
    [
      2.34083756081338,
      -1.74002493844809,
      0.6389181369278
    ],
    [
      0.38715318982416,
      -1.17586014829563,
      1.81994302835422
    ],
    [
      0.31156022982431,
      0.80005688618615,
      0.81987584843792
    ],
    [
      1.53376792308183,
      1.21349966174715,
      0.04822665968073
    ],
    [
      0.32140964504189,
      1.20600885516021,
      1.84630652594261
    ],
    [
      1.79635450394633,
      2.2600336602764,
      -0.13111768698829
    ],
    [
      2.23595952500406,
      0.1639487406932,
      -0.39571939693181
    ],
    [
      1.41587854412741,
      -1.79296675593824,
      -0.86241107538894
    ],
    [
      3.15026985524189,
      0.23403204901877,
      -0.99253961664384
    ]
  ],
  "energies": -10550.724169301153,
  "forces": [
    [
      0.0008497875567336384,
      -0.0001225565779118287,
      -0.000148824563865726
    ],
    [
      0.001825901186007173,
      0.0012670428184334685,
      -0.001943010624352107
    ],
    [
      -3.355289877653862e-07,
      0.0007194887695565328,
      -0.0017536944736649214
    ],
    [
      0.005962294576758455,
      -0.0017751937313830487,
      0.001638131194033264
    ],
    [
      0.008520944740762783,
      0.0016185291020583727,
      0.0027120247580544885
    ],
    [
      -0.002792472885089331,
      -0.005479881796783472,
      0.00019429164705472645
    ],
    [
      -0.0018319000329318816,
      -0.00042912995396476655,
      -0.0015182267092316267
    ],
    [
      0.00022233266588190352,
      -0.0069128275788488906,
      0.0008777848668037885
    ],
    [
      -0.0019633687749794296,
      -0.0012291953543018014,
      0.0018115888306518128
    ],
    [
      -0.002575886275250319,
      -0.0019764098739921796,
      -0.0005150853329629328
    ],
    [
      0.0002942622647046046,
      0.001814765531690461,
      -0.0019980271967763464
    ],
    [
      7.242314782263549e-05,
      0.0037327474419055523,
      -0.0023808687542965436
    ],
    [
      -0.0027873420940791776,
      0.003011366803078693,
      0.002385551453414071
    ],
    [
      -0.0032300990500891227,
      0.001961460604913836,
      -0.0038862169610915606
    ],
    [
      -0.0026520315579772317,
      -0.0007671554830873957,
      0.0036777014046368694
    ],
    [
      -0.001762919283968551,
      0.009107432904893143,
      0.0021558992162363073
    ],
    [
      -0.0009763484224318699,
      0.0015457559756471193,
      0.0016537945613572928
    ],
    [
      0.0014727635341197252,
      0.00111623053456436,
      0.00358408717154418
    ],
    [
      0.0006660779025992607,
      -0.0032449872811738294,
      -0.0030675218600683157
    ],
    [
      -0.003941887519365057,
      -0.0038627364625505047,
      0.0017166369039058312
    ],
    [
      0.003550634340110199,
      -0.0006104366034819389,
      -0.002738669359227756
    ],
    [
      0.0010771689954286866,
      0.0005156901078939841,
      -0.0024573455036679217
    ]
  ]
}