{
  "name": "system105",
  "subset": "react",
  "atomic_number": [
    1,
    6,
    6,
    6,
    6,
    6,
    1,
    6,
    1,
    1,
    1,
    6,
    1,
    1,
    1,
    6,
    6,
    1,
    1,
    6,
    1,
    1
  ],
  "charge": [
    0,
    0,
    0,
    0,
    0,
    0,
    0,
    0,
    0,
    0,
    0,
    0,
    0,
    0,
    0,
    0,
    0,
    0,
    0,
    0,
    0,
    0
  ],
  "positition": [
    [
      -0.89129373478522,
      0.18429892581495,
      1.0590773846509
    ],
    [
      -1.74831523104626,
      0.194870731148,
      0.35869201159228
    ],
    [
      -1.45924748630547,
      1.00521681590413,
      -0.87363797993077
    ],
    [
      -1.58606189770574,
      0.21457798166085,
      -1.96498694994946
    ],
    [
      -1.95348151873574,
      -1.14242551346498,
      -1.53709233089128
    ],
    [
      -2.05204300775591,
      -1.17314718484759,
      -0.18653509338001
    ],
    [
      -2.59937486632669,
      0.60817154942345,
      0.93453479849996
    ],
    [
      1.60850617518187,
      -0.86062264592998,
      1.54825702156993
    ],
    [
      -1.1837774136961,
      2.05986559735942,
      -0.85804258618594
    ],
    [
      -1.43643166219305,
      0.51749631086712,
      -3.00324095788694
    ],
    [
      -2.1185934903712,
      -1.98229444179388,
      -2.21521235381609
    ],
    [
      1.63679925151692,
      -0.77999818521823,
      0.04735033540609
    ],
    [
      -2.31076787339368,
      -2.03489053732597,
      0.43018124174966
    ],
    [
      2.43823054335304,
      -1.40916098705573,
      -0.38619069813023
    ],
    [
      1.46004928397293,
      -1.78394171363875,
      2.10997265349411
    ],
    [
      1.79363908375903,
      0.37942995242934,
      2.06089797220865
    ],
    [
      1.95445387005896,
      1.33964900336139,
      0.9600937191735
    ],
    [
      1.82059845154235,
      0.64096366722873,
      3.12081786545188
    ],
    [
      2.11305561420092,
      2.41186448965061,
      1.09130140176121
    ],
    [
      1.86274891253606,
      0.68173518630873,
      -0.21939778010227
    ],
    [
      0.69523819371688,
      -1.14222864005625,
      -0.40792670326074
    ],
    [
      1.92636780267611,
      1.11581663817466,
      -1.21732796192437
    ]
  ],
  "energies": -10549.895602445295,
  "forces": [
    [
      -0.0017583610776754498,
      0.002643701645907178,
      0.003557227934662876
    ],
    [
      0.004161417322636059,
      -0.0007477856131674849,
      -0.004105369326390119
    ],
    [
      -0.0019247691088503632,
      0.001789003333188466,
      -0.0010425765481438469
    ],
    [
      -0.0023877695442780186,
      0.0008308030437845038,
      -0.005253294366226368
    ],
    [
      -0.0028288327602421378,
      -0.0007304666609714111,
      -0.0005464289340489961
    ],
    [
      -0.0022425745041737403,
      0.000653555652243454,
      0.00040850723680226346
    ],
    [
      0.00261008652642946,
      -0.0021109582322157094,
      0.00042762328739901547
    ],
    [
      -0.0067791643486661895,
      0.003024637193088599,
      0.007197622629625601
    ],
    [
      -0.00015408139036231875,
      0.0003737703449309665,
      0.0002725167467071809
    ],
    [
      0.001774383422449837,
      -0.000871559711361815,
      0.0024792275986755376
    ],
    [
      0.0014870777920915682,
      -0.0012814351351031548,
      0.00238919614668531
    ],
    [
      -0.004303236504035848,
      0.00604060097469898,
      -0.007817426996757682
    ],
    [
      0.00010430308106845241,
      -0.001528871488495893,
      0.000583896029150395
    ],
    [
      0.005299972541939483,
      -0.0016783468500427162,
      -0.0008676931832931476
    ],
    [
      0.0019196208857594653,
      0.00047596995492301574,
      -0.0010903100075177932
    ],
    [
      0.0006706605343742301,
      -0.004742904227943265,
      0.004983552868480061
    ],
    [
      -0.004283975340365767,
      -0.0035557776781047234,
      -0.00141957028535038
    ],
    [
      0.004027161041753603,
      0.0008342951163606184,
      -0.0023474955756444863
    ],
    [
      1.9197863105492953e-05,
      -0.001188530115159777,
      6.469317700932607e-05
    ],
    [
      0.006023532396547569,
      0.006435805682699405,
      0.0034470409349896627
    ],
    [
      -0.0039129935112889825,
      -0.004154088341101922,
      0.0005613309462476831
    ],
    [
      0.0024783443732511916,
      -0.000511418631046979,
      -0.0018822697474193556
    ]
  ]
}