{
  "name": "system105",
  "subset": "sp",
  "atomic_number": [
    1,
    6,
    6,
    6,
    6,
    6,
    1,
    6,
    1,
    1,
    1,
    6,
    1,
    1,
    1,
    6,
    6,
    1,
    1,
    6,
    1,
    1
  ],
  "charge": [
    0,
    0,
    0,
    0,
    0,
    0,
    0,
    0,
    0,
    0,
    0,
    0,
    0,
    0,
    0,
    0,
    0,
    0,
    0,
    0,
    0,
    0
  ],
  "positition": [
    [
      -1.73108796469351,
      0.0817000963527,
      1.88526383254369
    ],
    [
      -1.91711590635206,
      0.0362629757452,
      0.80177361239034
    ],
    [
      -1.66401695341729,
      1.3133974271869,
      0.04964466925288
    ],
    [
      -1.17365538494818,
      1.00328257273758,
      -1.19418375368631
    ],
    [
      -0.83967875297808,
      -0.37967211349701,
      -1.25318837796864
    ],
    [
      -1.03705911496341,
      -0.94213948995407,
      0.03589786366514
    ],
    [
      -2.97702492181778,
      -0.26326633745481,
      0.66778244358683
    ],
    [
      0.66808584486771,
      -0.72586996095538,
      0.99687912974995
    ],
    [
      -1.98011605889885,
      2.30067949748801,
      0.38908565408668
    ],
    [
      -0.99362958177124,
      1.71889734925875,
      -1.99903106966973
    ],
    [
      -0.48530213085304,
      -0.90950307020248,
      -2.13591429713615
    ],
    [
      1.64348231215205,
      -1.27183549638611,
      -0.03664747867489
    ],
    [
      -1.17419306169343,
      -2.02005783754963,
      0.16496426053879
    ],
    [
      2.56471494713222,
      -1.60072424482473,
      0.48690534202998
    ],
    [
      0.43767777228025,
      -1.30816133998595,
      1.89397104472232
    ],
    [
      0.90564950933192,
      0.67225548271104,
      1.07245172962187
    ],
    [
      1.63144390870741,
      1.06620232610418,
      -0.08728094072689
    ],
    [
      0.5803718628427,
      1.33546468226295,
      1.87240780012293
    ],
    [
      1.83966235228145,
      2.10137196749127,
      -0.36539497664448
    ],
    [
      1.94469210464468,
      -0.03750480302123,
      -0.84070328415484
    ],
    [
      1.27723368879104,
      -2.13394432067744,
      -0.61367579057926
    ],
    [
      2.47986552935548,
      -0.03683536282972,
      -1.79100741307022
    ]
  ],
  "energies": -10549.23847979653,
  "forces": [
    [
      -0.0006931924500436686,
      -0.0009644810321004604,
      -0.002329903160895625
    ],
    [
      -0.006529767117589089,
      -0.004662321580780914,
      0.0006171305739095765
    ],
    [
      -0.001326832747079516,
      0.007144743209731709,
      -0.0009470286910623539
    ],
    [
      0.004837131052121204,
      -0.00356194374959161,
      0.00498656872129285
    ],
    [
      -0.003021049424045629,
      0.004007801044870574,
      0.0029214334129704068
    ],
    [
      0.005868145708434226,
      -0.006892204501731918,
      -0.00116046806470716
    ],
    [
      0.0003688226164796546,
      -9.084890859076488e-06,
      -0.0006841417034371402
    ],
    [
      -0.0042987125962614964,
      0.006020375287316483,
      0.00039667393930133496
    ],
    [
      -0.0012184611006407977,
      0.0005602831702086476,
      -0.001182570760382594
    ],
    [
      -0.003275609996301351,
      -0.0009117510447335333,
      -0.0008376299402555702
    ],
    [
      -0.0026648400749805312,
      0.00027813321914100446,
      -0.0021492031375039185
    ],
    [
      0.005378754748266796,
      -0.0059432361702989114,
      -0.005566527362766127
    ],
    [
      0.0003539233296505233,
      0.003958074106221731,
      0.003170167350804107
    ],
    [
      0.0006458696472975069,
      -0.001715551332647484,
      0.0017440906827268351
    ],
    [
      0.0006995488860229241,
      -0.0011247082336552322,
      0.002996115789310663
    ],
    [
      0.0011962059385364403,
      0.00068998340452482,
      -0.003947091226866345
    ],
    [
      -0.003393451839147855,
      0.0009491633239114138,
      0.0024090117430827607
    ],
    [
      0.0033837266921314347,
      0.000597285666933884,
      -0.00012102702852622232
    ],
    [
      0.0024310308264771066,
      0.00010247435809651363,
      0.00035014087666154883
    ],
    [
      0.0014530380806058838,
      0.002643728231115864,
      0.004451972673368245
    ],
    [
      -0.0016818429335400636,
      -0.00039351415612275906,
      9.714811180934875e-06
    ],
    [
      0.0014875623936518288,
      -0.0007732492037258859,
      -0.005127428932563468
    ]
  ]
}