{
  "name": "system106",
  "subset": "prod",
  "atomic_number": [
    6,
    6,
    6,
    6,
    6,
    6,
    1,
    1,
    1,
    1,
    1,
    1,
    1,
    1,
    6,
    1,
    1
  ],
  "charge": [
    0,
    0,
    0,
    0,
    0,
    0,
    0,
    0,
    0,
    0,
    0,
    0,
    0,
    0,
    0,
    0,
    0
  ],
  "positition": [
    [
      1.1894879476132,
      -0.77902008340434,
      -0.51469737173688
    ],
    [
      -0.08622748241589,
      -1.12689982220386,
      0.32364464976525
    ],
    [
      -1.27602867479992,
      -0.67155585509938,
      -0.50901377108258
    ],
    [
      -1.27601347654515,
      0.67158715664281,
      -0.50901124172697
    ],
    [
      -0.08620203839753,
      1.12690046781746,
      0.32364943687766
    ],
    [
      1.18950378947261,
      0.77899579447276,
      -0.51469604595797
    ],
    [
      -0.11770011014044,
      -2.16201722109584,
      0.69055162447768
    ],
    [
      2.09080552001429,
      1.18065568997406,
      -0.02513944513645
    ],
    [
      1.14190239168776,
      -1.20848491295008,
      -1.52596036070968
    ],
    [
      -1.92203002079978,
      1.33298425356802,
      -1.0906405354352
    ],
    [
      -0.11764931915887,
      2.16201689843447,
      0.69056131948635
    ],
    [
      1.1419221731425,
      1.20846162420377,
      -1.52595871119277
    ],
    [
      2.09077961394775,
      -1.18069801421398,
      -0.02513707002677
    ],
    [
      -1.92206133309113,
      -1.33293613821556,
      -1.09064422628168
    ],
    [
      -0.04125460929224,
      -2.44566957e-06,
      1.38068860544037
    ],
    [
      -0.91902969818267,
      5.89528956e-06,
      2.04411223856102
    ],
    [
      0.8815363269455,
      -1.42775503e-05,
      1.98433790467864
    ]
  ],
  "energies": -7411.577714428854,
  "forces": [
    [
      0.006475957781033934,
      -0.007671504797202676,
      -0.0023914601574551698
    ],
    [
      -0.006842881740530406,
      0.0037169484745906045,
      0.0028427929258599957
    ],
    [
      -0.0004888821388135695,
      0.005014592822259954,
      0.00018129698216855943
    ],
    [
      -0.0004687305506297494,
      -0.005030909146991898,
      0.00017155214050044374
    ],
    [
      -0.00683401652474194,
      -0.0036856356753227288,
      0.002849545928820653
    ],
    [
      0.006482213326917558,
      0.007657907157157806,
      -0.0024104799973643956
    ],
    [
      -0.0006785807154137071,
      -0.0009762339569105265,
      0.0028648402399691734
    ],
    [
      0.000666561167185777,
      -0.00497455004724006,
      0.0013979282285519425
    ],
    [
      0.001967353368114137,
      -0.0013776966276317297,
      -0.00436074555547403
    ],
    [
      0.0006054820358957041,
      -0.00075835300222078,
      0.001582853448930272
    ],
    [
      -0.0006843715086549675,
      0.0009850211140011492,
      0.0028716209594239926
    ],
    [
      0.001963824117383516,
      0.0013737893732859265,
      -0.004358873637965735
    ],
    [
      0.0006776551182060786,
      0.0049708556802520116,
      0.0013977327218528644
    ],
    [
      0.0006247445879615968,
      0.0007634990141627927,
      0.0015898851080724927
    ],
    [
      -0.005436558602415608,
      -4.8241612240934416e-06,
      -0.010526280813045035
    ],
    [
      0.0017703464816508317,
      -9.958911733413387e-07,
      0.0035672310179519205
    ],
    [
      0.00019988472244802382,
      -1.910329792411356e-06,
      0.0027305606134682583
    ]
  ]
}