{
  "name": "system106",
  "subset": "react",
  "atomic_number": [
    6,
    6,
    6,
    6,
    6,
    6,
    1,
    1,
    1,
    1,
    1,
    1,
    1,
    1,
    6,
    1,
    1
  ],
  "charge": [
    0,
    0,
    0,
    0,
    0,
    0,
    0,
    0,
    0,
    0,
    0,
    0,
    0,
    0,
    0,
    0,
    0
  ],
  "positition": [
    [
      2.43176237518189,
      -0.48150137329159,
      -0.30142385752301
    ],
    [
      -1.21077219732457,
      -1.24884255861429,
      0.42249731303666
    ],
    [
      -1.42141214467009,
      -0.85257058615784,
      -0.85463108623019
    ],
    [
      -1.23791659461533,
      0.60302523641937,
      -0.94621315229967
    ],
    [
      -0.91784136687364,
      1.08887710668765,
      0.27594966324986
    ],
    [
      2.70762932192707,
      0.79145839624384,
      -0.01365533459764
    ],
    [
      -1.27155135280621,
      -2.26726683764835,
      0.8083658815859
    ],
    [
      3.6969025322069,
      1.10464042469324,
      0.33688089235735
    ],
    [
      1.43992822452192,
      -0.78709012819808,
      -0.64819230544724
    ],
    [
      -1.34652260438616,
      1.18450803142226,
      -1.86382084940078
    ],
    [
      -0.72209704756108,
      2.13069606849509,
      0.53358863567897
    ],
    [
      1.94881932561198,
      1.57271881413941,
      -0.12121211332226
    ],
    [
      3.18571362494291,
      -1.26944030044318,
      -0.19847078596428
    ],
    [
      -1.68569444973804,
      -1.49723344999696,
      -1.69516275462904
    ],
    [
      -0.86585740705727,
      -0.04764988976134,
      1.25908059478653
    ],
    [
      -1.57120996448209,
      0.09297108675876,
      2.10057754970609
    ],
    [
      0.13846972512185,
      -0.14244104074798,
      1.71456370901275
    ]
  ],
  "energies": -7410.466726424658,
  "forces": [
    [
      0.001291691163540217,
      0.0017483032813070214,
      0.002109885310785867
    ],
    [
      -0.003133593199897734,
      -0.0035611202251871555,
      -0.0035499183906700987
    ],
    [
      -0.0021064753078288284,
      -0.0018531394035229338,
      -9.060640212236616e-05
    ],
    [
      -0.0016256616512962249,
      0.004397170685229975,
      0.0027002431911530528
    ],
    [
      -0.003811270892391265,
      0.007309259474480432,
      -0.00411362894449446
    ],
    [
      0.0028362968789685896,
      0.0015827020623647575,
      -0.003354711430821161
    ],
    [
      0.0026114843839012475,
      -0.0012399265226387796,
      0.0020081835178253206
    ],
    [
      -0.00044581548913841994,
      -0.0020494913785397743,
      0.00035834552457617046
    ],
    [
      0.0009423261430269293,
      -0.00010408582283499513,
      -0.0011551283972604845
    ],
    [
      0.001981840404231404,
      -0.0011087836422303836,
      0.0005999264471893157
    ],
    [
      -0.0021944410839619647,
      -0.0023758470294906885,
      0.00169718609565232
    ],
    [
      0.0019485003413905525,
      -0.003906193148604535,
      -0.00016890349266874725
    ],
    [
      -0.0012695888278192527,
      0.0015445916257819897,
      0.0011200627641142782
    ],
    [
      0.00041481600452532617,
      -0.0018282585278288019,
      -0.0012537207492461365
    ],
    [
      0.001494208438712938,
      0.00041322906811284683,
      -0.00043975781536896
    ],
    [
      -0.0017992647095205054,
      0.0004210675909097842,
      0.002129342546797764
    ],
    [
      0.0028649477120893927,
      0.0006105221698015775,
      0.0014032004302465954
    ]
  ]
}