{
  "name": "system106",
  "subset": "sp",
  "atomic_number": [
    6,
    6,
    6,
    6,
    6,
    6,
    1,
    1,
    1,
    1,
    1,
    1,
    1,
    1,
    6,
    1,
    1
  ],
  "charge": [
    0,
    0,
    0,
    0,
    0,
    0,
    0,
    0,
    0,
    0,
    0,
    0,
    0,
    0,
    0,
    0,
    0
  ],
  "positition": [
    [
      1.51073699894829,
      -0.70776355151362,
      -0.26372834481198
    ],
    [
      -0.62094544472753,
      -1.15852240797689,
      0.24598199604843
    ],
    [
      -1.24173882644677,
      -0.65732458224394,
      -0.90730268118818
    ],
    [
      -1.22226579378092,
      0.74821071145754,
      -0.86198917870966
    ],
    [
      -0.58904319991255,
      1.1565676009017,
      0.32082092547635
    ],
    [
      1.52980842216128,
      0.68217964894462,
      -0.21794828187008
    ],
    [
      -0.60420757513788,
      -2.21354842256955,
      0.52823793346236
    ],
    [
      1.92176205750488,
      1.19642740008894,
      0.66287387160249
    ],
    [
      1.51685978540766,
      -1.22818363484564,
      -1.22260386168095
    ],
    [
      -1.5261232002996,
      1.41023636009014,
      -1.67512946941585
    ],
    [
      -0.54324043445596,
      2.1902154433256,
      0.6706807473291
    ],
    [
      1.55170585385637,
      1.26421930799351,
      -1.14047237654856
    ],
    [
      1.88772827504988,
      -1.28962599137031,
      0.58069430379859
    ],
    [
      -1.56322925325319,
      -1.25705261272638,
      -1.76105266815463
    ],
    [
      -0.60822005802279,
      -0.03226184426529,
      1.2511988762616
    ],
    [
      -1.58408361827095,
      -0.0359202347298,
      1.77967102901842
    ],
    [
      0.18449601137979,
      -0.06785319056062,
      2.01006717938256
    ]
  ],
  "energies": -7409.727092352642,
  "forces": [
    [
      -0.0032090980207790344,
      0.001984140461870294,
      -0.0010994006576483836
    ],
    [
      0.0005418517015910711,
      -0.006591277885710321,
      -0.0006408522419452873
    ],
    [
      -0.0014366729563322716,
      0.00526013370683767,
      -0.00023707460118573798
    ],
    [
      -0.0030487517771389484,
      -0.005513033243482235,
      0.0020999444481980016
    ],
    [
      0.003103136629468981,
      0.004045043425538788,
      -0.00048722423994850537
    ],
    [
      -0.0021969316603594243,
      -0.002157346336048367,
      0.0010962521873245678
    ],
    [
      -0.0021324284364659303,
      0.002997109880711656,
      0.001188835870770697
    ],
    [
      0.0016679453999999222,
      -0.0005631076815097935,
      0.0011856334072764363
    ],
    [
      0.001696220954875099,
      -0.00020225949635039643,
      -0.0013276077804747035
    ],
    [
      0.0010357125763624084,
      0.0013959937303879984,
      -0.0015984639029472648
    ],
    [
      -0.003482802051593267,
      -0.001276156094273579,
      0.001009579419068422
    ],
    [
      0.0011152936245019715,
      -0.0003914948115481159,
      -0.0018518038181743923
    ],
    [
      0.0028387888951839284,
      -0.00035944364281888767,
      0.002976022359484722
    ],
    [
      0.001872766075245894,
      0.0002170866380193998,
      -0.0013485012862425054
    ],
    [
      0.00212680255379383,
      -0.0016659688385850984,
      0.004248230987356033
    ],
    [
      -0.001021408448537782,
      3.888994369779252e-05,
      -0.0015240045441119803
    ],
    [
      0.0005295756086704265,
      0.002781690448951464,
      -0.003689564938313247
    ]
  ]
}