{
  "name": "system107",
  "subset": "prod",
  "atomic_number": [
    6,
    1,
    1,
    6,
    1,
    1,
    6,
    9,
    9
  ],
  "charge": [
    0,
    0,
    0,
    0,
    0,
    0,
    0,
    0,
    0
  ],
  "positition": [
    [
      -1.07975483777743,
      9.05620026e-06,
      0.77254165025051
    ],
    [
      -1.3618816419366,
      0.92642094764808,
      1.27965305119271
    ],
    [
      -1.36189070898468,
      -0.92639417692472,
      1.27966336929002
    ],
    [
      -1.07975270774525,
      2.33931569e-06,
      -0.77254283842738
    ],
    [
      -1.36188774781618,
      -0.9264060605609,
      -1.27965563974819
    ],
    [
      -1.36187901402247,
      0.92640862102155,
      -1.2796642602323
    ],
    [
      0.18155483184795,
      -5.6912341e-07,
      5.353364e-08
    ],
    [
      0.95756534349427,
      -1.10155349600781,
      4.54304589e-06
    ],
    [
      0.9575764829404,
      1.10154433843124,
      -4.92890491e-06
    ]
  ],
  "energies": -8598.50761226269,
  "forces": [
    [
      0.0015216707021750119,
      1.4756796281223592e-05,
      3.614091999113543e-05
    ],
    [
      -0.0033531368871268503,
      0.003377708253399165,
      0.0018804322312739442
    ],
    [
      -0.0033498531253445193,
      -0.0033757571973296176,
      0.0018702667056749612
    ],
    [
      0.0014948457123903902,
      -1.1589814013255072e-05,
      -4.876071800821282e-05
    ],
    [
      -0.003354418530727014,
      -0.003373128346993751,
      -0.0018798516761364926
    ],
    [
      -0.003357758393984541,
      0.00338066939313257,
      -0.0018789430482110037
    ],
    [
      0.008786257872935395,
      1.0068235048047748e-05,
      2.9244243775027248e-06
    ],
    [
      0.0008144885188249083,
      -0.00965743526122839,
      2.4216708275590953e-06
    ],
    [
      0.0007978974459885001,
      0.009634707993126075,
      1.536949021060667e-05
    ]
  ]
}