{
  "name": "system107",
  "subset": "sp",
  "atomic_number": [
    6,
    1,
    1,
    6,
    1,
    1,
    6,
    9,
    9
  ],
  "charge": [
    0,
    0,
    0,
    0,
    0,
    0,
    0,
    0,
    0
  ],
  "positition": [
    [
      -0.57278942544397,
      -6.96267193e-06,
      0.64769278529283
    ],
    [
      -0.67060849178478,
      0.91772144022705,
      1.23450551117855
    ],
    [
      -0.67061179454838,
      -0.91775161769606,
      1.23447975980137
    ],
    [
      -0.93791081550729,
      1.164348964e-05,
      -0.68152247576562
    ],
    [
      -0.99527000489361,
      -0.93217388177343,
      -1.24952330391848
    ],
    [
      -0.9952668785801,
      0.93221265351941,
      -1.24949815422559
    ],
    [
      1.32228334575966,
      -9.03384244e-06,
      0.46561973450466
    ],
    [
      1.76008372977824,
      -1.05742540350201,
      -0.20089004375507
    ],
    [
      1.76009033522024,
      1.05742116224976,
      -0.20086381311266
    ]
  ],
  "energies": -8595.788736225884,
  "forces": [
    [
      -0.002610724211483449,
      -8.604403064183036e-06,
      0.000851042820813384
    ],
    [
      -0.0032345755981396844,
      0.0014159802537364581,
      -0.0002754623569763249
    ],
    [
      -0.003235808647886447,
      -0.001412441849877895,
      -0.00028022938828388075
    ],
    [
      -0.006522658736722771,
      1.96422011872218e-06,
      -0.0015378551807269355
    ],
    [
      -0.004175498895754318,
      -0.0007979544216388364,
      0.00024468172468076826
    ],
    [
      -0.004167035543420164,
      0.0007984940962329509,
      0.0002450511408107463
    ],
    [
      0.006831910276873915,
      5.839747049130435e-06,
      0.00421015952870012
    ],
    [
      0.008559199159133404,
      0.009813110118605708,
      -0.001727359330491404
    ],
    [
      0.00855518854643275,
      -0.009816387761162056,
      -0.0017300250504493745
    ]
  ]
}