{
  "name": "system107",
  "subset": "react",
  "atomic_number": [
    6,
    1,
    1,
    6,
    1,
    1,
    6,
    9,
    9
  ],
  "charge": [
    0,
    0,
    0,
    0,
    0,
    0,
    0,
    0,
    0
  ],
  "positition": [
    [
      -1.89813118289482,
      -1.092913559e-05,
      0.67283724924393
    ],
    [
      -1.81927900990935,
      0.93008829790452,
      1.24395384192263
    ],
    [
      -1.81928862688787,
      -0.93013595094994,
      1.2439135205899
    ],
    [
      -2.08256815554012,
      1.714239596e-05,
      -0.64903672857735
    ],
    [
      -2.15946120446719,
      -0.93143891532983,
      -1.21930657836398
    ],
    [
      -2.15945182434704,
      0.93149707318612,
      -1.21926876809717
    ],
    [
      1.14145573095093,
      7.70337433e-06,
      0.58027956769003
    ],
    [
      1.29359293029581,
      -1.03134258717932,
      -0.19856865440786
    ],
    [
      1.29360134279964,
      1.03132816573377,
      -0.19860645000014
    ]
  ],
  "energies": -8596.169464472032,
  "forces": [
    [
      -0.0016553396916292274,
      -1.1040369226393286e-05,
      0.003593620308562084
    ],
    [
      -0.0011592077098427724,
      -0.0001196216634326395,
      0.001139404968962094
    ],
    [
      -0.001156694353469591,
      0.00012997652508264958,
      0.001140388724527602
    ],
    [
      -0.000516722663001161,
      -9.717742238759032e-07,
      -0.0039052171577711576
    ],
    [
      0.0012514833751070297,
      -0.0006105592965340168,
      6.103552537718018e-05
    ],
    [
      0.0012491567322594538,
      0.0006147784771387908,
      6.081420480042275e-05
    ],
    [
      0.005286750025874038,
      -5.730372312428982e-06,
      0.013927193737017384
    ],
    [
      -0.001651531527606708,
      0.016096932071325617,
      -0.008002504426454598
    ],
    [
      -0.001647894341957264,
      -0.01609376364923977,
      -0.008014729045886087
    ]
  ]
}