{
  "name": "system108",
  "subset": "prod",
  "atomic_number": [
    6,
    6,
    1,
    6,
    6,
    6,
    1,
    1,
    1,
    1,
    1,
    1,
    1,
    1,
    1
  ],
  "charge": [
    0,
    0,
    0,
    0,
    0,
    0,
    0,
    0,
    0,
    0,
    0,
    0,
    0,
    0,
    0
  ],
  "positition": [
    [
      2.7008182963674,
      -1.96830925576518,
      -0.20162893261748
    ],
    [
      -0.75835216391326,
      0.28360425659086,
      -0.29027632094113
    ],
    [
      -0.45740966632907,
      0.25011397192872,
      -1.34565830051207
    ],
    [
      -1.19517857733601,
      -1.02066579175378,
      0.3049132101308
    ],
    [
      -0.70249604755197,
      1.45387688830685,
      0.35285524095935
    ],
    [
      2.47997358326462,
      -0.66062327225807,
      -0.06137867259549
    ],
    [
      -0.38534656133367,
      -1.7676057540102,
      0.23642249744965
    ],
    [
      -1.47886570846925,
      -0.91169758019061,
      1.36354315150772
    ],
    [
      -2.0590448488662,
      -1.43736093750949,
      -0.24282813759323
    ],
    [
      -0.98868238280091,
      1.54229419037047,
      1.40685521493082
    ],
    [
      -0.36948275718286,
      2.36733802307408,
      -0.14834314055572
    ],
    [
      2.17044224931267,
      -0.22353489633539,
      0.89240363447682
    ],
    [
      2.5859089331336,
      0.03580390362494,
      -0.89908176329579
    ],
    [
      3.00068620421546,
      -2.40316650273688,
      -1.1608678730185
    ],
    [
      2.59096328748939,
      -2.66324639333628,
      0.63738372167425
    ]
  ],
  "energies": -5339.543208639319,
  "forces": [
    [
      -0.0007204927854164744,
      -0.0020408332394154815,
      -0.0023846168059226346
    ],
    [
      -0.0037124328971911216,
      -0.00012571394425325128,
      0.002931169307198849
    ],
    [
      0.002183272468100247,
      9.367979622823002e-05,
      -0.0016693131241403948
    ],
    [
      -0.002874863017909913,
      0.005663390236369325,
      -0.002458088552537379
    ],
    [
      -0.0023358837015644493,
      -0.007385898614739681,
      -0.0032809690498673194
    ],
    [
      0.00115457458159792,
      0.0012356448128004237,
      0.0001378906897402771
    ],
    [
      -2.4780705507439344e-05,
      0.005394380834592184,
      -0.0033808995583048673
    ],
    [
      -0.0005596003880018202,
      0.001026889320980688,
      0.0010471546033548453
    ],
    [
      0.004420113720325801,
      -0.0012812111405789085,
      0.0028423198942648304
    ],
    [
      -1.203806017208279e-05,
      -0.0015179897049244068,
      0.0024915879209420765
    ],
    [
      -0.00031233547578076164,
      0.0006871802333815167,
      0.0017868822757651176
    ],
    [
      0.0012274058149449854,
      -0.002617050514131389,
      -0.0007023488175760008
    ],
    [
      0.0013131225441297852,
      -0.0011961403239788327,
      -0.0022027355148057258
    ],
    [
      0.0001621980036980815,
      0.0015564920290804714,
      0.002566910142063139
    ],
    [
      9.174036154584544e-05,
      0.00050718062996565,
      0.0022750568469355223
    ]
  ]
}