{
  "name": "system108",
  "subset": "sp",
  "atomic_number": [
    6,
    6,
    1,
    6,
    6,
    6,
    1,
    1,
    1,
    1,
    1,
    1,
    1,
    1,
    1
  ],
  "charge": [
    0,
    0,
    0,
    0,
    0,
    0,
    0,
    0,
    0,
    0,
    0,
    0,
    0,
    0,
    0
  ],
  "positition": [
    [
      1.30047989041982,
      -0.94453233815154,
      -0.01071605313797
    ],
    [
      -1.31937243705972,
      0.48162999029155,
      -0.40678423754219
    ],
    [
      -1.54384570664642,
      0.70000227914721,
      -1.45839518969227
    ],
    [
      -1.43235996458703,
      -0.85718148441463,
      0.03710711693923
    ],
    [
      -0.48967363244856,
      1.35579772941373,
      0.28374816014839
    ],
    [
      1.41275155552464,
      0.45859236749443,
      -0.03944633037234
    ],
    [
      -0.143203179426,
      -1.16968404530371,
      -0.05406815816555
    ],
    [
      -1.52480984082682,
      -1.02647072202605,
      1.11895761834664
    ],
    [
      -2.01296181869137,
      -1.5671459997341,
      -0.56331619913007
    ],
    [
      -0.42084846465176,
      1.25962071040598,
      1.37191898333089
    ],
    [
      -0.32069775574895,
      2.36836517614917,
      -0.09445008465202
    ],
    [
      1.82655710542133,
      0.976991464456,
      0.82876487490015
    ],
    [
      1.61974180319342,
      0.95071220807328,
      -0.99316483962775
    ],
    [
      1.48983096394197,
      -1.50821339096176,
      -0.93097633687215
    ],
    [
      1.55841148158546,
      -1.47848394483957,
      0.91082067552698
    ]
  ],
  "energies": -5338.260019122203,
  "forces": [
    [
      0.000970502761845024,
      0.004647168834583094,
      0.0002825115510434234
    ],
    [
      0.002170560573161011,
      -0.003725619057855134,
      0.0005786672791024337
    ],
    [
      -0.00088951578296914,
      0.0035258420132155974,
      -0.0016764881994277307
    ],
    [
      0.0033862120234780515,
      -0.0015680455905364276,
      0.008414153808666426
    ],
    [
      -0.002999464959962333,
      0.0029510512894849136,
      -0.0022848952767657426
    ],
    [
      -0.0031879494101363973,
      -0.0022012400068285335,
      0.000981566219579541
    ],
    [
      -0.0018995940989324734,
      0.0009298901788997003,
      0.003517188296389074
    ],
    [
      -0.0012866585372561387,
      -0.002714258789759234,
      -0.0055093504464592815
    ],
    [
      -0.005729571773688518,
      -0.0007166485231028571,
      -0.00158425254053167
    ],
    [
      -0.002013402343414333,
      0.0019061720097546882,
      -0.001839059990131493
    ],
    [
      0.00323321815841263,
      -0.0012550973179821486,
      0.0013113549105735498
    ],
    [
      0.00025965259102728953,
      0.001130607373191852,
      0.0014020260530783828
    ],
    [
      0.0002069483661159748,
      -0.0007192157698023494,
      -0.002294814542085429
    ],
    [
      0.0035540521077993678,
      -0.0012949302909683136,
      -0.00488360297392322
    ],
    [
      0.004225011095850991,
      -0.0008956760951845124,
      0.003584996210846205
    ]
  ]
}