{
  "name": "system108",
  "subset": "react",
  "atomic_number": [
    6,
    6,
    1,
    6,
    6,
    6,
    1,
    1,
    1,
    1,
    1,
    1,
    1,
    1,
    1
  ],
  "charge": [
    0,
    0,
    0,
    0,
    0,
    0,
    0,
    0,
    0,
    0,
    0,
    0,
    0,
    0,
    0
  ],
  "positition": [
    [
      1.65788534505849,
      -0.95347013552937,
      0.02752125379759
    ],
    [
      -1.1900630525978,
      0.25635686139538,
      -0.394469249585
    ],
    [
      -1.24605701730822,
      0.50269681056588,
      -1.46422169049154
    ],
    [
      -2.08276580403917,
      -0.59642496468711,
      0.11616288308804
    ],
    [
      -0.07082373782042,
      0.91339736671193,
      0.3628979803805
    ],
    [
      1.32544445341439,
      0.52619243116269,
      -0.15896031381864
    ],
    [
      0.93179963922077,
      -1.59568068022208,
      -0.49589541135305
    ],
    [
      -2.06177334048525,
      -0.87809447639228,
      1.17481277853433
    ],
    [
      -2.86862464744222,
      -1.04281534099196,
      -0.49998258695429
    ],
    [
      -0.14919749341314,
      0.6619841433982,
      1.43550839579259
    ],
    [
      -0.18177106852826,
      2.0109758136195,
      0.28642327444183
    ],
    [
      2.07949664076685,
      1.14604123593008,
      0.35645921059742
    ],
    [
      1.39565384195976,
      0.79146187327532,
      -1.22991770197663
    ],
    [
      2.66200775967131,
      -1.19213194112269,
      -0.35823142742078
    ],
    [
      1.63393948154293,
      -1.23331199711349,
      1.09453460496766
    ]
  ],
  "energies": -5340.66680173261,
  "forces": [
    [
      0.010914768256421431,
      0.0006332027466669745,
      -0.0019465291278707062
    ],
    [
      0.002623772561007658,
      0.0007141630889121058,
      6.96043957930037e-06
    ],
    [
      -0.0013316650844122768,
      -0.0006458515981519581,
      0.0009011639096064755
    ],
    [
      0.003050111428014888,
      0.004701509926734033,
      0.0006183927799683794
    ],
    [
      -0.0018284632904999561,
      -0.0030934875871118546,
      0.002134976502734398
    ],
    [
      -0.004178107074419214,
      -0.0009546298495976016,
      -0.0028242720856898164
    ],
    [
      -0.004385286325616426,
      -0.0009266531597763546,
      0.002958798178158296
    ],
    [
      -0.0017542838219758454,
      0.004172376187886114,
      -0.00024919786772298965
    ],
    [
      -0.0017547992253542934,
      -0.0007123833197480372,
      0.0002217258340681688
    ],
    [
      -0.0023919590543500817,
      -0.003336258056403004,
      -0.0035550127748567523
    ],
    [
      -0.0023881621517602546,
      -0.0017949646934262652,
      -0.00017363771669749945
    ],
    [
      0.00164743966804005,
      0.00040615565425214866,
      0.0006595321305689779
    ],
    [
      0.00372932247512699,
      0.00014363607729629653,
      0.001791096057052847
    ],
    [
      0.0007505356653154838,
      0.0020390775357788113,
      -0.0008257681549294735
    ],
    [
      -0.002703223151363013,
      -0.0013458927476231394,
      0.00028177230740693065
    ]
  ]
}