{
  "name": "system10",
  "subset": "prod",
  "atomic_number": [
    7,
    5,
    5,
    7,
    1,
    1,
    1,
    1,
    1,
    1,
    1,
    1,
    1,
    1
  ],
  "charge": [
    0,
    0,
    0,
    0,
    0,
    0,
    0,
    0,
    0,
    0,
    0,
    0,
    0,
    0
  ],
  "positition": [
    [
      1.49626432106562,
      -0.61953441384001,
      -0.06748557966534
    ],
    [
      2.06562325159618,
      0.64654824816227,
      -0.10135725855565
    ],
    [
      -2.29955081726072,
      -0.29475938083921,
      1.13666020550193
    ],
    [
      -1.55356336937964,
      0.38025039028148,
      0.17272345866125
    ],
    [
      0.5135540967675,
      -0.77217292449252,
      0.14309969146687
    ],
    [
      2.02171508639773,
      -1.4715966899724,
      -0.22945591548689
    ],
    [
      0.01550218024819,
      -0.67219131178575,
      -2.45019775830007
    ],
    [
      3.24105709359577,
      0.77352598212531,
      -0.34536568037218
    ],
    [
      -0.3949731890036,
      -0.84992780534613,
      -3.06692727415236
    ],
    [
      1.36297121320344,
      1.61022696154329,
      0.1118731994731
    ],
    [
      -3.0929446936626,
      -1.13432028230483,
      0.78342327346155
    ],
    [
      -2.12288301560387,
      -0.03380229828381,
      2.30210955153303
    ],
    [
      -0.8954755831181,
      1.1223163745398,
      0.39231676525796
    ],
    [
      -1.67284657484591,
      0.23927415021255,
      -0.82517567882323
    ]
  ],
  "energies": -4490.806049109501,
  "forces": [
    [
      -0.006831948689158032,
      0.0020560801908402117,
      -0.00903702097695855
    ],
    [
      -0.0017519504942595477,
      -0.002289122376368848,
      0.0035086078045860883
    ],
    [
      0.004260558708032037,
      -0.0012351865907605803,
      -0.00464706604187098
    ],
    [
      -0.005377509305801865,
      0.0035108192105813146,
      0.010152368594630966
    ],
    [
      -0.0023690255837587335,
      0.0019865895920816792,
      0.00531198879915512
    ],
    [
      0.0031220091965780596,
      0.0007579128293264854,
      -0.001378170173447566
    ],
    [
      0.027155100017800932,
      -0.022662576725078203,
      -0.011961459546951792
    ],
    [
      0.000437709057371941,
      0.0031221335351362847,
      0.0010214745258939934
    ],
    [
      -0.019326023094633566,
      0.01617146444949617,
      0.01032820393620971
    ],
    [
      0.0012440061951755372,
      -0.000787067958659245,
      0.0009293483445787678
    ],
    [
      0.00018246966240855787,
      0.0006040595986758472,
      0.0012128534728025136
    ],
    [
      -0.003208819621707807,
      -0.001260228263258504,
      0.0007098295970521898
    ],
    [
      0.00015203211814462892,
      0.001128786363529977,
      -0.0071232248744266926
    ],
    [
      0.002311390136879643,
      -0.0011036645754515261,
      0.0009722673614993011
    ]
  ]
}