{
  "name": "system10",
  "subset": "sp",
  "atomic_number": [
    7,
    5,
    5,
    7,
    1,
    1,
    1,
    1,
    1,
    1,
    1,
    1,
    1,
    1
  ],
  "charge": [
    0,
    0,
    0,
    0,
    0,
    0,
    0,
    0,
    0,
    0,
    0,
    0,
    0,
    0
  ],
  "positition": [
    [
      1.23520576104867,
      -0.68139009384895,
      0.63904762768958
    ],
    [
      1.80732946230705,
      0.57081707880701,
      -0.10788949149011
    ],
    [
      -2.45361071243863,
      -0.4434206054254,
      -0.44648228773589
    ],
    [
      -1.77060124770989,
      0.53066702558426,
      0.2772207791572
    ],
    [
      0.23354062627142,
      -0.70183078553303,
      0.81123348073269
    ],
    [
      1.77861786034765,
      -1.06380181931779,
      1.40541980642153
    ],
    [
      1.7064609716181,
      -0.69783332374913,
      -0.68487062253279
    ],
    [
      2.89857760730882,
      0.94232546358036,
      0.25600914128983
    ],
    [
      2.08425167637052,
      -0.04058638549445,
      -1.3284808414101
    ],
    [
      0.99046713882202,
      1.40990135694997,
      -0.4267479170282
    ],
    [
      -2.0659612637955,
      -0.72688785977862,
      -1.55456750494392
    ],
    [
      -3.40806194832856,
      -0.98989474371763,
      0.05331801540413
    ],
    [
      -2.05671971147207,
      0.84050693441976,
      1.1999084884457
    ],
    [
      -0.97949622034958,
      1.05142775752363,
      -0.09311867399965
    ]
  ],
  "energies": -4489.123914485438,
  "forces": [
    [
      -0.006985280140093903,
      0.01047623721730705,
      -0.0054881422376408875
    ],
    [
      0.010902672654956274,
      -0.007262497789330361,
      0.0008919317973693191
    ],
    [
      0.0015852339306820916,
      0.0007725186504187314,
      0.001374937679466124
    ],
    [
      -0.0021994981357279105,
      -0.00037924602374509635,
      -0.0032737876496657307
    ],
    [
      0.0007197245397341426,
      0.00015497520873248546,
      -0.004758576131330431
    ],
    [
      0.002590621679951633,
      -0.0028073455867097764,
      0.0003694123247450483
    ],
    [
      -0.002175147267279281,
      0.00013297417448368917,
      0.0032230417313354235
    ],
    [
      -0.00170098418094969,
      -0.0013461058406691623,
      -0.000603141097713477
    ],
    [
      0.002580522488819197,
      -0.0015659037071759077,
      0.00019278513475517664
    ],
    [
      -0.0030045024713427847,
      0.002028611139665282,
      0.0029002211418087116
    ],
    [
      0.001819450647645142,
      -0.0005172311758226187,
      0.0007221988153363352
    ],
    [
      0.00018566940053326304,
      -0.0018291718351623961,
      0.001634028535832517
    ],
    [
      -0.0034071719665565345,
      0.00020002839570347467,
      0.0030409584543389834
    ],
    [
      -0.0009113117974364465,
      0.0019421572237266734,
      -0.00022586875574744753
    ]
  ]
}