{
  "name": "system110",
  "subset": "react",
  "atomic_number": [
    6,
    8,
    1,
    1
  ],
  "charge": [
    0,
    0,
    0,
    0
  ],
  "positition": [
    [
      -0.00182139946952,
      0.08789344429113,
      1.360418989e-05
    ],
    [
      -0.00208174272561,
      -1.04244068716584,
      3.065283902e-05
    ],
    [
      0.01243898492254,
      3.89020854504924,
      -2.725507815e-05
    ],
    [
      0.0090741572726,
      3.12860669782546,
      -1.700195075e-05
    ]
  ],
  "energies": -3111.392860413379,
  "forces": [
    [
      7.406803690472579e-05,
      0.005338108329601327,
      -5.946962059014086e-07
    ],
    [
      -4.087740659083959e-05,
      -0.001321554786113349,
      8.08920537400351e-07
    ],
    [
      -9.596848959029313e-06,
      -0.0067798565411112946,
      -1.7946301414577746e-08
    ],
    [
      -2.3593781354856873e-05,
      0.0027633114308423194,
      -1.9627803008436465e-07
    ]
  ]
}