{
  "name": "system110",
  "subset": "prod",
  "atomic_number": [
    6,
    8,
    1,
    1
  ],
  "charge": [
    0,
    0,
    0,
    0
  ],
  "positition": [
    [
      1.12187133e-06,
      0.52271860601234,
      -1.425043e-08
    ],
    [
      3.87634996e-06,
      -0.6770834521769,
      4.58378e-09
    ],
    [
      -0.94509038353639,
      1.12634697889763,
      4.83331e-09
    ],
    [
      0.94509038531513,
      1.12635086726693,
      4.83332e-09
    ]
  ],
  "energies": -3111.844383644816,
  "forces": [
    [
      7.2473747136652515e-06,
      -0.0007358927174907986,
      1.0742069815201407e-07
    ],
    [
      -1.371117996900576e-06,
      -0.0044725965218162245,
      -1.2413286995642028e-07
    ],
    [
      0.0006234948774650968,
      0.002604135142072676,
      2.967053271120733e-07
    ],
    [
      -0.0006293711341818616,
      0.0026043587252203857,
      -2.799931553076671e-07
    ]
  ]
}