{
  "name": "system110",
  "subset": "sp",
  "atomic_number": [
    6,
    8,
    1,
    1
  ],
  "charge": [
    0,
    0,
    0,
    0
  ],
  "positition": [
    [
      -0.28744639740834,
      -0.38854428157716,
      -0.00023990101061
    ],
    [
      0.40858461447372,
      -1.32120785723089,
      0.00039875587463
    ],
    [
      0.5594255543863,
      1.06546612916508,
      0.00045703716087
    ],
    [
      -0.68056377145169,
      0.64428600964295,
      -0.00061589202488
    ]
  ],
  "energies": -3108.1858006522552,
  "forces": [
    [
      0.0011104385586155566,
      -0.006096787296305394,
      -3.901340808087676e-06
    ],
    [
      -0.0018875510508198831,
      0.0033849319739619687,
      2.686185940672528e-06
    ],
    [
      0.0011222990069679089,
      0.001623062934291673,
      1.8945432178145784e-06
    ],
    [
      -0.000345190319996547,
      0.0010888006670045532,
      -6.793883503994302e-07
    ]
  ]
}