{
  "name": "system111",
  "subset": "react",
  "atomic_number": [
    6,
    1,
    1,
    6,
    1,
    1,
    9,
    1
  ],
  "charge": [
    0,
    0,
    0,
    0,
    0,
    0,
    0,
    0
  ],
  "positition": [
    [
      -1.13239063125868,
      0.66840504336711,
      2.4744138e-07
    ],
    [
      -1.13401781897039,
      1.24305245891866,
      0.93189144774455
    ],
    [
      -1.13401747814901,
      1.24305225393014,
      -0.93189096566432
    ],
    [
      -1.13239288849846,
      -0.66840488752909,
      3.6619639e-07
    ],
    [
      -1.13402099504342,
      -1.24305247181735,
      -0.93189080982344
    ],
    [
      -1.13402074469925,
      -1.24305277057012,
      0.93189129810283
    ],
    [
      1.8714964110567,
      1.24921764e-06,
      -2.44498685e-06
    ],
    [
      0.93851814556251,
      1.24483e-07,
      -1.3901055e-07
    ]
  ],
  "energies": -4865.490551049976,
  "forces": [
    [
      0.00183209358559241,
      -0.0007701383743551802,
      6.402047352764841e-07
    ],
    [
      -0.0004513559083350166,
      0.001763184107614067,
      0.0002249911867504814
    ],
    [
      -0.00045489523779078725,
      0.0017675098347418525,
      -0.00022820892259866826
    ],
    [
      0.0018473622371294523,
      0.0007659612055792191,
      6.202529732453776e-07
    ],
    [
      -0.00045632703382685464,
      -0.001763098849826831,
      -0.00023043210424725808
    ],
    [
      -0.000461443272392022,
      -0.0017664498202508492,
      0.00023170125228511823
    ],
    [
      0.009139776048119311,
      5.271276097445171e-06,
      -1.6996021614745662e-06
    ],
    [
      -0.010995214275151525,
      -2.239431021790432e-06,
      2.3877836853464685e-06
    ]
  ]
}