{
  "name": "system111",
  "subset": "sp",
  "atomic_number": [
    6,
    1,
    1,
    6,
    1,
    1,
    9,
    1
  ],
  "charge": [
    0,
    0,
    0,
    0,
    0,
    0,
    0,
    0
  ],
  "positition": [
    [
      -0.25713800211254,
      0.65854405733791,
      -5.6001e-08
    ],
    [
      -0.32719023081564,
      1.23702783225803,
      0.9244112555217
    ],
    [
      -0.32719198120942,
      1.23702890320577,
      -0.9244105604108
    ],
    [
      -0.37558863944055,
      -0.74388710314788,
      -1.1843001e-07
    ],
    [
      -0.64979265161836,
      -1.24928482165217,
      -0.9309573307877
    ],
    [
      -0.64979006048513,
      -1.24928440341863,
      0.93095811205164
    ],
    [
      1.63382861651795,
      0.59073266477906,
      -2.6111202e-07
    ],
    [
      0.95286294916369,
      -0.48087712936209,
      -1.04083181e-06
    ]
  ],
  "energies": -4863.578947688964,
  "forces": [
    [
      0.001061628475422937,
      -0.002496554212759608,
      3.85902044687221e-06
    ],
    [
      -0.00031164662577001757,
      0.003057724413625567,
      0.002680600989965831
    ],
    [
      -0.00030401821353921184,
      0.0030548859155221713,
      -0.0026816130790903057
    ],
    [
      0.0003208694820350978,
      -0.006475791327802762,
      4.21516968354088e-06
    ],
    [
      0.001442192292481361,
      0.0014622259698653427,
      -0.0016772013720762083
    ],
    [
      0.0014405497173922898,
      0.0014603179540659502,
      0.0016750270928134218
    ],
    [
      -0.001051901117257632,
      0.001246803967001796,
      -4.263712114874294e-06
    ],
    [
      -0.0025976786387508625,
      -0.001309616484751422,
      -6.240582062100732e-07
    ]
  ]
}