{
  "name": "system111",
  "subset": "prod",
  "atomic_number": [
    6,
    1,
    1,
    6,
    1,
    1,
    9,
    1
  ],
  "charge": [
    0,
    0,
    0,
    0,
    0,
    0,
    0,
    0
  ],
  "positition": [
    [
      -0.93094524760193,
      0.72716245510684,
      -7.5596056e-07
    ],
    [
      -1.42200034687263,
      1.15507625645076,
      0.89151084524779
    ],
    [
      -1.42197694201678,
      1.15507375659278,
      -0.89152660304276
    ],
    [
      -1.00188525672488,
      -0.8024011629225,
      1.117484e-08
    ],
    [
      -1.51296820068043,
      -1.19839454133962,
      -0.89062446970174
    ],
    [
      -1.51293559977617,
      -1.1983960057412,
      0.89064252982657
    ],
    [
      0.3852924177254,
      1.15704535065037,
      1.66517614e-05
    ],
    [
      0.0265731759474,
      -1.19516510879743,
      -1.920930554e-05
    ]
  ],
  "energies": -4866.187021628622,
  "forces": [
    [
      -0.004446367205256779,
      -0.0004119855282643977,
      -7.783655451351875e-06
    ],
    [
      -0.007235945645033722,
      -0.003177377753051534,
      0.0036496976153862657
    ],
    [
      -0.00721928746639976,
      -0.003178362742746652,
      -0.003649709236773428
    ],
    [
      -0.00588385936653987,
      -0.004521214440744127,
      4.2859778699244715e-06
    ],
    [
      -0.0006756868871661234,
      0.0007098112907963055,
      -0.0035949956945905527
    ],
    [
      -0.000665560390916062,
      0.000707346733964793,
      0.003601022412275624
    ],
    [
      0.025593635166300404,
      0.006823810632820291,
      4.9947796426996565e-06
    ],
    [
      0.00053306716702587,
      0.003047970830206045,
      -7.512249781248317e-06
    ]
  ]
}