{
  "name": "system112",
  "subset": "react",
  "atomic_number": [
    6,
    1,
    1,
    1,
    6,
    8,
    8,
    6,
    1,
    1,
    6,
    1,
    1,
    1,
    8,
    1,
    1,
    8,
    1,
    1
  ],
  "charge": [
    0,
    0,
    0,
    0,
    0,
    0,
    0,
    0,
    0,
    0,
    0,
    0,
    0,
    0,
    0,
    0,
    0,
    0,
    0,
    0
  ],
  "positition": [
    [
      -0.68432250105073,
      1.91791629735588,
      -0.48054172511861
    ],
    [
      -1.53612906758603,
      1.39200879526999,
      -0.00763334155213
    ],
    [
      -0.83315205610761,
      1.87569899655704,
      -1.56995655798047
    ],
    [
      -0.6565428967113,
      2.9589195501263,
      -0.13660638980533
    ],
    [
      0.59484149902475,
      1.23380963422406,
      -0.09758994569369
    ],
    [
      0.70898707632263,
      0.01842577412506,
      -0.72081968850994
    ],
    [
      1.42971320488056,
      1.64286476248071,
      0.66560441333084
    ],
    [
      1.86656486059245,
      -0.78531096223494,
      -0.39728962813732
    ],
    [
      2.01585446928416,
      -1.42458217904235,
      -1.27989464656442
    ],
    [
      2.73153579083829,
      -0.1163824461979,
      -0.28559024443314
    ],
    [
      1.63342670654854,
      -1.60957858984604,
      0.85636403010327
    ],
    [
      1.53094654670859,
      -0.95504723523695,
      1.73479002918539
    ],
    [
      2.48861812064091,
      -2.28281240010149,
      1.02769214998189
    ],
    [
      0.72168653835481,
      -2.21730885946548,
      0.75169516817969
    ],
    [
      -3.08424213083654,
      0.07891431952033,
      0.77541797877554
    ],
    [
      -2.80541919254909,
      0.00277073086586,
      1.6981742840524
    ],
    [
      -2.61283636975558,
      -0.66039391525464,
      0.33602125645008
    ],
    [
      -1.4604076989308,
      -1.73547363087178,
      -0.57123759539055
    ],
    [
      -1.80835617702838,
      -2.01909111355727,
      -1.4273671532164
    ],
    [
      -0.76193572263965,
      -1.08404750871642,
      -0.78198540365711
    ]
  ],
  "energies": -12517.27283926368,
  "forces": [
    [
      -0.005928577950120301,
      0.0006539343757675753,
      0.003360776663634484
    ],
    [
      0.0015864897604045754,
      -0.0013678063643578818,
      -0.0032015209791932523
    ],
    [
      -0.0001675933098213489,
      0.0024369478608930735,
      3.1782437006613375e-06
    ],
    [
      -0.003311129223501362,
      0.001911454444440692,
      -0.0008720906442045242
    ],
    [
      0.006106453925009465,
      0.00028414260758946635,
      -0.0007590913716821323
    ],
    [
      -0.009512454702565946,
      0.005939753148006605,
      -0.0003234414595647623
    ],
    [
      0.006583673641851048,
      0.0013077727979579597,
      -0.0015961383913851647
    ],
    [
      0.004191201858070006,
      -0.005214349503760923,
      -0.000585333275925574
    ],
    [
      -0.0016723980882113539,
      0.0038149777035195493,
      0.00048356458285574297
    ],
    [
      -0.0005813847296598973,
      8.172102888360074e-05,
      -0.001046091760650152
    ],
    [
      -0.0033539053384974505,
      -0.00603916197957352,
      0.008612830472492294
    ],
    [
      0.0015165180567863442,
      -0.00048030298398432793,
      -0.0016646113474359766
    ],
    [
      -4.603072046637921e-05,
      0.0016277747897212411,
      0.00199473947549485
    ],
    [
      -0.0001835254088679925,
      0.0023609707283255466,
      -0.002101208454029153
    ],
    [
      0.009484594072350123,
      -0.005012838301330826,
      0.013080918461732228
    ],
    [
      -0.0003753002028489754,
      0.0019987069450812154,
      0.0006798039949677227
    ],
    [
      -0.014211494621729354,
      0.002007936126260548,
      -0.020221356513162987
    ],
    [
      0.004784079573990827,
      0.002064481733849723,
      0.011969639409430076
    ],
    [
      -0.007516126799418672,
      0.0015893995809150244,
      -0.003260013786196942
    ],
    [
      0.012606908356052231,
      -0.009965520497475854,
      -0.0045545594401034195
    ]
  ]
}