{
  "name": "system112",
  "subset": "prod",
  "atomic_number": [
    6,
    1,
    1,
    1,
    6,
    8,
    8,
    6,
    1,
    1,
    6,
    1,
    1,
    1,
    8,
    1,
    1,
    8,
    1,
    1
  ],
  "charge": [
    0,
    0,
    0,
    0,
    0,
    0,
    0,
    0,
    0,
    0,
    0,
    0,
    0,
    0,
    0,
    0,
    0,
    0,
    0,
    0
  ],
  "positition": [
    [
      -0.59362983796967,
      2.09482551323932,
      0.42658340812862
    ],
    [
      -1.43563447085298,
      1.60952793130587,
      0.94622089828471
    ],
    [
      -1.00943511839187,
      2.6206696686246,
      -0.44639209391574
    ],
    [
      -0.10387242347304,
      2.80537324007282,
      1.10297243810319
    ],
    [
      0.39841969346684,
      1.04909415803316,
      -0.02197746531242
    ],
    [
      1.20958293000285,
      -1.93861689743216,
      -1.55620147722528
    ],
    [
      1.53249084457725,
      0.95601529136763,
      0.38483188281662
    ],
    [
      2.25738360894619,
      -2.46546696125699,
      -0.74454869786923
    ],
    [
      2.49205839604167,
      -3.49476230578345,
      -1.07643391644478
    ],
    [
      3.14479634810531,
      -1.84620204141558,
      -0.94842853233162
    ],
    [
      1.92313841148143,
      -2.44318414921422,
      0.7400060872573
    ],
    [
      1.81058080844863,
      -1.40694407085767,
      1.09181966369737
    ],
    [
      2.72667978385947,
      -2.92118282379958,
      1.32377590095782
    ],
    [
      0.98716210090805,
      -2.99216114439314,
      0.93836271614661
    ],
    [
      -0.1243547061002,
      0.20949915410849,
      -0.93193814727354
    ],
    [
      0.56716565342026,
      -0.47887801377582,
      -1.19841583943326
    ],
    [
      -1.2814001996416,
      -1.38907734173259,
      -0.62528680386988
    ],
    [
      -1.36190556780431,
      -2.35218763442974,
      -0.75863577530646
    ],
    [
      -1.99667911942588,
      -2.43749596262554,
      -1.48403611578522
    ],
    [
      0.37048932440153,
      -2.40494655003541,
      -1.34494898062478
    ]
  ],
  "energies": -12517.501882457434,
  "forces": [
    [
      -0.002487003489394759,
      0.004639300127032774,
      -0.004375186208886782
    ],
    [
      -0.0023200208166201095,
      -0.001121684564688245,
      -8.274293962288987e-05
    ],
    [
      -0.001649649325684995,
      0.0018803262503936707,
      -0.001964880532329823
    ],
    [
      -0.0003833261076583905,
      -0.0007711467096687575,
      0.0018435696025711939
    ],
    [
      0.008052618470424499,
      -0.0060753173491655075,
      -8.232097014034539e-05
    ],
    [
      0.005712920639877748,
      -0.0026936964935255626,
      -0.0026970927153686206
    ],
    [
      -0.00041493257835142027,
      0.00020713261138236003,
      -0.0014337231808756931
    ],
    [
      -0.004240751133477052,
      0.007286130085813469,
      -0.004926388190625183
    ],
    [
      0.0029936520038101565,
      -0.00037655994064855796,
      -0.0021305682431889328
    ],
    [
      0.00045814938046247417,
      -0.00016311743025765928,
      -0.002631327491104592
    ],
    [
      -0.012806391215045941,
      0.0004043922887274819,
      -0.0006283936521085386
    ],
    [
      -0.005501714835139084,
      0.002942656585610326,
      0.0017788333338696462
    ],
    [
      0.0041402671179093424,
      -5.9792294061133644e-05,
      -0.0011571468676599872
    ],
    [
      -0.0015333106012816128,
      0.0012491589434083386,
      4.278717074051296e-05
    ],
    [
      0.008474092141398097,
      -0.0021379211359842678,
      0.008519934040034122
    ],
    [
      0.005355391029240102,
      0.0005945577776968011,
      0.009348375679653693
    ],
    [
      -0.0053343213000483815,
      0.003702155271485882,
      -0.011511193015108088
    ],
    [
      0.005519127889717933,
      -0.010299628436417196,
      0.005930766473295671
    ],
    [
      -0.0042125506548198275,
      0.0003921581562135831,
      0.005695863888801768
    ],
    [
      0.00017774721403316938,
      0.0004008967194508052,
      0.0004608325325011884
    ]
  ]
}