{
  "name": "system112",
  "subset": "sp",
  "atomic_number": [
    6,
    1,
    1,
    1,
    6,
    8,
    8,
    6,
    1,
    1,
    6,
    1,
    1,
    1,
    8,
    1,
    1,
    8,
    1,
    1
  ],
  "charge": [
    0,
    0,
    0,
    0,
    0,
    0,
    0,
    0,
    0,
    0,
    0,
    0,
    0,
    0,
    0,
    0,
    0,
    0,
    0,
    0
  ],
  "positition": [
    [
      -0.9021720208816,
      2.12941124364268,
      -0.71915419924698
    ],
    [
      -1.52919892687632,
      2.85373156852426,
      -0.1802300039992
    ],
    [
      -1.53172125107839,
      1.53759012168649,
      -1.39645164980419
    ],
    [
      -0.14200470461957,
      2.66503543775837,
      -1.30491663063132
    ],
    [
      -0.2028015890457,
      1.25529548079583,
      0.29047992539358
    ],
    [
      0.45056046085316,
      0.04485737798215,
      -0.70242268375477
    ],
    [
      0.54752415686554,
      1.59989923129733,
      1.16338252680575
    ],
    [
      1.65692593403358,
      -0.51685817793046,
      -0.19294999825304
    ],
    [
      2.22974108685008,
      -0.88448524174366,
      -1.0612165248623
    ],
    [
      2.22746403305837,
      0.30098451840796,
      0.27427333384304
    ],
    [
      1.41769812664341,
      -1.6316734681801,
      0.81773124883347
    ],
    [
      0.9269428962453,
      -1.23731153900327,
      1.72064592147261
    ],
    [
      2.37720704742899,
      -2.07618424751203,
      1.12805076948858
    ],
    [
      0.78668060980337,
      -2.43071195819088,
      0.39773084772913
    ],
    [
      -1.50592840797917,
      0.33830765790211,
      0.90301839610982
    ],
    [
      -1.18995146681344,
      0.08537092655457,
      1.78433229301996
    ],
    [
      -1.64910065688519,
      -0.62509312897398,
      0.15612102352812
    ],
    [
      -1.44783808867043,
      -1.39377768692246,
      -0.73106832831293
    ],
    [
      -2.06721153712527,
      -1.23459368505402,
      -1.45650114095054
    ],
    [
      -0.45281570180669,
      -0.77979443104089,
      -0.89085512640875
    ]
  ],
  "energies": -12515.732253169757,
  "forces": [
    [
      0.00825447121822421,
      -0.0030813889003226728,
      0.005073111391719256
    ],
    [
      -0.0005526029759562818,
      -0.0012715760336019643,
      -0.0019154800723849372
    ],
    [
      -2.0998972427404128e-05,
      0.0014077460895553266,
      -0.00127718751809528
    ],
    [
      0.0008575746060414183,
      -0.0019416779186393232,
      -0.0017789891427329304
    ],
    [
      -0.0033140288624425277,
      0.0018076197155592996,
      0.001157113803270848
    ],
    [
      -0.005366579288331448,
      -0.0013207802155167652,
      0.010173318921782902
    ],
    [
      -0.007964733169826361,
      0.00014728961516307515,
      0.009491464986110618
    ],
    [
      -0.008055873075894792,
      0.002071589909027774,
      -0.002238895101007215
    ],
    [
      -0.0005805746778370209,
      -0.0032509520866901235,
      -0.003225153481364628
    ],
    [
      -0.0005826990262726628,
      0.000534756124819457,
      -0.00019286057092759838
    ],
    [
      0.005966858696589273,
      0.00032297943229195444,
      0.0018998247269033743
    ],
    [
      -0.0017840899546779703,
      0.008023087702891644,
      -0.0019045440899547377
    ],
    [
      1.3908435018364844e-05,
      -0.002750807332476196,
      -0.0024554324999280217
    ],
    [
      -0.0015637285537379803,
      -5.518497969396074e-05,
      -0.00406426710252196
    ],
    [
      -0.004225191124507875,
      0.0008984462533607436,
      0.0002914565738800138
    ],
    [
      0.0016299447495303923,
      0.0014512379483032475,
      -0.0031126896154047823
    ],
    [
      0.00613680456598001,
      0.0015530609430759262,
      -0.00401674683903817
    ],
    [
      0.01766733397524233,
      0.003320127211067056,
      0.0038300393812365527
    ],
    [
      -0.0046346951266586205,
      0.001956129164997895,
      -0.0018231060881284027
    ],
    [
      -0.0018811029807170726,
      -0.009821704751477145,
      -0.0039109792574989815
    ]
  ]
}