{
  "name": "system113",
  "subset": "react",
  "atomic_number": [
    6,
    1,
    1,
    8,
    1,
    1
  ],
  "charge": [
    0,
    0,
    0,
    0,
    0,
    0
  ],
  "positition": [
    [
      0.58882874859063,
      0.3859848894237,
      -9.20543e-07
    ],
    [
      0.09331541102301,
      1.39018478420362,
      -1.030275532e-05
    ],
    [
      1.70868403325802,
      0.40238667475471,
      9.09849709e-06
    ],
    [
      -0.03660113941198,
      -0.63978398471326,
      -1.31938284e-06
    ],
    [
      -2.29442381365327,
      0.20854232316009,
      -7.72808691e-06
    ],
    [
      -2.89264323980639,
      0.68220031317111,
      1.117227099e-05
    ]
  ],
  "energies": -3143.7002055250364,
  "forces": [
    [
      1.3959034332381877e-05,
      -0.0091625324211116,
      8.747922053432568e-07
    ],
    [
      -0.0028211598165012314,
      -0.0007159846127946518,
      -1.1338565793450982e-06
    ],
    [
      -0.0038391732773255666,
      0.0004003489201700903,
      -1.575057914981422e-07
    ],
    [
      0.0059527375284793545,
      0.009330396211005844,
      -8.112345304194226e-07
    ],
    [
      -0.001073918503723763,
      -0.001864954394767978,
      7.100359023853568e-06
    ],
    [
      0.0017675585828614544,
      0.002012733342321486,
      -5.872554327934161e-06
    ]
  ]
}