{
  "name": "system113",
  "subset": "prod",
  "atomic_number": [
    6,
    1,
    1,
    8,
    1,
    1
  ],
  "charge": [
    0,
    0,
    0,
    0,
    0,
    0
  ],
  "positition": [
    [
      0.40012901332868,
      0.51134544736701,
      0.19246009250838
    ],
    [
      -0.00535788685041,
      1.34674946153128,
      -0.41460800442619
    ],
    [
      1.49594607199525,
      0.52547964130171,
      0.08180801494115
    ],
    [
      -0.05390422316282,
      -0.75204945134913,
      -0.22946249531669
    ],
    [
      -1.0113126521511,
      -0.78338082808963,
      -0.11014660012777
    ],
    [
      0.17307309684039,
      0.72510035923873,
      1.25722499242112
    ]
  ],
  "energies": -3144.788238117943,
  "forces": [
    [
      0.0005927835106939111,
      -0.0033787691934873756,
      0.004437587144411416
    ],
    [
      0.0009115073555575915,
      0.004987637220424923,
      0.0009733979270663523
    ],
    [
      -0.004012023927864179,
      0.0027263669896308283,
      -0.005321457761433296
    ],
    [
      0.006336813369875924,
      -0.007026035779229872,
      0.008729395196880537
    ],
    [
      -0.0051356906075504935,
      0.003197185841827189,
      -0.006546388272334746
    ],
    [
      0.0013066081909824947,
      -0.0005063818395754665,
      -0.0022725336175254598
    ]
  ]
}