{
  "name": "system113",
  "subset": "sp",
  "atomic_number": [
    6,
    1,
    1,
    8,
    1,
    1
  ],
  "charge": [
    0,
    0,
    0,
    0,
    0,
    0
  ],
  "positition": [
    [
      0.60620149277179,
      0.0736482099848,
      -0.01532329392804
    ],
    [
      0.15461794171877,
      1.00464656466133,
      -0.35666761670549
    ],
    [
      1.62876991853796,
      0.03300500782018,
      0.38446466569667
    ],
    [
      0.00869995947224,
      -1.05167756902183,
      -0.16340700566215
    ],
    [
      -0.96503215280754,
      -0.68508991856677,
      -0.23451023961574
    ],
    [
      -1.43325715969321,
      0.62546770512228,
      0.38544349021475
    ]
  ],
  "energies": -3140.408037849552,
  "forces": [
    [
      -0.003998006478063582,
      0.007522142821313788,
      0.0004498782952371716
    ],
    [
      -0.0010013614014163568,
      0.003321850415957325,
      -0.003221644028129837
    ],
    [
      0.004609884853462604,
      0.00013310072419079884,
      0.003914168762632335
    ],
    [
      -0.0050769255207015595,
      -0.010919776560067776,
      -0.0028330935412991883
    ],
    [
      0.002791724899701433,
      -0.001695995931909511,
      -0.0004688248587007934
    ],
    [
      0.00267468313279679,
      0.0016386832099234802,
      0.0021595156787927137
    ]
  ]
}