{
  "name": "system115",
  "subset": "prod",
  "atomic_number": [
    6,
    6,
    6,
    6,
    6,
    1,
    1,
    1,
    1,
    1,
    1,
    1,
    1,
    8
  ],
  "charge": [
    0,
    0,
    0,
    0,
    0,
    0,
    0,
    0,
    0,
    0,
    0,
    0,
    0,
    0
  ],
  "positition": [
    [
      -1.79586197233946,
      0.15680855187691,
      0.39317233870972
    ],
    [
      2.03719662144719,
      0.33092095851683,
      -0.19043405574241
    ],
    [
      -2.82222716628838,
      -0.24274566375711,
      -0.36257102621379
    ],
    [
      -0.38318467483267,
      -0.33705622035829,
      0.26828566022724
    ],
    [
      0.59758184988549,
      0.77659418708949,
      -0.10833684085683
    ],
    [
      -3.82875091299506,
      0.16198589148348,
      -0.22399684274364
    ],
    [
      -2.69374782346547,
      -0.99671916515867,
      -1.14713422174243
    ],
    [
      -0.05106604400139,
      -0.78129516174251,
      1.22353365245322
    ],
    [
      0.55789888318832,
      1.61647547413175,
      0.61333078390931
    ],
    [
      -0.32380600329342,
      -1.14462759600815,
      -0.47906274016532
    ],
    [
      0.33311154327552,
      1.23471993469396,
      -1.08060673607827
    ],
    [
      -1.97228104373728,
      0.91672040122398,
      1.16741514821464
    ],
    [
      2.75896865001033,
      1.13620668439944,
      -0.49590856142104
    ],
    [
      2.42506209314632,
      -0.7858062763911,
      0.04469044144956
    ]
  ],
  "energies": -7352.206833014868,
  "forces": [
    [
      0.0004405890016614105,
      0.0015721721085763044,
      0.0031100733120532856
    ],
    [
      2.2638719302785377e-05,
      -0.01102910691952533,
      0.0037011104779267365
    ],
    [
      0.00035286681186008233,
      -0.0011161297473128626,
      -0.00265368673147274
    ],
    [
      0.00016947818569055048,
      -0.0026098379521571446,
      0.0028961531420811835
    ],
    [
      -0.0033931279315472522,
      0.006592817205288674,
      -0.003555764668321749
    ],
    [
      -0.0015636052950431644,
      -0.0006837055414640787,
      0.003084706909201686
    ],
    [
      0.0016258868799500813,
      0.0017410038674614604,
      0.0010553119429677434
    ],
    [
      0.00024328808381848203,
      0.0021537220059156966,
      -0.005235299316692189
    ],
    [
      -0.000981743522866869,
      -0.0017891891725389307,
      -0.0033112745422629606
    ],
    [
      0.003721126620385841,
      0.0038036205229378117,
      0.002621010064719424
    ],
    [
      -0.0005318871334302779,
      -0.0008089831180560003,
      0.0015159084481809865
    ],
    [
      0.001979396261960526,
      -0.003018304976902943,
      -0.004123796218443725
    ],
    [
      0.0010531005883945845,
      0.0047455147720232484,
      0.0017037414836091488
    ],
    [
      -0.0031380094298635985,
      0.00044641306498007833,
      -0.0008081949720337044
    ]
  ]
}