{
  "name": "system115",
  "subset": "sp",
  "atomic_number": [
    6,
    6,
    6,
    6,
    6,
    1,
    1,
    1,
    1,
    1,
    1,
    1,
    1,
    8
  ],
  "charge": [
    0,
    0,
    0,
    0,
    0,
    0,
    0,
    0,
    0,
    0,
    0,
    0,
    0,
    0
  ],
  "positition": [
    [
      -1.42454747599125,
      -0.08142121622908,
      -0.4693037487134
    ],
    [
      2.16639138235621,
      -0.11979528283203,
      0.47632914738666
    ],
    [
      -2.35732663865895,
      0.55449356023676,
      0.29095841762446
    ],
    [
      -0.50849800429698,
      -1.02567574354142,
      0.05897934963137
    ],
    [
      1.65018430025491,
      0.60946915132263,
      -0.60359428982797
    ],
    [
      -3.07445159052126,
      1.25270819016768,
      -0.14784316498767
    ],
    [
      -2.41131381051921,
      0.38875266085115,
      1.37146918241966
    ],
    [
      -0.62056889095828,
      -1.36304252827459,
      1.08635392776714
    ],
    [
      0.70708995273529,
      1.13506616495993,
      -0.45942872592444
    ],
    [
      0.11427362433684,
      -1.62116734725839,
      -0.60570299289246
    ],
    [
      2.31769108863202,
      0.98258288362907,
      -1.38591579091549
    ],
    [
      -1.36061760978906,
      0.14134904250359,
      -1.54036831204147
    ],
    [
      3.27840791403771,
      -0.08378926172628,
      0.60318338129008
    ],
    [
      1.523285758382,
      -0.76953027380901,
      1.32488361918351
    ]
  ],
  "energies": -7348.701799343463,
  "forces": [
    [
      0.004098577705457076,
      -0.003523636057959483,
      0.0033923912075920467
    ],
    [
      0.00016970588260362712,
      0.00384736445265861,
      -0.005293432632024849
    ],
    [
      -0.0035278822351494793,
      0.0013253826447875642,
      -0.0011795592270234401
    ],
    [
      -0.0003460695859217271,
      0.005423449523430165,
      0.002519267031261071
    ],
    [
      0.0044717677009388605,
      0.0008393907346768823,
      -0.002238161976596706
    ],
    [
      0.0036761920641236296,
      -0.0025198546826437807,
      0.001755068882674116
    ],
    [
      0.0003488454005253384,
      -0.00033875680233872276,
      -0.0036868780324636353
    ],
    [
      -0.0025069980860077516,
      0.002213564950712914,
      0.0013995407731538327
    ],
    [
      0.00012340843587524958,
      0.002507965489355925,
      -0.0014299960066088409
    ],
    [
      0.0019074221830497919,
      0.0002942425186308419,
      -0.0022532646891232477
    ],
    [
      -0.000815149909451826,
      -0.0006772122199422283,
      0.0006509643914386305
    ],
    [
      -0.003297256732507894,
      -0.0006764549271601867,
      0.00010227602318374566
    ],
    [
      -0.0024496000033903506,
      0.00020779862999531593,
      0.0009229277852818505
    ],
    [
      -0.0018529597348205195,
      -0.008923240911769456,
      0.005338851532736986
    ]
  ]
}