{
  "name": "system116",
  "subset": "prod",
  "atomic_number": [
    6,
    6,
    1,
    1,
    1,
    6,
    6,
    1,
    1,
    1,
    1,
    1,
    1,
    9,
    17
  ],
  "charge": [
    0,
    0,
    0,
    0,
    0,
    0,
    0,
    0,
    0,
    0,
    0,
    0,
    0,
    0,
    0
  ],
  "positition": [
    [
      -0.0045434440214,
      -0.00690934513137,
      0.00284146075471
    ],
    [
      0.00346200198012,
      0.00611098541234,
      1.52106500082788
    ],
    [
      1.01937456195317,
      -0.00527236851795,
      -0.40649133994117
    ],
    [
      -0.53350500152467,
      -0.97209667004853,
      -0.21251691697469
    ],
    [
      -0.5545175331448,
      0.85725134398608,
      -0.40569979352399
    ],
    [
      -1.42090917466388,
      -0.00175942975756,
      2.05070565302556
    ],
    [
      0.76193275878358,
      -1.19961474853715,
      2.04985385927702
    ],
    [
      -1.44198133775259,
      0.00168327680252,
      3.15326886022531
    ],
    [
      -1.99362171833299,
      0.86484107487169,
      1.68083505943906
    ],
    [
      -1.81680681075167,
      -0.95889643519106,
      1.63228899392821
    ],
    [
      0.77522016494969,
      -1.21660594293413,
      3.15245675111347
    ],
    [
      0.16794539742308,
      -2.04769792778978,
      1.62894433773977
    ],
    [
      1.80110592904993,
      -1.21486050859014,
      1.68152328881431
    ],
    [
      -1.33807246753213,
      -2.45734880963082,
      0.52488688002674
    ],
    [
      0.87628773358459,
      1.59548998505589,
      2.12770102526781
    ]
  ],
  "energies": -19517.57758261146,
  "forces": [
    [
      0.3922629299094096,
      0.7104999953854438,
      0.4160119804015344
    ],
    [
      0.08997716185734504,
      0.21660814730332592,
      0.47096219588778376
    ],
    [
      -0.15278328388453247,
      -0.21576568960230158,
      -0.0928543378398327
    ],
    [
      0.026322617169350783,
      0.04278808898436499,
      -0.354607101577876
    ],
    [
      -0.10276953778231722,
      -0.2520722838317145,
      -0.08936317245182576
    ],
    [
      0.19749926725671937,
      0.08629258084861835,
      -0.08956056284406543
    ],
    [
      0.001031847848066089,
      0.2634665226516983,
      -0.07063485647938796
    ],
    [
      -0.07238071392149588,
      -0.14295612551430797,
      -0.13433744588452826
    ],
    [
      -0.031127425955605054,
      -0.16373412281840138,
      -0.013944030813022751
    ],
    [
      -0.33832330639415165,
      0.5821294227499499,
      0.49947957012969885
    ],
    [
      -0.09013911786879542,
      -0.14915852633163956,
      -0.13533295355209327
    ],
    [
      0.6417372032243522,
      0.015993460742192354,
      0.4776555794867917
    ],
    [
      -0.1202402116615167,
      -0.12600121630499975,
      -0.01892410960665018
    ],
    [
      -0.15443347792417414,
      -0.3172947826303879,
      -0.43432266922788326
    ],
    [
      -0.286633949918616,
      -0.550795470911932,
      -0.4302280853201108
    ]
  ]
}