{
  "name": "system116",
  "subset": "sp",
  "atomic_number": [
    6,
    6,
    1,
    1,
    1,
    6,
    6,
    1,
    1,
    1,
    1,
    1,
    1,
    9,
    17
  ],
  "charge": [
    0,
    0,
    0,
    0,
    0,
    0,
    0,
    0,
    0,
    0,
    0,
    0,
    0,
    0,
    0
  ],
  "positition": [
    [
      0.22942196527252,
      -0.39749135617138,
      -1.43674047151926
    ],
    [
      -0.02003093037272,
      0.0652577839535,
      -0.02076919706188
    ],
    [
      1.06510437251489,
      0.15901221666898,
      -1.88599613851402
    ],
    [
      0.47913084276299,
      -1.46431709586879,
      -1.35800968500177
    ],
    [
      -0.66072508958424,
      -0.22977377777564,
      -2.05935967929677
    ],
    [
      -1.3201661547851,
      -0.31336619156233,
      0.64553673976346
    ],
    [
      1.09209536898496,
      0.66406513552238,
      0.80786048490195
    ],
    [
      -1.54751201748737,
      0.37210200105792,
      1.47496488138903
    ],
    [
      -2.15306805012282,
      -0.26468184567316,
      -0.07079666582274
    ],
    [
      -1.16782194516127,
      -1.33758393892109,
      1.01375041187948
    ],
    [
      0.68864185576334,
      1.38951248296309,
      1.52844811340467
    ],
    [
      1.57034293458761,
      -0.18632467206865,
      1.31260871740036
    ],
    [
      1.81228825910562,
      1.19180272316135,
      0.16591312967325
    ],
    [
      0.76137285120014,
      -1.88019740814528,
      0.60800719800539
    ],
    [
      -0.82907426267857,
      2.23198394285909,
      -0.72541783920117
    ]
  ],
  "energies": -19516.70255579781,
  "forces": [
    [
      -0.04721137117819871,
      0.6888864043521077,
      0.2895131479196258
    ],
    [
      -0.36576470998048954,
      0.48786918297015386,
      -0.14617412325508247
    ],
    [
      0.06471346198635193,
      -0.1607255366636006,
      0.040603851478331655
    ],
    [
      -0.02706711223302308,
      -0.22060443535875152,
      -0.15129066983843173
    ],
    [
      -0.04893370508149543,
      -0.24153825952385255,
      0.022748503513407067
    ],
    [
      0.09744002125737362,
      0.32027931462206716,
      -0.14976286319810117
    ],
    [
      -0.5540685939828027,
      0.37364940218320825,
      -0.6395720325579975
    ],
    [
      0.05132879656248439,
      -0.142549765354495,
      0.03971734008105435
    ],
    [
      0.05024228962820448,
      -0.16426473525021054,
      0.03671559876902605
    ],
    [
      -0.2345857282985162,
      0.049465642145752844,
      0.03945189849655815
    ],
    [
      0.01645880396699665,
      -0.17757421292166248,
      0.1925010581735213
    ],
    [
      0.19236205784699528,
      -0.15887263467576143,
      0.2526866679530208
    ],
    [
      0.11614666303422107,
      -0.18124591393671263,
      0.03224121589602117
    ],
    [
      0.5005977539829037,
      -0.4055175229060393,
      0.11926340049190308
    ],
    [
      0.18834137295179315,
      -0.0672569278824313,
      0.02135700551150066
    ]
  ]
}