{
  "name": "system116",
  "subset": "react",
  "atomic_number": [
    6,
    6,
    1,
    1,
    1,
    6,
    6,
    1,
    1,
    1,
    1,
    1,
    1,
    9,
    17
  ],
  "charge": [
    0,
    0,
    0,
    0,
    0,
    0,
    0,
    0,
    0,
    0,
    0,
    0,
    0,
    0,
    0
  ],
  "positition": [
    [
      -0.0063826232843,
      0.01222166716137,
      0.00247973045843
    ],
    [
      0.00063599799641,
      -0.00123821763841,
      1.52302939567603
    ],
    [
      1.02607534878363,
      0.01742571100262,
      -0.38623271170831
    ],
    [
      -0.52119332577324,
      -0.88237226221429,
      -0.38725267845086
    ],
    [
      -0.53911352690814,
      0.92709314398298,
      -0.32039966549755
    ],
    [
      -1.41488986879953,
      -0.05847799477684,
      2.07632674562181
    ],
    [
      0.75486922518354,
      1.19794560654695,
      2.07743169896402
    ],
    [
      -1.39510023833635,
      -0.1021836018572,
      3.17863305218727
    ],
    [
      -1.94005821616923,
      0.85702014143628,
      1.74222714140479
    ],
    [
      -1.93911612855176,
      -0.95325600022062,
      1.69975138949254
    ],
    [
      0.2206719307183,
      2.10882836206478,
      1.74536042960658
    ],
    [
      0.78503416469435,
      1.15805569523116,
      3.17961125596985
    ],
    [
      1.79151511644282,
      1.20876148233794,
      1.70012355109864
    ],
    [
      0.68485985342788,
      -1.18388178721246,
      1.94529666184948
    ],
    [
      -1.76593778942444,
      3.02891427415572,
      0.4258906733273
    ]
  ],
  "energies": -19519.13646244509,
  "forces": [
    [
      0.08305314277981458,
      -0.15059409515334726,
      0.0827501425175155
    ],
    [
      0.2918805469205583,
      -0.4826492517552765,
      0.18776137132147175
    ],
    [
      -0.11891558934341313,
      0.09095170130287873,
      -0.02918748368599624
    ],
    [
      -0.01980640958805485,
      0.14802345547160217,
      -0.024195637260847558
    ],
    [
      0.12778565572404565,
      -0.21024086337621903,
      -0.24916162041074175
    ],
    [
      0.11452063433220996,
      -0.14634920701172865,
      0.0400752068661859
    ],
    [
      0.05831368414651813,
      -0.16694145238287111,
      0.03141672131142732
    ],
    [
      -0.07563325171046889,
      0.08740285012578905,
      -0.10204750932828914
    ],
    [
      -0.17612074860354246,
      -0.23454058867105046,
      0.2022163985903707
    ],
    [
      -0.03297524862592324,
      0.14608088820831253,
      0.001722542933999441
    ],
    [
      0.2956616922463667,
      0.02999016446408756,
      0.20166255341153969
    ],
    [
      -0.0437824633095713,
      0.10176506426597848,
      -0.09902932750723689
    ],
    [
      -0.10899003315088279,
      0.09958897587202731,
      -0.0016536122701294568
    ],
    [
      -0.3350524086646564,
      0.5846596667984506,
      -0.2041273605142528
    ],
    [
      -0.059939206546856666,
      0.1028526977549042,
      -0.03820238813474331
    ]
  ]
}