{
  "name": "system117",
  "subset": "prod",
  "atomic_number": [
    6,
    1,
    6,
    1,
    1,
    6,
    6,
    1,
    1,
    1,
    16,
    8,
    8
  ],
  "charge": [
    0,
    0,
    0,
    0,
    0,
    0,
    0,
    0,
    0,
    0,
    0,
    0,
    0
  ],
  "positition": [
    [
      -0.64833957118468,
      -1.09980282862691,
      0.5330215450068
    ],
    [
      -1.58300075317102,
      -1.3254418005219,
      1.05941553034247
    ],
    [
      0.26807584501475,
      -0.33922235659862,
      1.15906144153705
    ],
    [
      1.23653172262293,
      -0.10957747072002,
      0.70443877500635
    ],
    [
      0.07891493776327,
      0.07157082251094,
      2.15364552304468
    ],
    [
      -0.53066229078525,
      -1.66133251318687,
      -0.8185340853317
    ],
    [
      0.23695316669791,
      -1.17491432668489,
      -1.80639793154848
    ],
    [
      0.8496371226745,
      -0.27765944370917,
      -1.67634036296244
    ],
    [
      -1.16036683288398,
      -2.53429655561143,
      -1.02511176487244
    ],
    [
      0.2706980016776,
      -1.65745463760311,
      -2.78634641681792
    ],
    [
      -1.28120181976473,
      1.79453864403203,
      -0.42853358293738
    ],
    [
      -2.68783099369493,
      1.39088111403245,
      -0.34835514288698
    ],
    [
      -0.80351129496639,
      2.79763462268749,
      0.52861993242001
    ]
  ],
  "energies": -19157.510656346374,
  "forces": [
    [
      -0.002657266787205647,
      7.807376450900714e-05,
      0.005093249301633231
    ],
    [
      0.001224093308227151,
      -0.0036684037806862394,
      0.0012221967081266528
    ],
    [
      0.003571947398523392,
      0.00015104640854057147,
      -0.00427035944548708
    ],
    [
      0.004529353525523208,
      -0.0023433152701224326,
      -0.0017279744926800072
    ],
    [
      0.0012226312760156342,
      -0.004660651237775614,
      0.004853457918376902
    ],
    [
      -0.0017246090212330696,
      0.0027289720315496323,
      0.0008460298377589344
    ],
    [
      0.0017284583229092616,
      -0.009809143471772416,
      -0.0012192786086634023
    ],
    [
      0.0021814340777796958,
      0.000604643187715257,
      0.0022314098992332566
    ],
    [
      -0.0016973807281762576,
      0.001822258292508282,
      -0.0013420623692676366
    ],
    [
      -0.00011320933166645657,
      0.0017985695860175763,
      -0.003192847464870899
    ],
    [
      0.008587641064395619,
      -0.0005983736550293844,
      0.0033296907385266107
    ],
    [
      -0.013738198151496439,
      -0.0011650371724784847,
      -0.0031585713661428003
    ],
    [
      -0.0031148915083175966,
      0.01506135715183681,
      -0.0026649472899904153
    ]
  ]
}