{
  "name": "system117",
  "subset": "sp",
  "atomic_number": [
    6,
    1,
    6,
    1,
    1,
    6,
    6,
    1,
    1,
    1,
    16,
    8,
    8
  ],
  "charge": [
    0,
    0,
    0,
    0,
    0,
    0,
    0,
    0,
    0,
    0,
    0,
    0,
    0
  ],
  "positition": [
    [
      0.14774221262439,
      -1.20733547206376,
      0.69602368422134
    ],
    [
      0.81316112684843,
      -1.89885180676231,
      1.22063635702409
    ],
    [
      -0.4126004590396,
      -0.1235438955834,
      1.40248478765627
    ],
    [
      -1.39240431974006,
      0.27888412058967,
      1.12519542162265
    ],
    [
      -0.15489285810358,
      0.02202507533757,
      2.45653971989882
    ],
    [
      0.14811437566385,
      -1.20695029509631,
      -0.69630564809941
    ],
    [
      -0.41177613062037,
      -0.1226769685264,
      -1.40245843126988
    ],
    [
      -1.39179973961067,
      0.27951873633976,
      -1.12558509357877
    ],
    [
      0.81381576822371,
      -1.89816802314122,
      -1.22095013782144
    ],
    [
      -0.15349127684761,
      0.02341853487299,
      -2.45630025691646
    ],
    [
      0.43080958294241,
      1.51404248746025,
      0.00029337457912
    ],
    [
      -0.33304133401147,
      2.76933856122858,
      -0.00021709497897
    ],
    [
      1.89636305167055,
      1.57029894534457,
      0.00064331766263
    ]
  ],
  "energies": -19156.79194611015,
  "forces": [
    [
      0.0008404189703304237,
      -0.003938710715482274,
      -0.005616322589920066
    ],
    [
      -0.0017451957429486095,
      0.0020219331615005096,
      2.0737954014852846e-05
    ],
    [
      -0.0016875631757052758,
      0.0011327145466570859,
      -0.000818206899918288
    ],
    [
      -0.00021990297321187834,
      0.003010789693219736,
      -0.00013807447220805848
    ],
    [
      0.0020007820311765847,
      0.0035870434776032784,
      0.0002986431677103781
    ],
    [
      0.0007831880094310669,
      -0.003864300104766592,
      0.005347048210231208
    ],
    [
      -0.0013062398032938584,
      0.0009118530146925738,
      0.0011187688820621473
    ],
    [
      -0.00021556829864441916,
      0.0027943025850805446,
      9.150690536125465e-05
    ],
    [
      -0.001780338817727854,
      0.001930208535107194,
      -3.461599859156722e-05
    ],
    [
      0.0019649650187860525,
      0.0035560598309868486,
      -0.0003623491438757011
    ],
    [
      0.0023033423262696475,
      -0.001804625562858822,
      -3.317643782336921e-05
    ],
    [
      -0.004192030678947372,
      -0.01251778944006459,
      0.00023534949367898657
    ],
    [
      0.003254141797511746,
      0.0031805139335013147,
      -0.00010930907072177778
    ]
  ]
}