{
  "name": "system117",
  "subset": "react",
  "atomic_number": [
    6,
    1,
    6,
    1,
    1,
    6,
    6,
    1,
    1,
    1,
    16,
    8,
    8
  ],
  "charge": [
    0,
    0,
    0,
    0,
    0,
    0,
    0,
    0,
    0,
    0,
    0,
    0,
    0
  ],
  "positition": [
    [
      1.335417252e-05,
      -1.837431181892,
      0.6703130281102
    ],
    [
      3.589882694e-05,
      -2.76024035855846,
      1.25686671707068
    ],
    [
      -1.949849441e-05,
      -0.51028990979924,
      1.36468711438348
    ],
    [
      -0.89977736510594,
      -0.32039652284719,
      1.97046075858213
    ],
    [
      0.89969813923676,
      -0.32037992504268,
      1.97051534654084
    ],
    [
      1.459541179e-05,
      -1.83743143086562,
      -0.6703134501681
    ],
    [
      -1.640351354e-05,
      -0.51029011763376,
      -1.36468774866388
    ],
    [
      -0.89977185604323,
      -0.32039734862735,
      -1.97046542949888
    ],
    [
      3.680498079e-05,
      -2.76024085648228,
      -1.25686662719525
    ],
    [
      0.89970354675253,
      -0.3203814534521,
      -1.97051268060824
    ],
    [
      1.324936708e-05,
      0.73291847335398,
      2.0515423e-07
    ],
    [
      -1.27997392661157,
      1.45010604550717,
      -2.84143e-08
    ],
    [
      1.28004447102028,
      1.45002758633952,
      2.80470713e-06
    ]
  ],
  "energies": -19157.61439107089,
  "forces": [
    [
      4.719517317564314e-06,
      5.548183928727409e-05,
      0.0030580501724205844
    ],
    [
      -3.722957657350798e-08,
      -0.0024193220732226708,
      -0.0003007153227479232
    ],
    [
      4.804363728263607e-06,
      -0.0010266095335136488,
      0.009750759113908219
    ],
    [
      -0.00016128968430499522,
      -0.0005703010116309467,
      -0.0017703126459306863
    ],
    [
      0.0001475578326650191,
      -0.0005758239473247327,
      -0.0017779202322243204
    ],
    [
      -9.62759935514942e-06,
      9.886483751916443e-05,
      -0.003065795621276088
    ],
    [
      1.3246067372172362e-05,
      -0.00103403477715738,
      -0.009762043326576755
    ],
    [
      -0.0001426490821405618,
      -0.0005850886611524245,
      0.0017878671111940347
    ],
    [
      7.20865389714612e-06,
      -0.002421295960690006,
      0.0002987972796454483
    ],
    [
      0.00014790349180000131,
      -0.0005766643381671923,
      0.0017877761455573514
    ],
    [
      -1.4618470920750201e-05,
      -0.006765605840814376,
      2.572131795865842e-06
    ],
    [
      0.01545218892725186,
      0.007921232363638765,
      3.509041858254399e-06
    ],
    [
      -0.015449406736311932,
      0.007899162218131799,
      -1.2543899046051849e-05
    ]
  ]
}