{
  "name": "system118",
  "subset": "sp",
  "atomic_number": [
    6,
    6,
    6,
    6,
    6,
    1,
    1,
    1,
    1,
    1,
    1,
    1,
    1,
    8
  ],
  "charge": [
    0,
    0,
    0,
    0,
    0,
    0,
    0,
    0,
    0,
    0,
    0,
    0,
    0,
    0
  ],
  "positition": [
    [
      -1.17782471309187,
      -0.65160790849152,
      -0.35186807805749
    ],
    [
      1.54497838908666,
      -0.02780277269032,
      -0.28759096226993
    ],
    [
      -1.21688460151854,
      0.72248540958544,
      -0.20472092071152
    ],
    [
      -0.60603028872626,
      -1.44928262012815,
      0.64183070421658
    ],
    [
      1.12732896311606,
      1.24909010086981,
      0.04830371620796
    ],
    [
      -1.49945643265994,
      1.37162303290144,
      -1.03687787109144
    ],
    [
      -1.28415238622985,
      1.16464701907979,
      0.78999790154407
    ],
    [
      -0.60209630020155,
      -1.10284177458699,
      1.67709190664806
    ],
    [
      0.86533135586793,
      1.47372793376794,
      1.08268473470096
    ],
    [
      -0.51258810766336,
      -2.52733497741505,
      0.50390000999903
    ],
    [
      1.35065567341419,
      2.09037854138312,
      -0.61268761174726
    ],
    [
      -1.26613481758641,
      -1.07342808571264,
      -1.35922078788556
    ],
    [
      1.95789810621072,
      -0.17422951111302,
      -1.31008962131811
    ],
    [
      1.31897515998222,
      -1.06542438744985,
      0.41924687976466
    ]
  ],
  "energies": -7350.054764255371,
  "forces": [
    [
      0.0009886144880494319,
      -0.0011972415275455753,
      0.0025620426834585554
    ],
    [
      -0.0011767639234564016,
      0.003992950146206574,
      0.0026320064680784546
    ],
    [
      0.0004245992584775584,
      -0.00040559525656499665,
      0.0020235549620744764
    ],
    [
      -0.002575627725096988,
      -0.00029982124726742103,
      -0.00047333894486033127
    ],
    [
      0.0007728881693928436,
      -0.003341833802559692,
      -0.0052241535836503265
    ],
    [
      -0.00015935657453686278,
      0.0026833808669127425,
      -0.003980032460154842
    ],
    [
      0.00023422941821362172,
      0.0006892406641877652,
      0.0018441802396178934
    ],
    [
      0.0003227367715573544,
      -0.0028151912057519726,
      -0.0015922820963078484
    ],
    [
      -0.00027423563214381435,
      -8.015604969376906e-05,
      -0.002304273374216388
    ],
    [
      0.0005017448032535153,
      0.0006254195540142264,
      -0.000434946972460243
    ],
    [
      -0.001317924182488493,
      0.004525976484111176,
      0.0022360695098426605
    ],
    [
      0.0013520439581326369,
      0.0006477177049666716,
      0.001320739643505831
    ],
    [
      0.0024647745011225504,
      0.0014573734750822824,
      -0.004959384496947534
    ],
    [
      -0.001557723433321087,
      -0.006482215332378175,
      0.006349815902338355
    ]
  ]
}