{
  "name": "system118",
  "subset": "prod",
  "atomic_number": [
    6,
    6,
    6,
    6,
    6,
    1,
    1,
    1,
    1,
    1,
    1,
    1,
    1,
    8
  ],
  "charge": [
    0,
    0,
    0,
    0,
    0,
    0,
    0,
    0,
    0,
    0,
    0,
    0,
    0,
    0
  ],
  "positition": [
    [
      -1.00876677388607,
      -0.69378864609145,
      0.18444242810383
    ],
    [
      1.61441367358203,
      0.5876975434892,
      -1.05785205332838
    ],
    [
      -0.7350764665907,
      0.76781657318524,
      -0.04414249754254
    ],
    [
      -1.72010229868713,
      -1.1841480388036,
      1.20334194371806
    ],
    [
      0.75214605878801,
      1.13024759733298,
      0.05622485097037
    ],
    [
      -1.08924823700706,
      1.05110659401877,
      -1.05113070320186
    ],
    [
      -1.30228292864666,
      1.37045546793082,
      0.68340425806758
    ],
    [
      -2.17393578279528,
      -0.5274691624615,
      1.95435172043982
    ],
    [
      1.18864756137327,
      0.78928126966362,
      1.01424934420665
    ],
    [
      -1.88418042867453,
      -2.2590911104451,
      1.3228804741437
    ],
    [
      0.89577365809996,
      2.22841487525607,
      0.0529914052527
    ],
    [
      -0.57142179851629,
      -1.37809472249272,
      -0.55140488425819
    ],
    [
      2.7066639293892,
      0.83428498283787,
      -0.96276435447131
    ],
    [
      1.20960883357125,
      -0.04921822342018,
      -1.99853193210047
    ]
  ],
  "energies": -7352.217667035148,
  "forces": [
    [
      -0.001034571829226073,
      -0.002999442899895551,
      0.004212270044599715
    ],
    [
      0.000874204091161943,
      -0.0011936403373430948,
      -0.0063567720738860875
    ],
    [
      -0.001751506824664691,
      0.0008347294271392646,
      -0.004367046918419431
    ],
    [
      0.0034054578633721405,
      -0.0006996920450577041,
      -0.00800695927439285
    ],
    [
      0.0028024475833973413,
      0.002551442692814725,
      0.004193632013538636
    ],
    [
      0.0013372754890421839,
      -0.0033445822606236113,
      0.0017051440204890415
    ],
    [
      -0.0007651534677493619,
      0.002251336413029421,
      0.003122272991782234
    ],
    [
      -0.00026759848310031184,
      0.0002341256999043002,
      0.0019973586584821033
    ],
    [
      -0.0033606174094927043,
      0.0006421495692759131,
      -0.0012777634966687605
    ],
    [
      0.0015769294725352472,
      0.003171305681103289,
      -0.0012374351749103128
    ],
    [
      0.0009388213177781766,
      -0.0007158258728735436,
      0.00044959208001174605
    ],
    [
      -0.0006732159025762245,
      -0.0005209451346182285,
      -0.0008900393624562551
    ],
    [
      7.356312362796435e-05,
      0.0018783592020612586,
      0.0014808180810205098
    ],
    [
      -0.003156032607268476,
      -0.0020893159697290037,
      0.0049749353527887685
    ]
  ]
}