{
  "name": "system118",
  "subset": "react",
  "atomic_number": [
    6,
    6,
    6,
    6,
    6,
    1,
    1,
    1,
    1,
    1,
    1,
    1,
    1,
    8
  ],
  "charge": [
    0,
    0,
    0,
    0,
    0,
    0,
    0,
    0,
    0,
    0,
    0,
    0,
    0,
    0
  ],
  "positition": [
    [
      -1.3802927801013,
      -0.22530938843005,
      -0.40383302046677
    ],
    [
      1.70956448819009,
      0.02807187729487,
      -0.2178199388592
    ],
    [
      -2.25787732047847,
      0.70390047121233,
      -0.02156376134965
    ],
    [
      -0.37703863607418,
      -0.87817572406434,
      0.50672101532507
    ],
    [
      1.47563431635712,
      1.3008343242136,
      0.12837409863688
    ],
    [
      -3.00179585622068,
      1.10946795966067,
      -0.71263914873602
    ],
    [
      -2.26637204250426,
      1.09502472909735,
      1.00192590502659
    ],
    [
      -0.28859082718492,
      -0.3250420295995,
      1.46033771111778
    ],
    [
      0.53013004503789,
      1.65001320577869,
      0.54284704720979
    ],
    [
      -0.70851141665644,
      -1.9036366484112,
      0.74104497679541
    ],
    [
      2.26466398345869,
      2.03769616867356,
      -0.03006576186813
    ],
    [
      -1.37940126073082,
      -0.59824099324369,
      -1.43530254216038
    ],
    [
      2.66334186898814,
      -0.27876027161356,
      -0.65932194779825
    ],
    [
      0.89878443791917,
      -1.04834868056868,
      -0.09464463287308
    ]
  ],
  "energies": -7351.4249035945195,
  "forces": [
    [
      0.0011092768312758485,
      -0.0007103205235267026,
      0.0020159929871543516
    ],
    [
      -0.004730659399639412,
      -0.0024549540690158122,
      -0.003479946892740136
    ],
    [
      -9.898053717011804e-05,
      0.0063282264503145514,
      -0.0053506623587945955
    ],
    [
      0.000978527998167567,
      -0.0024360503401340762,
      -0.0046804598407719404
    ],
    [
      -0.000318008101111848,
      -0.0018557849146085376,
      -0.004087365123727998
    ],
    [
      -0.00107378424070659,
      0.00042683143898788914,
      0.001975305482257277
    ],
    [
      -0.006066709397978695,
      0.001547972112472518,
      0.003685042316090572
    ],
    [
      -0.0007335852036521803,
      -0.0028275827926353024,
      0.0005053281499987155
    ],
    [
      0.0013953934805988513,
      0.00038075305026531703,
      0.0017107420324007797
    ],
    [
      0.001732367479871547,
      -0.0006656151039954463,
      0.0002169398280178565
    ],
    [
      0.0001147480856020721,
      0.0002323629514444385,
      0.0009770160865509728
    ],
    [
      -0.0008673417134645841,
      -0.0003581852419930494,
      -0.0033694551658973435
    ],
    [
      0.0028036426322365243,
      0.0013991581929746796,
      -0.0016546904880322102
    ],
    [
      0.005755112034548951,
      0.0009931898693129415,
      0.011536214735843979
    ]
  ]
}