{
  "name": "system119",
  "subset": "sp",
  "atomic_number": [
    7,
    5,
    5,
    7,
    1,
    1,
    1,
    1,
    1,
    1,
    1,
    1,
    1,
    1
  ],
  "charge": [
    0,
    0,
    0,
    0,
    0,
    0,
    0,
    0,
    0,
    0,
    0,
    0,
    0,
    0
  ],
  "positition": [
    [
      1.2547541584091,
      -0.26607967937561,
      0.78601693045588
    ],
    [
      1.29869713551811,
      0.03188714425505,
      -0.72594907892834
    ],
    [
      -1.27099684359709,
      0.30648927535368,
      -0.7088804489946
    ],
    [
      -1.28440050356687,
      -0.1024368472529,
      0.77764564745536
    ],
    [
      -0.0198792405757,
      -0.23485357894087,
      0.99917286595066
    ],
    [
      1.72489345561453,
      0.43440026773591,
      1.35834823132849
    ],
    [
      1.63120473178194,
      -1.17986298987871,
      1.03574868212541
    ],
    [
      1.80325787671357,
      1.09772098119485,
      -1.00914899602948
    ],
    [
      1.58964573546798,
      -0.93057427028746,
      -1.40488878359354
    ],
    [
      0.01841766358724,
      0.24020599914582,
      -1.11760524937613
    ],
    [
      -1.51903908105542,
      1.4797928921612,
      -0.89191432954712
    ],
    [
      -1.78045836527799,
      -0.50353154797207,
      -1.45391365146376
    ],
    [
      -1.76885902067449,
      -0.98064235928665,
      0.96068701880131
    ],
    [
      -1.67723770234491,
      0.60748471314773,
      1.39468116181588
    ]
  ],
  "energies": -4490.664823187838,
  "forces": [
    [
      0.0011625601200846692,
      -0.0072052403974885194,
      -0.009648628666596408
    ],
    [
      0.0019541035983531344,
      0.0017395807103326643,
      0.004120211071926176
    ],
    [
      -0.0025801695791727547,
      0.007075737983864444,
      0.0015286562357230522
    ],
    [
      0.007032589778790889,
      0.004345266587682588,
      -0.0016512969401366409
    ],
    [
      -0.0029437477104519182,
      0.0019330032216094276,
      -0.0008272571837262126
    ],
    [
      0.0025407253570137946,
      0.0029499684435961224,
      0.0028108666613317302
    ],
    [
      0.0022371671652867734,
      -0.0003399800304706711,
      0.0016180484599972779
    ],
    [
      -0.0018362363015834203,
      -0.0004670742458487651,
      0.002106664181081252
    ],
    [
      0.0003554516963285866,
      -0.0029840711985360596,
      0.002161260943749765
    ],
    [
      -8.773406829882609e-05,
      0.0011507886833304506,
      -0.0013273828089311829
    ],
    [
      -0.0026847467398587997,
      -0.0026366449956403515,
      0.000245073715098199
    ],
    [
      -0.0011108253554042112,
      -0.0029883708032537627,
      -0.0017665278275266257
    ],
    [
      -0.0025103766700817977,
      -0.0023260753022214097,
      -0.001134233811629274
    ],
    [
      -0.0015287613424281852,
      -0.0002468893768650968,
      0.0017645447869313485
    ]
  ]
}