{
  "name": "system119",
  "subset": "prod",
  "atomic_number": [
    7,
    5,
    5,
    7,
    1,
    1,
    1,
    1,
    1,
    1,
    1,
    1,
    1,
    1
  ],
  "charge": [
    0,
    0,
    0,
    0,
    0,
    0,
    0,
    0,
    0,
    0,
    0,
    0,
    0,
    0
  ],
  "positition": [
    [
      1.53147926138306,
      -0.72398448346475,
      0.07359282089016
    ],
    [
      2.35104813251945,
      0.39818179819014,
      0.00151209746537
    ],
    [
      -1.72142004568097,
      -0.49866775242382,
      -0.51400901896538
    ],
    [
      -1.22839003671354,
      0.72271297605813,
      0.46239560379386
    ],
    [
      -0.26741853734087,
      0.54585164722982,
      0.77944305282613
    ],
    [
      1.72688900379538,
      -1.5128000386504,
      0.68192025433318
    ],
    [
      0.73905099385367,
      -0.88979942785104,
      -0.55015725160218
    ],
    [
      3.30870663501046,
      0.48868097967212,
      0.73210932373849
    ],
    [
      2.0599720901046,
      1.27915414484849,
      -0.77490954026938
    ],
    [
      -0.92164305819189,
      -0.51287316703245,
      -1.44642812441888
    ],
    [
      -2.85277341979634,
      -0.21960850381243,
      -0.87934164803156
    ],
    [
      -1.66522440122226,
      -1.51038440491455,
      0.17326919698119
    ],
    [
      -1.82826198717545,
      0.81140027658588,
      1.28530832679722
    ],
    [
      -1.2320146305453,
      1.62213595556486,
      -0.02470509353821
    ]
  ],
  "energies": -4490.948205466984,
  "forces": [
    [
      0.0037305899776587034,
      0.003011007157141462,
      -0.0029382246204919314
    ],
    [
      -0.0035332113610724017,
      -0.010232327543541577,
      -0.002227401137727017
    ],
    [
      -0.002130533636137781,
      0.007184788041634288,
      0.010458341000985819
    ],
    [
      0.0020565838185652957,
      0.0037082643673224318,
      -0.006339733680488059
    ],
    [
      -0.0012012136251179795,
      -0.0006934068286413688,
      0.003565523085415577
    ],
    [
      -0.0008736849339725974,
      -0.0015662071487938087,
      0.004057611801488775
    ],
    [
      0.00047608025525692485,
      0.0004335999199907407,
      -0.006608821346651311
    ],
    [
      -0.0020372127659378423,
      0.003462321619290404,
      0.001969290848757972
    ],
    [
      0.005037966465745596,
      0.003491161994150503,
      -0.0006066451516312236
    ],
    [
      -0.0005223759536350213,
      -0.0027328709555205664,
      -0.003036410429615166
    ],
    [
      0.0008526015779330979,
      -0.0011116283624038963,
      0.0016948993563288065
    ],
    [
      0.0002744539702406805,
      -0.002890696232321542,
      -0.00013541086055483866
    ],
    [
      -0.0017383546539870257,
      -0.0012257028189270828,
      0.0010682700467642093
    ],
    [
      -0.000391688107098309,
      -0.000838301563873839,
      -0.0009212895810684819
    ]
  ]
}