{
  "name": "system119",
  "subset": "react",
  "atomic_number": [
    7,
    5,
    5,
    7,
    1,
    1,
    1,
    1,
    1,
    1,
    1,
    1,
    1,
    1
  ],
  "charge": [
    0,
    0,
    0,
    0,
    0,
    0,
    0,
    0,
    0,
    0,
    0,
    0,
    0,
    0
  ],
  "positition": [
    [
      1.27504990023343,
      -0.49916387252576,
      0.59455478102242
    ],
    [
      1.58803379177007,
      0.21552864719899,
      -0.84884875793917
    ],
    [
      -1.91376448594128,
      0.14825054246751,
      -0.53451414849323
    ],
    [
      -1.77856172409976,
      0.23101150169273,
      0.86395076833628
    ],
    [
      0.31431793264166,
      -0.26197797690864,
      0.88045734969612
    ],
    [
      1.92335550301289,
      -0.19096971627105,
      1.32163404721626
    ],
    [
      1.3403394303246,
      -1.51722566462582,
      0.52643582942675
    ],
    [
      1.5602590096563,
      1.41954306569179,
      -0.62855116417129
    ],
    [
      2.68645422311646,
      -0.19344472852224,
      -1.20201291465242
    ],
    [
      0.68173574452909,
      -0.15351392148615,
      -1.58761390050511
    ],
    [
      -1.8253904522321,
      1.15152247442261,
      -1.19002374863022
    ],
    [
      -2.13883450333686,
      -0.93099592143678,
      -1.0239223210946
    ],
    [
      -2.00845025534414,
      -0.54019887473566,
      1.48251247157806
    ],
    [
      -1.70454411433034,
      1.12163444503847,
      1.34594170821016
    ]
  ],
  "energies": -4490.770153613227,
  "forces": [
    [
      -0.0040124197749366415,
      0.010833068773383941,
      -0.006924888213308426
    ],
    [
      0.0040835316600484695,
      -0.0040212091945982156,
      0.002270108861373875
    ],
    [
      -0.003322303855744929,
      -0.0032076051867493314,
      -0.004679361413996821
    ],
    [
      0.00045280837604205434,
      0.007734395373650146,
      0.004259368544289228
    ],
    [
      -0.004831773901171717,
      -0.013410374040575624,
      0.001834047984096318
    ],
    [
      0.0035778844361234576,
      -0.0057389668938783505,
      0.0010877761851619096
    ],
    [
      0.0012575534415946584,
      0.0044139791705660415,
      0.003942681270392666
    ],
    [
      2.619980029293534e-05,
      0.0028313252392560806,
      -0.0002169526835346291
    ],
    [
      0.00034207907924930456,
      0.002825444714507747,
      -0.0004956586416588873
    ],
    [
      -0.0012783637464579074,
      -0.0010895234555795771,
      -0.0014785611664959084
    ],
    [
      -0.0010260976268357629,
      8.193756720811876e-05,
      -0.0003748536021962946
    ],
    [
      0.0012822457525687692,
      -0.0002279199820036868,
      0.00028919523705764284
    ],
    [
      0.0013452357278719244,
      -8.425932495932106e-05,
      7.255586817779601e-05
    ],
    [
      0.002103419242959574,
      -0.0009402933772927755,
      0.0004145413592649959
    ]
  ]
}