{
  "name": "system11",
  "subset": "prod",
  "atomic_number": [
    7,
    5,
    5,
    7,
    1,
    1,
    1,
    1,
    1,
    1,
    1,
    1,
    1,
    1
  ],
  "charge": [
    0,
    0,
    0,
    0,
    0,
    0,
    0,
    0,
    0,
    0,
    0,
    0,
    0,
    0
  ],
  "positition": [
    [
      1.38689780924866,
      -1.2693279830454,
      0.0277584537236
    ],
    [
      2.47270711367106,
      -0.39567266489252,
      0.04057550379966
    ],
    [
      -2.08092781775557,
      -0.22033905190783,
      -0.45514934546167
    ],
    [
      -1.34043522165432,
      0.38550197646353,
      0.5512705332892
    ],
    [
      -0.36316330605062,
      0.16241535898796,
      0.72034247690023
    ],
    [
      1.2081699984551,
      -1.94895373561055,
      0.75987833157488
    ],
    [
      0.73666915065464,
      -1.343728698203,
      -0.74937111307793
    ],
    [
      3.21845117431792,
      -0.40025523143476,
      0.99068914019624
    ],
    [
      2.6314368245275,
      0.35312441012109,
      -0.89242948433064
    ],
    [
      -0.06018305440107,
      2.71614149826936,
      -0.21673217065527
    ],
    [
      -3.23983369512212,
      0.07715159775546,
      -0.61578395682641
    ],
    [
      -1.54445412452566,
      -1.04741827697479,
      -1.15974744171737
    ],
    [
      0.26296419747897,
      3.40410400198694,
      -0.16998253225556
    ],
    [
      -1.72068904884449,
      1.08368479848446,
      1.18066860484105
    ]
  ],
  "energies": -4490.794567144404,
  "forces": [
    [
      -0.010540417819151618,
      0.0072830364828352385,
      -0.002869589119287047
    ],
    [
      -0.003125439922628135,
      -0.006405611004858346,
      0.001232020894044289
    ],
    [
      0.0031555413208394943,
      0.0018114719482933157,
      0.004589874830229484
    ],
    [
      -0.0007586578322344923,
      -0.008202299571661752,
      -0.0030441343840466257
    ],
    [
      0.001159877533688693,
      0.005734276018652156,
      0.0013690150400448436
    ],
    [
      0.005103649928922952,
      -0.000694876059942278,
      -0.006150306149603556
    ],
    [
      0.0024430202927957882,
      0.0004491654825431634,
      0.005953865420098917
    ],
    [
      0.0007229900466826565,
      5.5319962620073256e-05,
      -3.754736494812716e-06
    ],
    [
      0.0015066735077301403,
      -0.00043813920296315294,
      0.0007833021149979407
    ],
    [
      -0.011566485878298803,
      0.0035681856686274552,
      0.003352456161802707
    ],
    [
      0.0003904719752116192,
      -0.001136044485455664,
      -0.0006643237930466702
    ],
    [
      0.0026388751706900655,
      -0.0001959881638921756,
      0.001415826656022059
    ],
    [
      0.009891200029643783,
      -0.0029769380836554694,
      -0.0025395747882626446
    ],
    [
      -0.0010212976854052692,
      0.001148441368811904,
      -0.0034246797920050314
    ]
  ]
}