{
  "name": "system11",
  "subset": "sp",
  "atomic_number": [
    7,
    5,
    5,
    7,
    1,
    1,
    1,
    1,
    1,
    1,
    1,
    1,
    1,
    1
  ],
  "charge": [
    0,
    0,
    0,
    0,
    0,
    0,
    0,
    0,
    0,
    0,
    0,
    0,
    0,
    0
  ],
  "positition": [
    [
      1.23358448790938,
      -0.79559161992048,
      0.11808614243182
    ],
    [
      1.58798479435012,
      0.67116811404881,
      0.38783760672795
    ],
    [
      -2.27808094514293,
      -0.30288926981727,
      0.05454173270066
    ],
    [
      -1.09641418685448,
      -0.05681645779251,
      -0.68743815925956
    ],
    [
      -0.09926752411415,
      -0.62619841259651,
      -0.39343922182832
    ],
    [
      1.21358963421884,
      -1.38177049914395,
      0.95192353116271
    ],
    [
      1.83607791266545,
      -1.24728736765714,
      -0.56841924123035
    ],
    [
      1.75245542917927,
      0.9561032409234,
      1.55771966263355
    ],
    [
      2.36257332691013,
      1.15093222835983,
      -0.417444078118
    ],
    [
      0.47490313917637,
      1.44176854645522,
      0.13257967103438
    ],
    [
      -3.36101394038118,
      -0.26811860362268,
      -0.47865669785783
    ],
    [
      -2.16661623429508,
      -0.54133532207758,
      1.23388197684007
    ],
    [
      -0.26966277800546,
      0.8883849729448,
      -0.20190383044041
    ],
    [
      -1.19011311561626,
      0.11165044989609,
      -1.68926909479667
    ]
  ],
  "energies": -4489.346365565307,
  "forces": [
    [
      -0.009896743791274741,
      0.009403753954897847,
      -0.012652768098145533
    ],
    [
      -0.0018193850330875346,
      -0.000377176594077107,
      0.001958347204439776
    ],
    [
      -0.0013405062346733445,
      0.0013107188196036406,
      -0.005459304639572411
    ],
    [
      0.0028063284582227266,
      -0.008304888703812012,
      0.0030537809067224643
    ],
    [
      0.0003485165564062948,
      -0.0022681319914266487,
      -0.003327854662199078
    ],
    [
      -0.000931761993563861,
      0.0025393684315074103,
      -0.0006410263056423886
    ],
    [
      0.00142843313572376,
      0.0006900173430890998,
      0.005932372487295041
    ],
    [
      0.00585567117775668,
      -0.0019389552744530835,
      0.0009630789065971043
    ],
    [
      0.0031081027670203116,
      -6.706625398348466e-05,
      0.002073888526848786
    ],
    [
      0.001348274309238368,
      -0.003270419915647842,
      0.0017969191433522401
    ],
    [
      0.00022147417447182798,
      0.0009334028717247182,
      0.0002751676571098293
    ],
    [
      -0.0009961469981251136,
      -0.00022807049439406063,
      0.002987105666137136
    ],
    [
      0.0022463400907247093,
      0.005423467521153646,
      0.0001783996572204134
    ],
    [
      -0.002378598058657962,
      -0.003846020639779334,
      0.0028618950924986335
    ]
  ]
}