{
  "name": "system120",
  "subset": "react",
  "atomic_number": [
    7,
    5,
    5,
    7,
    1,
    1,
    1,
    1,
    1,
    1,
    1,
    1,
    1,
    1
  ],
  "charge": [
    0,
    0,
    0,
    0,
    0,
    0,
    0,
    0,
    0,
    0,
    0,
    0,
    0,
    0
  ],
  "positition": [
    [
      1.31231466833257,
      -0.9309540400763,
      0.27299080735739
    ],
    [
      1.63042449940847,
      0.66998381750214,
      0.11178362812819
    ],
    [
      -2.20911595301251,
      -0.42050562835692,
      -0.14827576511935
    ],
    [
      -1.69451624956238,
      0.84107746710194,
      -0.37970804982419
    ],
    [
      1.56691753687225,
      -1.26588542838352,
      1.20539900887265
    ],
    [
      1.83817839629714,
      -1.48570900113018,
      -0.40613107139579
    ],
    [
      0.31371721237444,
      -1.13541650021434,
      0.14071481153996
    ],
    [
      2.8178129015219,
      0.81329845846072,
      0.35851792469215
    ],
    [
      1.34156913468162,
      0.95126669357784,
      -1.04338284344923
    ],
    [
      0.90920898614709,
      1.22472415462454,
      0.93550264172419
    ],
    [
      -1.51043671494307,
      -1.26082955776606,
      0.38755587317758
    ],
    [
      -3.33649909654142,
      -0.70308401588847,
      -0.47363884225952
    ],
    [
      -2.23238434441351,
      1.57358730387539,
      -0.83055804717748
    ],
    [
      -0.74719097716259,
      1.12844627667321,
      -0.13077007626655
    ]
  ],
  "energies": -4490.9569546011,
  "forces": [
    [
      -0.005850151635919321,
      -0.008322373595018586,
      0.012094099272311124
    ],
    [
      -0.003886761212249647,
      -0.004229458641855714,
      -0.0006692478159250533
    ],
    [
      -0.004160606962280781,
      0.004007899003908382,
      -0.003584937435423521
    ],
    [
      -0.002150517485538752,
      -0.0005323022123558322,
      0.0027673874524123134
    ],
    [
      0.0016543946568802386,
      0.002033433295428759,
      -0.0019477867573655383
    ],
    [
      0.005617120403290975,
      -0.00018336368646699298,
      -0.005927410772041481
    ],
    [
      0.003506230408158294,
      0.0046925710745454935,
      -0.0020574842703821174
    ],
    [
      0.0012227537119573768,
      -0.0002323068499692428,
      0.002527555599989184
    ],
    [
      -0.0012885963264323765,
      0.002372610216055611,
      -0.0014370752825851871
    ],
    [
      0.0007241253430798801,
      0.00017561736343634876,
      -0.0031500187451001774
    ],
    [
      0.0006274205409109183,
      0.0019477720506543502,
      -0.0010323663881906294
    ],
    [
      0.0013027365207071181,
      -0.0011342663617977422,
      -0.0005375252545543465
    ],
    [
      0.0024689641654608145,
      -0.000605651985827438,
      0.00018916214159624974
    ],
    [
      0.00021288710064425442,
      9.818272379920923e-06,
      0.002765649026590186
    ]
  ]
}