{
  "name": "system120",
  "subset": "prod",
  "atomic_number": [
    7,
    5,
    5,
    7,
    1,
    1,
    1,
    1,
    1,
    1,
    1,
    1,
    1,
    1
  ],
  "charge": [
    0,
    0,
    0,
    0,
    0,
    0,
    0,
    0,
    0,
    0,
    0,
    0,
    0,
    0
  ],
  "positition": [
    [
      1.2880935644078,
      -0.92760564276794,
      0.38965581905439
    ],
    [
      1.64161985470776,
      0.65106723669525,
      0.12002427450281
    ],
    [
      -2.20659382058131,
      -0.41177996081705,
      -0.25433739418784
    ],
    [
      -1.67998235440444,
      0.85290036232651,
      -0.43568881196907
    ],
    [
      1.59437323068629,
      -1.22183437539272,
      1.32001463645564
    ],
    [
      1.75225974643884,
      -1.53292796885246,
      -0.29160154032896
    ],
    [
      -1.45608186544459,
      -1.36836845635553,
      -0.19328792291508
    ],
    [
      2.85843390358832,
      0.74438939576514,
      0.16568810347517
    ],
    [
      1.19577443415713,
      0.89433463858479,
      -0.99785939988329
    ],
    [
      1.07495473970906,
      1.27503776416626,
      1.00630726995521
    ],
    [
      0.27850464583647,
      -1.10923858044796,
      0.32143782853701
    ],
    [
      -3.39687838173517,
      -0.58302768239262,
      -0.15240915206367
    ],
    [
      -2.26201767678851,
      1.68242466085112,
      -0.4821783836311
    ],
    [
      -0.68246002057764,
      1.05462860863722,
      -0.51576532700121
    ]
  ],
  "energies": -4490.957002407342,
  "forces": [
    [
      -0.006241416333717207,
      -0.0062393573427288376,
      0.011018828831021486
    ],
    [
      -0.005810278965097363,
      0.0012725599434336733,
      -0.004178006132901516
    ],
    [
      0.004552457357422828,
      0.006835924540541332,
      -0.0026729962318858868
    ],
    [
      -0.0007917982231888312,
      -0.0005324444972154716,
      -0.0024304925917008704
    ],
    [
      0.003676755701401008,
      0.003271747119199447,
      -0.0016757388256440212
    ],
    [
      0.0013317360982869288,
      -0.003221738336200881,
      -0.002582180901904932
    ],
    [
      -0.002941244484225954,
      0.00013295854217529364,
      -0.002640418963988256
    ],
    [
      0.0018375247328964394,
      0.00214869889271403,
      -0.002316125852148341
    ],
    [
      -0.0022373031252321605,
      -0.005043625567073038,
      -2.8635766455145593e-05
    ],
    [
      0.0029784856307645572,
      7.659157484719113e-05,
      0.0007605648195925428
    ],
    [
      0.004003606289747668,
      0.002950083063383667,
      0.00013652749074170845
    ],
    [
      0.0013455647262571693,
      -0.0029266516214946146,
      0.0001388446205068726
    ],
    [
      -0.002592515091883972,
      0.000574535773122049,
      -0.00036997915019058663
    ],
    [
      0.0008884248123937483,
      0.0007007163726341464,
      0.006839809580554153
    ]
  ]
}