{
  "name": "system120",
  "subset": "sp",
  "atomic_number": [
    7,
    5,
    5,
    7,
    1,
    1,
    1,
    1,
    1,
    1,
    1,
    1,
    1,
    1
  ],
  "charge": [
    0,
    0,
    0,
    0,
    0,
    0,
    0,
    0,
    0,
    0,
    0,
    0,
    0,
    0
  ],
  "positition": [
    [
      1.28677770235762,
      -0.87246875012083,
      -0.16169174112295
    ],
    [
      1.74605035532338,
      0.30081508938482,
      0.65561932790681
    ],
    [
      -1.51800813745231,
      -0.16999230030316,
      0.05920442168148
    ],
    [
      -2.10543427615026,
      0.55531590111168,
      -0.97440456255349
    ],
    [
      1.39918311110972,
      -1.80177477471302,
      0.2372348134419
    ],
    [
      1.52882375960011,
      -0.89238854220002,
      -1.14945909594291
    ],
    [
      -0.16881874885593,
      -0.56069475682647,
      -0.09082925723197
    ],
    [
      2.20542190029755,
      0.01668484040582,
      1.7453595235772
    ],
    [
      2.2724382340545,
      1.18671877398099,
      0.00735170082496
    ],
    [
      0.56138753564438,
      0.9134567874822,
      1.03449837624859
    ],
    [
      -0.31127419970629,
      0.45457719643019,
      0.61542226253001
    ],
    [
      -2.21027570964081,
      -0.84908347501242,
      0.77898368175988
    ],
    [
      -3.10237076155125,
      0.55260639907027,
      -1.16254265826219
    ],
    [
      -1.58390076503043,
      1.16622761130994,
      -1.59474679285731
    ]
  ],
  "energies": -4488.67637301647,
  "forces": [
    [
      0.0022941700178965175,
      0.0028373761767347514,
      0.003328781956334921
    ],
    [
      -0.002029590987153691,
      0.0014999114544856748,
      -0.0001654292635499131
    ],
    [
      -0.0011341311731833616,
      0.007299845276703707,
      -0.005644980879240597
    ],
    [
      0.0009468901600136122,
      -8.037870724427083e-05,
      0.0009399396448932602
    ],
    [
      -0.00010024896529903892,
      -0.004191098242604819,
      0.002494145500292956
    ],
    [
      0.0018796988497530997,
      6.712677775645017e-05,
      -0.00043668113025080235
    ],
    [
      -0.0003564388457505225,
      0.002818951495830031,
      2.6681316529170605e-05
    ],
    [
      -0.004705647191985932,
      -0.0005668234914998188,
      -0.0009115910706828149
    ],
    [
      -0.0005534363219755501,
      0.0006315085438225444,
      -0.0036183822964371017
    ],
    [
      0.001477317883757795,
      -0.003810914023245657,
      -0.0028595469038049464
    ],
    [
      -0.00029044057667844007,
      -0.002011036208419232,
      9.596725546068295e-05
    ],
    [
      -0.0004351057638034184,
      -0.001888048199364514,
      0.0009413133854155823
    ],
    [
      0.002459988186539836,
      -0.0014253471432114587,
      0.004012027064610272
    ],
    [
      0.0005469760648428388,
      -0.0011810743782302612,
      0.0017977571173575467
    ]
  ]
}