{
  "name": "system121",
  "subset": "sp",
  "atomic_number": [
    7,
    5,
    5,
    7,
    1,
    1,
    1,
    1,
    1,
    1,
    1,
    1,
    1,
    1
  ],
  "charge": [
    0,
    0,
    0,
    0,
    0,
    0,
    0,
    0,
    0,
    0,
    0,
    0,
    0,
    0
  ],
  "positition": [
    [
      1.25000214044382,
      -1.27972800997024,
      -0.04168204524008
    ],
    [
      1.04659253299832,
      0.19397775478648,
      -0.59632592734836
    ],
    [
      -0.91393686711475,
      0.26269517581186,
      0.33685327058425
    ],
    [
      -2.03036122895122,
      1.22204319603859,
      0.43827021885093
    ],
    [
      0.362125524022,
      -1.46495033245128,
      0.50330074934251
    ],
    [
      2.0485761299306,
      -1.36798070672623,
      0.58883857458246
    ],
    [
      1.32959019553635,
      -1.98119072776428,
      -0.77963355104233
    ],
    [
      0.14533805810326,
      0.68433088903026,
      0.83635986380553
    ],
    [
      1.8470429095992,
      0.96251560993174,
      -0.11132867672619
    ],
    [
      1.015753248003,
      0.21680037274364,
      -1.80663909254918
    ],
    [
      -0.67083000276189,
      -0.08344587981102,
      -0.83432639715827
    ],
    [
      -1.00485362446353,
      -0.8745478494034,
      0.90380982539767
    ],
    [
      -2.54677862643493,
      1.43748465392747,
      -0.40725589944338
    ],
    [
      -1.87826038891025,
      2.07199585385639,
      0.96975908694445
    ]
  ],
  "energies": -4489.087480097269,
  "forces": [
    [
      0.004797392592894352,
      -0.0019946212561626087,
      0.003593635940870479
    ],
    [
      -0.006882984165148126,
      0.003531146199435981,
      0.005281765839177159
    ],
    [
      0.004469351635116614,
      -0.007447560100939553,
      0.004837764160611222
    ],
    [
      0.006547844288164414,
      0.006903328997460071,
      -0.006938646855845357
    ],
    [
      0.0014358392503585336,
      -0.0015431066079064837,
      0.000568498462491157
    ],
    [
      -0.0034943895001914365,
      -0.000688797868768049,
      -0.0035462794052483065
    ],
    [
      0.0033999673750026885,
      -0.0003339754756965157,
      -0.0012424698066550077
    ],
    [
      -0.0027072113954644834,
      0.0015625691403912915,
      -0.0024559897094470137
    ],
    [
      -0.00028315525247926205,
      0.002075981507823502,
      0.0006286761649451337
    ],
    [
      -0.0009074342136233546,
      -0.0031076248503287725,
      -0.0005436462288883947
    ],
    [
      -0.0012718644599762747,
      0.002880561765651082,
      -0.00023997305741936
    ],
    [
      -0.0002961829303325011,
      -0.0001999211292715239,
      -0.003696519001556228
    ],
    [
      -0.006640155640343232,
      -0.001482276462265263,
      0.0005440409960974483
    ],
    [
      0.0018329839072620145,
      -0.0001557033966245538,
      0.003209141780958129
    ]
  ]
}