{
  "name": "system121",
  "subset": "prod",
  "atomic_number": [
    7,
    5,
    5,
    7,
    1,
    1,
    1,
    1,
    1,
    1,
    1,
    1,
    1,
    1
  ],
  "charge": [
    0,
    0,
    0,
    0,
    0,
    0,
    0,
    0,
    0,
    0,
    0,
    0,
    0,
    0
  ],
  "positition": [
    [
      1.30154344235114,
      -0.97919060669256,
      -0.15884319279011
    ],
    [
      1.33419259540255,
      0.37478877229512,
      -1.08352215685627
    ],
    [
      -1.84727743266785,
      -0.0483451250631,
      1.28246726500484
    ],
    [
      -1.6690405829906,
      0.92779208010582,
      0.32062955958637
    ],
    [
      0.43875855104471,
      -1.03745503745159,
      0.39658102425188
    ],
    [
      2.08573453475272,
      -0.99786069574436,
      0.49763717978801
    ],
    [
      1.36196095492172,
      -1.82320333535486,
      -0.73313504697862
    ],
    [
      -0.89369079068453,
      -0.71696293613348,
      1.63655446659182
    ],
    [
      1.19739231527573,
      1.30568885413664,
      -0.29546629550382
    ],
    [
      2.42148816957799,
      0.38801925199105,
      -1.63963191250077
    ],
    [
      0.39715956755695,
      0.26644414969181,
      -1.8629095726973
    ],
    [
      -2.93169250105633,
      -0.25190205048206,
      1.77158319823016
    ],
    [
      -2.43218662820143,
      1.50278089864563,
      -0.01982206006332
    ],
    [
      -0.77617435635313,
      1.12846619497342,
      -0.13148909052305
    ]
  ],
  "energies": -4490.957532633252,
  "forces": [
    [
      0.0015292252723174754,
      -0.006061762029481853,
      0.0009213519046137957
    ],
    [
      -0.001567902020125111,
      0.0013261383434855262,
      -0.0015474268328730903
    ],
    [
      0.0024875881582975775,
      8.53323492332981e-06,
      0.0003585657138674519
    ],
    [
      0.003513307164453353,
      -0.008603131756418357,
      -3.467168869022621e-05
    ],
    [
      -0.0004014040495647199,
      0.0012245654656471757,
      0.001455222232905552
    ],
    [
      -0.0019662771556720002,
      0.0020564044583952844,
      -0.0008815401175192722
    ],
    [
      0.0017871693651656836,
      0.001473564689924995,
      -0.0005278314749988516
    ],
    [
      -0.0020775080233071505,
      0.0024134431425584173,
      -0.00042947571594388297
    ],
    [
      -0.003868970359743883,
      -0.0013475681299910142,
      -0.002111185312063981
    ],
    [
      0.001582704067825374,
      0.0014913460807704133,
      0.0021029845208043914
    ],
    [
      0.0016371633793085543,
      0.002399504419942536,
      -0.002076192646830976
    ],
    [
      -0.0010932173597690217,
      0.0005048093013417724,
      -0.000208887595110091
    ],
    [
      -0.0003947168154278713,
      0.006051105166031821,
      0.0028416288331052013
    ],
    [
      -0.0011671616237582606,
      -0.0029369542897465283,
      0.00013745956712979052
    ]
  ]
}