{
  "name": "system121",
  "subset": "react",
  "atomic_number": [
    7,
    5,
    5,
    7,
    1,
    1,
    1,
    1,
    1,
    1,
    1,
    1,
    1,
    1
  ],
  "charge": [
    0,
    0,
    0,
    0,
    0,
    0,
    0,
    0,
    0,
    0,
    0,
    0,
    0,
    0
  ],
  "positition": [
    [
      1.37086845227098,
      -1.16513402540779,
      0.01444132596663
    ],
    [
      1.72329245520395,
      0.40558369152404,
      -0.32044605229163
    ],
    [
      -1.78809263048812,
      -0.10649353234667,
      0.16182320971013
    ],
    [
      -2.32711802382183,
      1.16557542059241,
      0.24186464533984
    ],
    [
      0.40917630878918,
      -1.24574542170892,
      0.36259955375023
    ],
    [
      1.99665027616697,
      -1.54582462550893,
      0.72738421999744
    ],
    [
      1.45116252963498,
      -1.75373223488296,
      -0.81764673968941
    ],
    [
      1.60619306742968,
      0.9981554417995,
      0.7445702837262
    ],
    [
      2.86928254974295,
      0.40371011190515,
      -0.75164403523939
    ],
    [
      0.89486333999324,
      0.75089431638167,
      -1.15333191388394
    ],
    [
      -1.91445876082318,
      -0.75859884452725,
      -0.84748730711707
    ],
    [
      -1.21463712951145,
      -0.55768435199565,
      1.13061819623777
    ],
    [
      -2.78919778664942,
      1.61987394516833,
      -0.53787096711626
    ],
    [
      -2.20164639102493,
      1.76907419413181,
      1.04670209855649
    ]
  ],
  "energies": -4490.779611249629,
  "forces": [
    [
      -0.012436002436668913,
      -0.0012328571711213816,
      -0.006951337564892952
    ],
    [
      0.009049566521510748,
      -0.0006119531945066386,
      0.0025212838047323593
    ],
    [
      -0.00700158031829678,
      -0.0026529257877239355,
      -0.011223946982925576
    ],
    [
      0.00964874261789708,
      -0.0037718569064077528,
      -0.003729468719485796
    ],
    [
      0.004623225845970626,
      0.006448949214469799,
      0.018958054238733812
    ],
    [
      0.004712412073444087,
      -0.0046915397021458595,
      -0.002807192760326384
    ],
    [
      0.001329586810148748,
      0.00315572201798325,
      -0.002333620770657998
    ],
    [
      0.003505092077859112,
      0.0009000855374375211,
      0.0030485525680510397
    ],
    [
      -0.0008148064100436616,
      0.001232204985044473,
      -0.0021007163448470974
    ],
    [
      -0.001830701693080405,
      1.85791013721932e-05,
      -0.0019830866180273413
    ],
    [
      -0.0013437052528891104,
      -0.0008182381645350791,
      0.0026799722009294485
    ],
    [
      -0.003278789319865421,
      -0.001708604159961493,
      -0.00044296033028528805
    ],
    [
      -0.0007607579094544676,
      0.0011168414287213947,
      0.005748776115974464
    ],
    [
      -0.005402282966486113,
      0.002615592749951441,
      -0.001384309196927163
    ]
  ]
}