{
  "name": "system12",
  "subset": "prod",
  "atomic_number": [
    7,
    5,
    5,
    7,
    1,
    1,
    1,
    1,
    1,
    1,
    1,
    1,
    1,
    1
  ],
  "charge": [
    0,
    0,
    0,
    0,
    0,
    0,
    0,
    0,
    0,
    0,
    0,
    0,
    0,
    0
  ],
  "positition": [
    [
      0.55611068389858,
      -1.27021189309286,
      -0.27511451340854
    ],
    [
      -1.89776531736424,
      0.00194551821502,
      -0.08634400862308
    ],
    [
      0.38782956732042,
      0.12876571672554,
      0.53666821687803
    ],
    [
      0.98666771680632,
      1.22824686770114,
      -0.21064975701794
    ],
    [
      1.54724650483899,
      -1.44236803271532,
      -0.45983829385602
    ],
    [
      0.05214113311208,
      -1.18837924606453,
      -1.16564445426956
    ],
    [
      0.15130275118276,
      -2.06280149006246,
      0.22955150097224
    ],
    [
      -1.47692241913215,
      0.2092305507557,
      -1.21700510717662
    ],
    [
      -2.21856314917162,
      -1.15916692688828,
      0.12768024692831
    ],
    [
      -2.6549848806394,
      0.8532965087118,
      0.33362978856734
    ],
    [
      -0.91102553030878,
      0.1810261766321,
      0.81022285635392
    ],
    [
      0.80570191896875,
      -0.04714977953767,
      1.6669743825204
    ],
    [
      1.41247747919319,
      1.96124920816693,
      0.34608908333593
    ],
    [
      0.43171554129507,
      1.6425028214529,
      -0.95475494120442
    ]
  ],
  "energies": -4490.441060460523,
  "forces": [
    [
      0.0005740582163849797,
      -0.004347918783636913,
      0.008439856049038193
    ],
    [
      0.003575164414462639,
      0.0034142419865608046,
      -0.00045091506695384994
    ],
    [
      -0.000535440295422096,
      -0.004296520113586959,
      -0.0013877063957894954
    ],
    [
      0.00018739543363722208,
      -0.0008100803107015097,
      -0.010389769263144126
    ],
    [
      0.0032661898849869115,
      0.00207722489340575,
      0.00211441220104011
    ],
    [
      -0.0017442009830607437,
      -0.002888473513471556,
      -0.004285788379607243
    ],
    [
      0.002729738940258219,
      0.003082790563027425,
      -0.0011151778220068837
    ],
    [
      0.004017281320003509,
      0.004243863145555301,
      0.003347797991011182
    ],
    [
      -0.0014685523753574174,
      -0.00039772140680796803,
      0.002054797673064908
    ],
    [
      -0.0015898122430034255,
      0.0009535748230471062,
      -0.0028554717049880263
    ],
    [
      -0.0013131252694993407,
      -0.003361481763018428,
      0.000831178836250801
    ],
    [
      -0.003783754584336679,
      0.0007264038548726593,
      -0.00015129395437154508
    ],
    [
      0.0014369349003420303,
      0.0009902759864591924,
      0.0026072183063712874
    ],
    [
      -0.005351877976460615,
      0.0006138202783406268,
      0.001240862712792229
    ]
  ]
}