{
  "name": "system12",
  "subset": "react",
  "atomic_number": [
    7,
    5,
    5,
    7,
    1,
    1,
    1,
    1,
    1,
    1,
    1,
    1,
    1,
    1
  ],
  "charge": [
    0,
    0,
    0,
    0,
    0,
    0,
    0,
    0,
    0,
    0,
    0,
    0,
    0,
    0
  ],
  "positition": [
    [
      1.4012840718485,
      -0.81558974206727,
      0.16099278282187
    ],
    [
      1.8701047561803,
      0.70950589856027,
      -0.21591386526631
    ],
    [
      -2.31264938295241,
      -0.35723240724579,
      -0.25982697096588
    ],
    [
      -1.38995954238525,
      0.57106549063452,
      0.21585670552968
    ],
    [
      0.39757574059296,
      -0.82022488795267,
      0.38367203777961
    ],
    [
      1.91237141083892,
      -1.17501280525686,
      0.97012105257741
    ],
    [
      1.55416493609209,
      -1.46290390014296,
      -0.61606708122601
    ],
    [
      1.6487948293582,
      1.37697401838899,
      0.78696650280623
    ],
    [
      3.05461836728958,
      0.64961462325711,
      -0.50714195231469
    ],
    [
      1.16802806205016,
      1.03923958537667,
      -1.16886872058797
    ],
    [
      -2.19027607232365,
      -0.77589757105363,
      -1.38718148440437
    ],
    [
      -3.1925906564713,
      -0.74822247405326,
      0.46961404812867
    ],
    [
      -1.45308200121883,
      0.99395035434236,
      1.13673459633975
    ],
    [
      -0.64995751889929,
      0.98736681721252,
      -0.351340651218
    ]
  ],
  "energies": -4490.949520760674,
  "forces": [
    [
      3.935598189183354e-05,
      -0.004264011648415095,
      -0.0018115405453308147
    ],
    [
      0.0038743285391347115,
      0.003478506097842328,
      0.0024122252623214463
    ],
    [
      0.0040801244338830546,
      0.002607705273346634,
      0.000975507928745276
    ],
    [
      0.001571911604384424,
      -0.0037534753171952545,
      -0.012710722361840584
    ],
    [
      0.0021695602082678327,
      0.004872530928703498,
      0.0009992806074715407
    ],
    [
      -0.00011607991713971556,
      -0.004232114797309205,
      -0.00022927078828408667
    ],
    [
      -0.0046264461529221665,
      0.005118652162730398,
      0.0019618313065954914
    ],
    [
      -0.0028014712840315615,
      -0.0002322267858107829,
      0.0007870005957513564
    ],
    [
      -0.0017362430068019554,
      0.0003577887264337147,
      -0.0020099623613921815
    ],
    [
      -0.0001738390340901587,
      -0.000912672631019929,
      -0.0012366306766706822
    ],
    [
      6.723851790823778e-05,
      0.00037268096843965466,
      0.0004264567778070679
    ],
    [
      -0.0025375803833905405,
      -0.0008733485308096915,
      0.001665627601747886
    ],
    [
      -0.0027317969542273147,
      0.0022523683510717934,
      0.004577910817834012
    ],
    [
      0.0029209351331403004,
      -0.004792385677643819,
      0.004192284909647066
    ]
  ]
}