{
  "name": "system12",
  "subset": "sp",
  "atomic_number": [
    7,
    5,
    5,
    7,
    1,
    1,
    1,
    1,
    1,
    1,
    1,
    1,
    1,
    1
  ],
  "charge": [
    0,
    0,
    0,
    0,
    0,
    0,
    0,
    0,
    0,
    0,
    0,
    0,
    0,
    0
  ],
  "positition": [
    [
      0.70794200150898,
      -1.41092370045052,
      0.68060735098036
    ],
    [
      1.42391736887395,
      1.10604007044148,
      -0.76693789003743
    ],
    [
      -1.37114691444434,
      -0.2375902543542,
      -0.36359666372848
    ],
    [
      -1.6814221411689,
      0.90509557605283,
      0.37899410030542
    ],
    [
      0.27147847568265,
      -1.74504904866635,
      1.54066955400436
    ],
    [
      1.6664746738237,
      -1.14530455031084,
      0.90935370378293
    ],
    [
      0.76008734110328,
      -2.2087476840926,
      0.0452028130508
    ],
    [
      1.6700611801501,
      1.28635446588266,
      0.39838762080102
    ],
    [
      2.02396762216842,
      0.26869961504645,
      -1.3917375674852
    ],
    [
      0.70442243759885,
      1.87951677087698,
      -1.34625686157981
    ],
    [
      -0.72338979912165,
      -0.11795102789321,
      -1.37783969064744
    ],
    [
      -1.9117879543675,
      -1.2861134923447,
      -0.09561998249132
    ],
    [
      -2.25427093495493,
      0.89058825042986,
      1.21412676242746
    ],
    [
      -1.28633335685262,
      1.81538500938214,
      0.17464675061733
    ]
  ],
  "energies": -4489.361816061146,
  "forces": [
    [
      0.0024727948523487198,
      -0.005388229881193022,
      -0.0015044393217591929
    ],
    [
      -0.0034777509133650368,
      0.001713130895949535,
      0.004558199299700351
    ],
    [
      0.0019265131396778033,
      0.0022849301923492968,
      -0.00019325600662352415
    ],
    [
      0.003724666412640216,
      -0.0016288763018203862,
      0.002975824538792625
    ],
    [
      -0.0007892683089100466,
      0.00035898135843574427,
      -0.0024269760936428877
    ],
    [
      0.0015933699815592146,
      -0.002450941862231077,
      -0.0007918331901944527
    ],
    [
      -0.0003357217690949084,
      0.005670732947595376,
      0.005205502131429738
    ],
    [
      -0.0002308868295865392,
      0.0005419149507335925,
      -0.0018967648053790885
    ],
    [
      -0.0011560012868493453,
      -0.00041161328392072977,
      -0.00022489307344647277
    ],
    [
      0.00038370560251351827,
      0.0003581082117365479,
      -0.0006714650840359278
    ],
    [
      -0.002735131829544334,
      -0.003452834710710814,
      -0.0012675064397903563
    ],
    [
      -0.0016251432140158189,
      -0.0003679766720539491,
      -0.0008499042848259338
    ],
    [
      -0.00017051768277678457,
      -0.00018007930761985684,
      -0.004129624806904296
    ],
    [
      0.0004193730281108845,
      0.002952750583113986,
      0.001217137136679419
    ]
  ]
}