{
  "name": "system13",
  "subset": "prod",
  "atomic_number": [
    7,
    5,
    5,
    7,
    1,
    1,
    1,
    1,
    1,
    1,
    1,
    1,
    1,
    1
  ],
  "charge": [
    0,
    0,
    0,
    0,
    0,
    0,
    0,
    0,
    0,
    0,
    0,
    0,
    0,
    0
  ],
  "positition": [
    [
      2.17709781648932,
      -0.79673440554197,
      -0.07243889469942
    ],
    [
      -0.48315570647759,
      1.86331642542134,
      0.29174592841146
    ],
    [
      -0.79325382523558,
      0.3241130354961,
      -0.56061583269315
    ],
    [
      -1.0994520849446,
      -0.86624558863618,
      0.15369756649481
    ],
    [
      1.30343206973428,
      -1.28022265349375,
      0.14856191945641
    ],
    [
      2.78459646642221,
      -0.89824484122795,
      0.74256542828304
    ],
    [
      2.6170471190213,
      -1.33114233924205,
      -0.82388014120064
    ],
    [
      -1.58566063552603,
      1.44748479938405,
      -0.21558359782779
    ],
    [
      -0.55724801312335,
      1.8433921031904,
      1.49697098334771
    ],
    [
      -0.19385508645209,
      2.86611970763544,
      -0.30753765410741
    ],
    [
      -0.74839289975835,
      0.28771085418694,
      -1.76303064142184
    ],
    [
      0.35260216041902,
      0.96711116303754,
      -0.10646411241238
    ],
    [
      -1.24461333371591,
      -0.88665315341176,
      1.15636807351355
    ],
    [
      -1.4340600468526,
      -1.69171810679816,
      -0.32510402514436
    ]
  ],
  "energies": -4490.173561057923,
  "forces": [
    [
      -0.0034953476989896004,
      0.012854465088504026,
      -0.014445054216097056
    ],
    [
      0.0009050753805617801,
      0.003489390761049571,
      -0.0045883964972226994
    ],
    [
      -0.005344391386290844,
      -0.0055099063190045304,
      0.00829685266885538
    ],
    [
      0.004466137190280721,
      -0.0042920016565517185,
      -0.003343730094127788
    ],
    [
      0.003724874980544334,
      -0.0065216389342882325,
      0.011866635301198396
    ],
    [
      -0.00591882842904408,
      -0.0014972587443106784,
      -0.0019873171114868755
    ],
    [
      0.0017220737590593076,
      -0.001334375387302415,
      0.0070533112777442725
    ],
    [
      0.002047755883775471,
      0.0002639961101902882,
      0.0018854643433373515
    ],
    [
      0.0024480276708449254,
      0.000561793436319095,
      0.0033015717124236575
    ],
    [
      0.0021044161625742575,
      -0.0009614647164890671,
      0.0012742804743764537
    ],
    [
      0.000840190707774609,
      -0.0002136554491707204,
      -0.005421615709673583
    ],
    [
      0.00037600494227845046,
      0.00033212392132678876,
      0.0025619425646939303
    ],
    [
      0.00041783792514203243,
      0.0028302902673117505,
      -0.004681669339211976
    ],
    [
      -0.004293826471446559,
      -1.7585832724273477e-06,
      -0.0017722763004066704
    ]
  ]
}