{
  "name": "system13",
  "subset": "sp",
  "atomic_number": [
    7,
    5,
    5,
    7,
    1,
    1,
    1,
    1,
    1,
    1,
    1,
    1,
    1,
    1
  ],
  "charge": [
    0,
    0,
    0,
    0,
    0,
    0,
    0,
    0,
    0,
    0,
    0,
    0,
    0,
    0
  ],
  "positition": [
    [
      1.0717722578567,
      -1.2397186881378,
      0.98955056129583
    ],
    [
      1.40306054139699,
      1.20272428130278,
      -0.86347156114859
    ],
    [
      -2.20322347656906,
      -0.0961312372588,
      -0.56941322161625
    ],
    [
      -1.35914464985394,
      0.43116983123175,
      0.39843311459785
    ],
    [
      0.67330284540918,
      -1.99658385824277,
      1.5487765942246
    ],
    [
      1.92778610116012,
      -0.94086295936638,
      1.45902255789435
    ],
    [
      1.36040967332089,
      -1.65606785470657,
      0.10241387325456
    ],
    [
      1.01839706516716,
      2.17625744885017,
      -0.26886616249003
    ],
    [
      2.41883531604079,
      0.65555346121109,
      -0.51211712299457
    ],
    [
      0.83928565272291,
      0.83735056693511,
      -1.86073257054164
    ],
    [
      -3.17190516120341,
      0.52896577799707,
      -0.93725906338891
    ],
    [
      -1.9518862650974,
      -1.18817208802177,
      -1.03027930628416
    ],
    [
      -0.52142042655621,
      -0.0596275758895,
      0.73110648429549
    ],
    [
      -1.50526947379472,
      1.34514289409563,
      0.81283582290145
    ]
  ],
  "energies": -4489.537769172048,
  "forces": [
    [
      -0.0019702282730410313,
      0.001427114159702889,
      -0.011664375136361127
    ],
    [
      0.0037412422645447642,
      0.003168565501992171,
      -0.0006752135470385554
    ],
    [
      -0.0010482846032791584,
      -0.0004046456966741038,
      0.0019357002576062563
    ],
    [
      0.002039729156212982,
      -0.0038563400716251197,
      -0.0067838452994334365
    ],
    [
      -0.0010790652869967822,
      0.0034080901075644347,
      0.0016586672650127196
    ],
    [
      0.0013196647166153713,
      0.0008875290399850322,
      0.0033016825784003044
    ],
    [
      -0.0013183202866712909,
      -0.0011916016580712256,
      0.0020305482089325805
    ],
    [
      0.00200242913140756,
      -0.00012721762833911113,
      0.0016461084021451445
    ],
    [
      0.000995039366799985,
      0.00011635811052267506,
      0.000422406415848552
    ],
    [
      -0.001166548107075804,
      0.00020542323902813825,
      0.0017716648406068975
    ],
    [
      0.0005510628850469219,
      -0.00043089285669082944,
      -0.0027367868487736405
    ],
    [
      -0.00324172593941275,
      -0.001887282627629671,
      0.004509862556635299
    ],
    [
      0.0005292357602290255,
      -0.0032065897551904953,
      0.0013501489006941514
    ],
    [
      -0.001354230424425324,
      0.0018914884899190684,
      0.0032334297602187073
    ]
  ]
}