{
  "name": "system14",
  "subset": "prod",
  "atomic_number": [
    1,
    6,
    6,
    1,
    1,
    8,
    1,
    8,
    6,
    1,
    1
  ],
  "charge": [
    0,
    0,
    0,
    0,
    0,
    0,
    0,
    0,
    0,
    0,
    0
  ],
  "positition": [
    [
      -2.54868361975784,
      0.11790995358611,
      0.34569787592755
    ],
    [
      -1.66451298638359,
      0.71553588588702,
      0.08757813026487
    ],
    [
      -0.43364444437295,
      -0.15492826734937,
      0.1073543602409
    ],
    [
      -1.79718083332575,
      1.13014030080456,
      -0.92648130178949
    ],
    [
      -1.56282137453958,
      1.56858308832874,
      0.77709926659269
    ],
    [
      -0.48131861343915,
      -1.36809473418112,
      0.13726283719791
    ],
    [
      1.51057417246657,
      -1.27830156217053,
      0.05985167518472
    ],
    [
      1.95652573942473,
      -0.41206146181981,
      0.00886327981742
    ],
    [
      0.93144654155526,
      0.52161172304985,
      0.07403226047273
    ],
    [
      0.95007316571618,
      1.21991324286551,
      -0.789730287785
    ],
    [
      1.0034442526561,
      1.16378883099906,
      0.97982390387566
    ]
  ],
  "energies": -7293.562183828705,
  "forces": [
    [
      -0.0026569183512790417,
      0.0036498071958112354,
      0.0031540550688343777
    ],
    [
      -0.003697786401243807,
      0.00022445593445413658,
      -0.002565193056398854
    ],
    [
      0.0014291603465965534,
      -0.006858854360165917,
      0.0068432465800964135
    ],
    [
      0.00022862050482366043,
      0.0033909406939235586,
      -0.001589314220283654
    ],
    [
      0.003737118111919974,
      0.0007552393960584513,
      -0.0009244038042956156
    ],
    [
      -0.0005290051322581247,
      0.0010112682740178746,
      -0.00257655856735546
    ],
    [
      -0.002460102754905313,
      -0.004128568494802124,
      -0.0009772626039406044
    ],
    [
      0.01440793314008511,
      0.009172187531272642,
      0.0013157564852502935
    ],
    [
      -0.007445402790958907,
      0.0016669215866441504,
      -0.003495046262832316
    ],
    [
      9.356507359655115e-05,
      -0.004149721784852866,
      0.0014533882648827701
    ],
    [
      -0.0031071864772068266,
      -0.004733670984420633,
      -0.000638667986801485
    ]
  ]
}