{
  "name": "system14",
  "subset": "sp",
  "atomic_number": [
    1,
    6,
    6,
    1,
    1,
    8,
    1,
    8,
    6,
    1,
    1
  ],
  "charge": [
    0,
    0,
    0,
    0,
    0,
    0,
    0,
    0,
    0,
    0,
    0
  ],
  "positition": [
    [
      -0.34135979210566,
      2.49047300495253,
      -0.8276354678384
    ],
    [
      -0.57984443446667,
      1.46373434799905,
      -0.53277071160413
    ],
    [
      0.39281393085345,
      0.60930630063004,
      -0.03636229701344
    ],
    [
      -1.61690305538132,
      1.12409054475143,
      -0.57020988218849
    ],
    [
      -0.15580979233876,
      -0.09297893350629,
      -0.90103818075432
    ],
    [
      1.59454538478652,
      0.660759115949,
      0.22545069951143
    ],
    [
      1.62846214253101,
      -1.00829587056467,
      0.69728470296686
    ],
    [
      0.95296305214564,
      -1.73804512049501,
      0.61024771275112
    ],
    [
      -0.20826072109836,
      -1.08884945336835,
      0.39082278320105
    ],
    [
      -0.8060705976625,
      -0.80535971420549,
      1.27769034823432
    ],
    [
      -0.86053611726334,
      -1.61483422214223,
      -0.33347970726602
    ]
  ],
  "energies": -7289.857053825838,
  "forces": [
    [
      0.0038933948131705193,
      0.004205062881942514,
      -0.001975571848564806
    ],
    [
      -0.00030389536622093275,
      -0.009791617700022506,
      -0.000355219474273606
    ],
    [
      -0.006647718592282631,
      0.003407002736533739,
      -0.0023678695128464054
    ],
    [
      0.002166799871706416,
      -0.0030398664553222504,
      0.001564728610098756
    ],
    [
      -0.0014680932277203666,
      0.0011470240223766892,
      0.0004965669610519735
    ],
    [
      0.003069689145929978,
      -0.004146851713600278,
      0.005185403970773624
    ],
    [
      -0.0013206094428319577,
      0.0010103297184493394,
      -0.000578329898920253
    ],
    [
      0.004792010502242326,
      0.005631789884902278,
      -0.006093271980954954
    ],
    [
      -0.0012888693776086269,
      -0.0036400543323006538,
      -0.0021019330937985924
    ],
    [
      -0.0026572341856151115,
      0.0007429595493269092,
      0.00306004066921559
    ],
    [
      -0.00023547964293079253,
      0.00447422469872651,
      0.0031654529242711844
    ]
  ]
}