{
  "name": "system15",
  "subset": "prod",
  "atomic_number": [
    1,
    6,
    6,
    1,
    1,
    8,
    1,
    8,
    6,
    1,
    1
  ],
  "charge": [
    0,
    0,
    0,
    0,
    0,
    0,
    0,
    0,
    0,
    0,
    0
  ],
  "positition": [
    [
      1.89077161706733,
      -1.76770577042592,
      0.20752429837356
    ],
    [
      1.62936918306585,
      -0.80600658165651,
      -0.25743064727663
    ],
    [
      0.3679812793167,
      -0.24745542944791,
      0.40625846014495
    ],
    [
      2.48337388934601,
      -0.11874879395579,
      -0.14267823341888
    ],
    [
      0.60492415356081,
      -0.03736814781725,
      1.4761261096283
    ],
    [
      -0.70171426515247,
      -1.13786008745004,
      0.29863489381808
    ],
    [
      -1.44252911477544,
      -0.6192759850872,
      -0.06424631024752
    ],
    [
      -1.11410505084031,
      1.31232867742415,
      -0.6188565774304
    ],
    [
      -0.00771051768773,
      1.09768464922352,
      -0.18375961674379
    ],
    [
      1.44693631068358,
      -0.9805963710301,
      -1.32938215093323
    ],
    [
      0.78981851541564,
      1.88285584022306,
      -0.18845022591444
    ]
  ],
  "energies": -7293.36853892418,
  "forces": [
    [
      0.0008763331190056901,
      0.003113085513899312,
      -0.004413445872308247
    ],
    [
      -0.000687931149827239,
      0.0014940761811563813,
      0.007248306327254731
    ],
    [
      0.0007437766973950441,
      0.00025472594562348476,
      -0.0018304927137997493
    ],
    [
      0.0005093432878412744,
      -0.002166129276529489,
      -0.0002370167513602612
    ],
    [
      0.002892879921822606,
      0.00029589208712103735,
      0.0002947353991439041
    ],
    [
      -0.005442428739906389,
      -0.004651907018111012,
      0.00303766996172648
    ],
    [
      0.0006033597957648129,
      -0.0007196232896840415,
      0.001853976760463435
    ],
    [
      0.005054953488498602,
      0.006733035052097198,
      -0.004782755044386711
    ],
    [
      0.002102712395225348,
      -0.0005910425651904958,
      -0.0014063254521078177
    ],
    [
      0.0003989442235633797,
      0.00011077835344475411,
      -0.0018398101866682762
    ],
    [
      -0.00705193650878061,
      -0.003872890006807855,
      0.0020751596803472625
    ]
  ]
}