{
  "name": "system15",
  "subset": "sp",
  "atomic_number": [
    1,
    6,
    6,
    1,
    1,
    8,
    1,
    8,
    6,
    1,
    1
  ],
  "charge": [
    0,
    0,
    0,
    0,
    0,
    0,
    0,
    0,
    0,
    0,
    0
  ],
  "positition": [
    [
      -0.08320800647848,
      0.20958903600331,
      -1.79004070119685
    ],
    [
      -0.53603679199165,
      0.52969672626016,
      -0.84670731936422
    ],
    [
      0.31920766055571,
      0.77269555683328,
      0.27968961763496
    ],
    [
      -1.55044478203794,
      0.94071580477553,
      -0.87200130376316
    ],
    [
      -0.04575189003027,
      1.45406841314861,
      1.05982221127412
    ],
    [
      1.6643974615947,
      0.64203082080326,
      0.1781926007987
    ],
    [
      1.80038173751405,
      -0.34943759804044,
      0.29391573776818
    ],
    [
      0.72242354960354,
      -1.65820097226301,
      0.38771120666569
    ],
    [
      -0.24293332029135,
      -0.86912735005666,
      0.48021788621189
    ],
    [
      -1.05797971384396,
      -0.89096102020403,
      -0.46069842392905
    ],
    [
      -0.99005590459437,
      -0.78106941726001,
      1.28989848789974
    ]
  ],
  "energies": -7290.108400148516,
  "forces": [
    [
      -0.00046502044848917133,
      -0.001127506622546296,
      0.0009458991539366443
    ],
    [
      -0.0006580391422730729,
      -0.0061132799473053905,
      -0.0022577927620850338
    ],
    [
      0.00379755899251332,
      0.001554162969395742,
      -0.0009540987624886911
    ],
    [
      -0.0062754772825166,
      0.001628734685447619,
      -0.0009226125680105859
    ],
    [
      -0.002347278008878626,
      -0.0015705954565772434,
      -0.0004762368354512153
    ],
    [
      0.008173614131489796,
      0.005808901727874478,
      0.0031053867562807268
    ],
    [
      -0.002751461472591654,
      0.00041819350873596305,
      0.002459277019351974
    ],
    [
      -0.004501877892323692,
      -0.008069333573286729,
      -0.0018145028163496957
    ],
    [
      -0.0033651803980380454,
      0.005015588404900893,
      0.00037930917004348345
    ],
    [
      0.003356419209091303,
      0.004270291774046788,
      0.003048963533211227
    ],
    [
      0.005036734495862244,
      -0.0018151582420168311,
      -0.003513592094127102
    ]
  ]
}