{
  "name": "system16",
  "subset": "prod",
  "atomic_number": [
    1,
    6,
    6,
    1,
    1,
    8,
    1,
    8,
    6,
    1,
    1
  ],
  "charge": [
    0,
    0,
    0,
    0,
    0,
    0,
    0,
    0,
    0,
    0,
    0
  ],
  "positition": [
    [
      -1.87356380547048,
      0.80578766822504,
      -0.27993940166503
    ],
    [
      -0.82138569044346,
      0.5252254607326,
      -0.47226959903528
    ],
    [
      -0.70613429460986,
      -0.97609473425804,
      -0.40314143552758
    ],
    [
      -0.62343885299505,
      0.80811433299247,
      -1.52485747201856
    ],
    [
      -1.50651839450951,
      -1.55124996063118,
      -0.93811341248153
    ],
    [
      0.18482904734931,
      -1.56384566241364,
      0.1676033352928
    ],
    [
      1.59184873746617,
      2.89265925e-06,
      0.33708461471509
    ],
    [
      1.49063004107147,
      0.95189819678208,
      0.18084076965546
    ],
    [
      0.14814710381942,
      1.24755773244408,
      0.46700666583863
    ],
    [
      0.01943659998767,
      2.33658478093901,
      0.35745142978963
    ],
    [
      -0.11806549166566,
      0.9973192925283,
      1.51535950543642
    ]
  ],
  "energies": -7293.308253543231,
  "forces": [
    [
      -0.00033047255306424507,
      0.0022378844002785515,
      0.004315729803767883
    ],
    [
      -0.0065201927400733795,
      -0.002986860845675718,
      -0.003113338870423867
    ],
    [
      0.004206800485011568,
      -0.0014703289563533263,
      -0.0021748171376085594
    ],
    [
      0.004542047988381701,
      0.004589598436618872,
      -0.0003331529283113364
    ],
    [
      -0.0022473832901997734,
      0.0005069654800369434,
      -0.0018587067164606186
    ],
    [
      -0.003245003684813231,
      -0.007709856763234568,
      0.00904940140525332
    ],
    [
      -0.000990766912933705,
      -0.00013755156120781538,
      -0.0049660888546327235
    ],
    [
      0.009856258426523398,
      0.0059388976390764205,
      -0.000649604740562691
    ],
    [
      -0.00015220463917971748,
      0.002953188596281463,
      0.006154716980252375
    ],
    [
      -0.0034972783404985126,
      -0.0012670294486960252,
      -0.001673426786663499
    ],
    [
      -0.0016218153320999241,
      -0.002654905640151053,
      -0.004750716062687383
    ]
  ]
}