{
  "name": "system16",
  "subset": "sp",
  "atomic_number": [
    1,
    6,
    6,
    1,
    1,
    8,
    1,
    8,
    6,
    1,
    1
  ],
  "charge": [
    0,
    0,
    0,
    0,
    0,
    0,
    0,
    0,
    0,
    0,
    0
  ],
  "positition": [
    [
      -0.11990169815027,
      0.25110075604897,
      -1.58693010341688
    ],
    [
      -0.46508153893358,
      0.68434433374426,
      -0.64592039493149
    ],
    [
      0.48512213974847,
      1.165194523667,
      0.25252133364107
    ],
    [
      -1.45779532531407,
      1.14214523174689,
      -0.65431576361729
    ],
    [
      0.2047695530486,
      1.92096384534753,
      1.00964727132977
    ],
    [
      1.65048767244967,
      0.63557330291993,
      0.37078585763324
    ],
    [
      1.47801914777026,
      -0.46572884254076,
      0.23740851445214
    ],
    [
      0.76656376819926,
      -1.56503495066048,
      0.15259248213812
    ],
    [
      -0.45058439684338,
      -1.20624320379385,
      0.21160933608077
    ],
    [
      -0.92222217607732,
      -0.97279998366242,
      1.19053140684538
    ],
    [
      -1.16937714589764,
      -1.58951501281709,
      -0.53792994015484
    ]
  ],
  "energies": -7291.772745844322,
  "forces": [
    [
      0.0018219567535068635,
      -0.0020196045131923176,
      9.170323481340613e-05
    ],
    [
      0.005176757041659957,
      0.0021914563414997647,
      0.003779790611450876
    ],
    [
      -0.007547064011908519,
      -0.00206858562618008,
      -0.002192518104341049
    ],
    [
      -0.0022103109623074287,
      -0.0009059184967737955,
      0.001453021522700281
    ],
    [
      0.0033041464667449443,
      -0.00136365660354368,
      -0.002829908201353268
    ],
    [
      -0.0034177197123802005,
      0.002303903855242276,
      7.673421966130011e-05
    ],
    [
      0.0007003019621954642,
      -0.00310426282416033,
      0.0038666962188268067
    ],
    [
      0.008766388797588167,
      -0.002071448909719812,
      -0.006750778133502633
    ],
    [
      -0.0070275584380584885,
      0.004231818914735167,
      0.004773509973788648
    ],
    [
      -0.001034393343231202,
      0.002300961844517828,
      -2.3870329231669478e-05
    ],
    [
      0.0014674861387962963,
      0.0005053378687693955,
      -0.0022443820926761047
    ]
  ]
}