{
  "name": "system17",
  "subset": "prod",
  "atomic_number": [
    1,
    6,
    6,
    1,
    1,
    8,
    1,
    8,
    6,
    1,
    1
  ],
  "charge": [
    0,
    0,
    0,
    0,
    0,
    0,
    0,
    0,
    0,
    0,
    0
  ],
  "positition": [
    [
      -1.42515803169095,
      0.33950643792293,
      1.31537840617441
    ],
    [
      -1.33414606296751,
      0.42436710073323,
      0.21917369260305
    ],
    [
      0.10116775419568,
      0.79872622809061,
      -0.15412989104777
    ],
    [
      -2.02429090944459,
      1.2324734070329,
      -0.09568549715951
    ],
    [
      0.21013076625984,
      0.98114157575399,
      -1.23680508159828
    ],
    [
      -1.7065596631072,
      -0.8334352927177,
      -0.29915120596082
    ],
    [
      -1.61590412944273,
      -0.80808692480946,
      -1.26158669678239
    ],
    [
      1.90204209016378,
      -0.7662700443214,
      -0.49329669248432
    ],
    [
      1.0769527695618,
      -0.28786071623593,
      0.24104983364507
    ],
    [
      0.3884778725516,
      1.7284906547353,
      0.37318219447108
    ],
    [
      0.98203454392025,
      -0.63065642618448,
      1.30761393813947
    ]
  ],
  "energies": -7293.141240929918,
  "forces": [
    [
      -0.0023515191981281153,
      0.0004453614322860109,
      -0.001364419141376565
    ],
    [
      -0.0008040258251002095,
      -0.003350238996535967,
      0.0031056445865251183
    ],
    [
      -0.0019520361741457615,
      0.0012141196383604828,
      -0.0017463933628911466
    ],
    [
      -0.0026596810018334775,
      -0.00027451289992956623,
      0.0019359193156120618
    ],
    [
      3.8652682280237036e-05,
      0.002740982478071687,
      0.0021516591068502272
    ],
    [
      0.0030891061184633436,
      0.0006916952965603292,
      0.00037406782158908497
    ],
    [
      -0.00043064577365845973,
      0.0031789816587461527,
      -0.002583455140727434
    ],
    [
      -0.0022792337071790804,
      -0.006185238753862198,
      0.004441631438566014
    ],
    [
      0.008630732448085038,
      0.0013800211621745548,
      -0.003454387502870745
    ],
    [
      -0.002750414159351222,
      0.0011957002025066055,
      -0.003345915480557066
    ],
    [
      0.0014690588827182588,
      -0.0010368657162169123,
      0.00048565190740307973
    ]
  ]
}