{
  "name": "system17",
  "subset": "sp",
  "atomic_number": [
    1,
    6,
    6,
    1,
    1,
    8,
    1,
    8,
    6,
    1,
    1
  ],
  "charge": [
    0,
    0,
    0,
    0,
    0,
    0,
    0,
    0,
    0,
    0,
    0
  ],
  "positition": [
    [
      -0.59215382231151,
      0.62644642468121,
      -1.7642538890026
    ],
    [
      -0.36073807984053,
      1.08877570338537,
      -0.80119902546226
    ],
    [
      -0.11806025490152,
      0.23461083302743,
      0.33454453126683
    ],
    [
      -0.460480867737,
      2.1792237988947,
      -0.72488293082962
    ],
    [
      0.01074114281634,
      0.72628487863802,
      1.30575310156742
    ],
    [
      1.18015245508012,
      0.3257190014204,
      -0.47159841972739
    ],
    [
      1.77225593647672,
      0.93557666048469,
      0.00509781487829
    ],
    [
      0.7908702583067,
      -1.73333560726466,
      1.02637087269911
    ],
    [
      -0.33025622864604,
      -1.30306156313959,
      0.50623786390622
    ],
    [
      -1.27988340866853,
      -1.40407847994824,
      1.11639423075276
    ],
    [
      -0.61244713057475,
      -1.67616165017935,
      -0.53246415004875
    ]
  ],
  "energies": -7288.038356075707,
  "forces": [
    [
      -0.0005452627329894511,
      -0.004048859868514109,
      -0.0009216000675095744
    ],
    [
      0.0037071516966347283,
      -0.0028668804619030553,
      0.0002734942287805038
    ],
    [
      0.006211138609237795,
      0.007753850501357292,
      -4.1576952391538494e-05
    ],
    [
      0.0007232260225485346,
      -0.0029092904003593925,
      -0.0012021376796635956
    ],
    [
      0.0006314336732928607,
      -0.000453842525233311,
      0.0026487337065485184
    ],
    [
      -0.002241792991598099,
      0.009305179086415007,
      -0.0002492023928648937
    ],
    [
      -0.0003467744281953364,
      0.0018462934808870439,
      0.00082722046837031
    ],
    [
      -0.005510233569039494,
      -0.0013971202850338168,
      -0.006797951092345295
    ],
    [
      0.0007891140941308423,
      -0.008692850767928943,
      0.003386810267806582
    ],
    [
      -0.0020762791901698893,
      0.0009827708843452695,
      6.407652358077702e-05
    ],
    [
      -0.001341726068948865,
      0.00048075323560377217,
      0.002012133863863345
    ]
  ]
}