{
  "name": "system18",
  "subset": "prod",
  "atomic_number": [
    1,
    6,
    6,
    1,
    1,
    8,
    1,
    8,
    6,
    1,
    1
  ],
  "charge": [
    0,
    0,
    0,
    0,
    0,
    0,
    0,
    0,
    0,
    0,
    0
  ],
  "positition": [
    [
      3.25134228141808,
      0.26782525957361,
      -0.54350841060746
    ],
    [
      2.29052372829017,
      0.49791608943382,
      -0.07134020626406
    ],
    [
      1.56535782800932,
      1.5573168880025,
      -0.43383627164235
    ],
    [
      1.94052081704886,
      -0.17380351639937,
      0.71820078417936
    ],
    [
      0.61057097656413,
      1.77643166653544,
      0.05434752897085
    ],
    [
      -2.11839882133772,
      -1.58418131961046,
      -0.06291629609907
    ],
    [
      -2.54786202878989,
      -1.72797915976167,
      0.8006073984299
    ],
    [
      -0.59501991177628,
      -0.56730313689139,
      1.24817733852728
    ],
    [
      -0.98273469987509,
      -0.91391119759969,
      0.16458318918481
    ],
    [
      -0.44995310919934,
      -0.72183387378081,
      -0.78937213400079
    ],
    [
      1.8943599396477,
      2.24649930049804,
      -1.21876892067848
    ]
  ],
  "energies": -7293.089664646622,
  "forces": [
    [
      0.004358404205915267,
      -0.003981043006617305,
      -0.0028089755119703437
    ],
    [
      -0.0016730763966983444,
      0.0019388977331600092,
      0.0017914333343908937
    ],
    [
      -0.0022378552953885786,
      -0.0016361115923482852,
      -0.0011011482880205208
    ],
    [
      -0.002132098975282082,
      -0.0005440928295410755,
      -0.0022732763064404475
    ],
    [
      -0.005081241837591067,
      0.000725562538432992,
      0.0027091640456181104
    ],
    [
      -0.0020239328114234575,
      -0.0018075225792745656,
      0.0008739584479474517
    ],
    [
      -0.0016766867914508343,
      -0.00033688555331730017,
      -0.0031695632443599275
    ],
    [
      -0.001233143283502673,
      0.0032115916825005207,
      -0.0012306293614867535
    ],
    [
      0.008704780327539467,
      0.0031405983766754023,
      0.0069552291869303595
    ],
    [
      0.0021213395248082046,
      -0.00042776917180335116,
      -0.002970294506853581
    ],
    [
      0.0008735083505942087,
      -0.000283226266353914,
      0.0012241002502062083
    ]
  ]
}