{
  "name": "system18",
  "subset": "sp",
  "atomic_number": [
    1,
    6,
    6,
    1,
    1,
    8,
    1,
    8,
    6,
    1,
    1
  ],
  "charge": [
    0,
    0,
    0,
    0,
    0,
    0,
    0,
    0,
    0,
    0,
    0
  ],
  "positition": [
    [
      -0.65340209185298,
      0.84630785803681,
      -2.00906724193913
    ],
    [
      -0.54339139931807,
      1.35687310751905,
      -1.05033057039129
    ],
    [
      -0.18489039224571,
      0.70189506498685,
      0.08190662873706
    ],
    [
      -0.83916152971119,
      2.40559559621783,
      -0.97920290178737
    ],
    [
      -0.00532150924879,
      1.22049316377653,
      1.03019835178595
    ],
    [
      1.08606366072848,
      -0.40800897751333,
      -0.09372732827022
    ],
    [
      1.79748631697334,
      -0.20867640665861,
      0.54264465348295
    ],
    [
      0.36536316821512,
      -1.93214874826975,
      1.68357839945176
    ],
    [
      0.06838808344309,
      -1.52716205386191,
      0.59977571717058
    ],
    [
      -0.29219050943391,
      -2.0954552689491,
      -0.28504554595141
    ],
    [
      -0.79894379754939,
      -0.35971333528439,
      0.47926983771112
    ]
  ],
  "energies": -7288.860031700955,
  "forces": [
    [
      0.00013369475190982809,
      0.0015377439547958186,
      0.001888317136775397
    ],
    [
      -0.0021583652128856984,
      -0.0087584171944816,
      0.0035223453640755116
    ],
    [
      0.004022253628202891,
      0.007511537482774981,
      -0.006686020421799109
    ],
    [
      -0.0014179841716909741,
      0.006204301736885714,
      0.0008434017073320071
    ],
    [
      -0.0038520097165112956,
      -0.0009639937051706439,
      -0.0018758611694640703
    ],
    [
      0.0002712481643120587,
      -0.007534531322873093,
      -0.010522762566636774
    ],
    [
      0.0013077690441470622,
      0.002750596810533527,
      0.0035489711961942923
    ],
    [
      -0.009682071110772836,
      -0.0013915476242011542,
      -0.0016896748228903465
    ],
    [
      0.010081692408693596,
      -0.0014350180399470985,
      0.012671966475471698
    ],
    [
      0.0015859245290431169,
      -0.0011441689663676915,
      -0.005321518902271065
    ],
    [
      -0.00029215416564216327,
      0.0032234997991090653,
      0.0036208323522456953
    ]
  ]
}