{
  "name": "system19",
  "subset": "prod",
  "atomic_number": [
    1,
    6,
    6,
    1,
    1,
    8,
    1,
    8,
    6,
    1,
    1
  ],
  "charge": [
    0,
    0,
    0,
    0,
    0,
    0,
    0,
    0,
    0,
    0,
    0
  ],
  "positition": [
    [
      2.44547278037476,
      1.05874753005753,
      0.23743632237164
    ],
    [
      1.41864855662789,
      1.16671579357755,
      -0.11685546018525
    ],
    [
      0.55134040849011,
      0.14930300826759,
      -0.03613731702604
    ],
    [
      1.11272126040823,
      2.11330014517497,
      -0.56468932447245
    ],
    [
      -1.84351711580567,
      -0.06206334360682,
      1.10828417842493
    ],
    [
      0.88017152013491,
      -1.0533186534954,
      0.49786745660802
    ],
    [
      0.04078171428726,
      -1.53022418290437,
      0.62482074917886
    ],
    [
      -1.73447564729564,
      -0.55394749844748,
      0.28176936859697
    ],
    [
      -0.86590115176032,
      0.19301740694878,
      -0.56348466220141
    ],
    [
      -1.20134695016143,
      1.23445090979403,
      -0.70631789568444
    ],
    [
      -0.91018037530007,
      -0.31223511536637,
      -1.54373541561085
    ]
  ],
  "energies": -7292.931518830601,
  "forces": [
    [
      0.0015869377494530674,
      -0.0022287354375238808,
      0.0004415416468763287
    ],
    [
      -0.0006857510598708709,
      0.0033340000620149944,
      -0.003971829097791898
    ],
    [
      0.006134242101532758,
      -0.006316230864769886,
      0.008085202834567389
    ],
    [
      -5.0562855771465804e-05,
      0.0021770019069730327,
      0.0005144183887527694
    ],
    [
      0.0011963801050776757,
      0.0028712678955113494,
      0.0018825553970020432
    ],
    [
      -0.0016255300622265406,
      0.006004132393296344,
      -0.00017055470666508968
    ],
    [
      0.00072806658741203,
      -0.001315579901871905,
      -0.0016578788104580212
    ],
    [
      -0.002672837234854443,
      -0.0023979662316496583,
      -0.004405096831229234
    ],
    [
      -0.001510155038782501,
      -0.0032631489382053814,
      0.0018957045337777497
    ],
    [
      -0.0006665149387474627,
      0.0012098677533210391,
      -0.0024141440253328604
    ],
    [
      -0.0024342779757476687,
      -7.460406053207694e-05,
      -0.00019991927807710868
    ]
  ]
}