{
  "name": "system19",
  "subset": "sp",
  "atomic_number": [
    1,
    6,
    6,
    1,
    1,
    8,
    1,
    8,
    6,
    1,
    1
  ],
  "charge": [
    0,
    0,
    0,
    0,
    0,
    0,
    0,
    0,
    0,
    0,
    0
  ],
  "positition": [
    [
      -0.34720575680698,
      1.97694398016,
      -1.60457858536777
    ],
    [
      -0.62800003131564,
      1.29368060062495,
      -0.79679396803753
    ],
    [
      0.24623411201498,
      0.42663421338721,
      -0.25088948085328
    ],
    [
      -1.65318098530179,
      1.32155864021107,
      -0.42145343502381
    ],
    [
      0.28866276205175,
      0.10507153106459,
      1.01871645211961
    ],
    [
      1.53488672630752,
      0.25935542568311,
      -0.60570028288133
    ],
    [
      1.88897443599477,
      -0.38191321206116,
      0.05251701260958
    ],
    [
      0.62729626995572,
      -1.21086632309947,
      1.49872629894714
    ],
    [
      -0.30456484812914,
      -1.10971661462212,
      0.5599635125609
    ],
    [
      -1.34892504413432,
      -0.84544220657482,
      0.8398558712472
    ],
    [
      -0.30417764063688,
      -1.83530603477337,
      -0.2903633953207
    ]
  ],
  "energies": -7288.884530767912,
  "forces": [
    [
      -0.0016058636926677859,
      -0.0038208724207584,
      0.00124528094821871
    ],
    [
      0.008041521279813972,
      -0.0036947955395556236,
      0.0022110673809143293
    ],
    [
      -0.002647767897284425,
      0.0016209273758454055,
      -0.0030438416896407467
    ],
    [
      -0.002896246935931557,
      -0.0003789595514093353,
      0.0022266556205983385
    ],
    [
      -0.0016706451099442392,
      0.0007722193225661977,
      -0.00153085931134341
    ],
    [
      -0.0018245915173804455,
      0.006141292581151534,
      -0.0009665327211553034
    ],
    [
      -0.0007452011400755174,
      -0.0071089701632085405,
      0.005291836799594763
    ],
    [
      -0.003153304923719662,
      -0.0002247010120258898,
      -0.008445204972456946
    ],
    [
      0.003831087260119722,
      0.002389030567629279,
      0.0001783759516474847
    ],
    [
      -0.0005655102233283949,
      0.004978174171684463,
      0.000848487606877591
    ],
    [
      0.0032365179124578254,
      -0.000673345280497024,
      0.001984734335323122
    ]
  ]
}