{
  "name": "system1",
  "subset": "prod",
  "atomic_number": [
    7,
    5,
    7,
    5,
    1,
    1,
    1,
    1,
    1,
    1,
    1,
    1
  ],
  "charge": [
    0,
    0,
    0,
    0,
    0,
    0,
    0,
    0,
    0,
    0,
    0,
    0
  ],
  "positition": [
    [
      0.67566851520979,
      -0.53062063434285,
      -0.4316011837712
    ],
    [
      1.56745119738078,
      0.70766753211528,
      0.27234583828644
    ],
    [
      -1.63513619775642,
      0.30979664007592,
      -0.01891140755771
    ],
    [
      -0.6214615824647,
      -0.57879515377646,
      0.30692857935991
    ],
    [
      -1.50469475701978,
      1.09071142567987,
      -0.65368707653278
    ],
    [
      1.05609393471569,
      1.73895416471054,
      -0.14566736714799
    ],
    [
      2.71904347327113,
      0.53905121254164,
      -0.10118867269991
    ],
    [
      1.21151863168906,
      -1.39271498683403,
      -0.33530551255232
    ],
    [
      0.59832160803399,
      -0.32296378696028,
      -1.42797952242034
    ],
    [
      -2.4977899524355,
      0.35396383057298,
      0.50911634066512
    ],
    [
      -0.75702326198382,
      -1.4042009637226,
      1.16959468872174
    ],
    [
      1.42594839135974,
      0.56584571994,
      1.48050129564907
    ]
  ],
  "energies": -4459.254098051787,
  "forces": [
    [
      -0.006799816633517269,
      0.0035632522355107943,
      0.0024764405226392334
    ],
    [
      0.005542806003262819,
      0.004573397143051011,
      -0.001827308196606903
    ],
    [
      0.0020505488219274234,
      -0.0038654826066214045,
      0.0058499461019171604
    ],
    [
      0.0009094580319178347,
      0.0033294717319428727,
      -0.0019818494030931443
    ],
    [
      0.0026521283343074963,
      0.00045441546990483315,
      -0.002076508018368442
    ],
    [
      -0.0005139308561346845,
      -0.0027659621355567,
      -0.00137580552969241
    ],
    [
      0.0006624585089850301,
      0.00045172131354376157,
      -0.00017574453020826353
    ],
    [
      -0.0029487399704133306,
      -0.0016487045994684085,
      -0.000685683439852647
    ],
    [
      0.0020580603517997317,
      -0.0015628134466320381,
      -0.001112987653325366
    ],
    [
      -0.0022339601252285416,
      -0.0017553837399909107,
      0.00022771131125543363
    ],
    [
      0.0013343196972037557,
      0.00016928154770599646,
      -0.0023639724914919532
    ],
    [
      -0.002713330775714452,
      -0.0009431939932532154,
      0.003045761738203838
    ]
  ]
}