{
  "name": "system1",
  "subset": "sp",
  "atomic_number": [
    7,
    5,
    7,
    5,
    1,
    1,
    1,
    1,
    1,
    1,
    1,
    1
  ],
  "charge": [
    0,
    0,
    0,
    0,
    0,
    0,
    0,
    0,
    0,
    0,
    0,
    0
  ],
  "positition": [
    [
      0.3733895436669,
      1.0282003351527,
      0.76724205772121
    ],
    [
      0.93939140995448,
      0.93545454378422,
      -0.55730914827358
    ],
    [
      -0.5599326332573,
      -1.67478743332043,
      0.18457492093425
    ],
    [
      -0.83171901881726,
      -0.37190332199605,
      -0.29501738323139
    ],
    [
      0.22855396196031,
      -2.22737874908028,
      -0.12633452119338
    ],
    [
      1.85478714152616,
      0.16773339680485,
      -0.73262494434039
    ],
    [
      0.7406334053873,
      1.83998882528264,
      -1.32997021604931
    ],
    [
      -0.20359028997753,
      1.80877639880497,
      1.0585502024152
    ],
    [
      0.70148041632447,
      0.46008561987364,
      1.53918707894511
    ],
    [
      -1.10621444217323,
      -2.11581569218559,
      0.91281772670785
    ],
    [
      -1.88097509645783,
      0.18281797206292,
      -0.08460203281773
    ],
    [
      -0.25580439813648,
      -0.03317189518359,
      -1.33651374081786
    ]
  ],
  "energies": -4458.582248508252,
  "forces": [
    [
      -0.0015652341404403225,
      0.004100833591540337,
      0.002712270144158644
    ],
    [
      -0.0035007393027240374,
      -0.00627967867108616,
      -0.00421708428136486
    ],
    [
      0.0028377803027600157,
      0.0008006396819823014,
      0.006372484960660725
    ],
    [
      0.002177582307844283,
      0.000442261864347998,
      -0.001858518048896464
    ],
    [
      -0.00013369737443524968,
      -0.0010811085942546894,
      -0.0008227766247544177
    ],
    [
      -0.000973330718424665,
      -0.0003831001076735279,
      0.0008321848575713592
    ],
    [
      -0.002051662778166804,
      0.002093756522332602,
      -0.0009098201975363529
    ],
    [
      -0.00260038523925217,
      -6.711597912236116e-05,
      0.0005459578050703131
    ],
    [
      0.002540583020732088,
      -0.0044855090142391805,
      0.0004769371525829205
    ],
    [
      -0.00037156022448741764,
      0.0027606051388734147,
      -0.002886903443497082
    ],
    [
      0.0020216495173784386,
      0.00037003041799147583,
      -0.001804922782406605
    ],
    [
      0.0016190149891703108,
      0.0017283867433918719,
      0.0015601884015291362
    ]
  ]
}