{
  "name": "system20",
  "subset": "prod",
  "atomic_number": [
    1,
    6,
    6,
    1,
    1,
    8,
    1,
    8,
    6,
    1,
    1
  ],
  "charge": [
    0,
    0,
    0,
    0,
    0,
    0,
    0,
    0,
    0,
    0,
    0
  ],
  "positition": [
    [
      1.43970608052127,
      -1.29260858594726,
      -0.32371090267245
    ],
    [
      1.87601145990061,
      -0.29675438010803,
      -0.23943031236299
    ],
    [
      1.14282090150972,
      0.8021724874423,
      -0.02688475821611
    ],
    [
      2.96140748485997,
      -0.1985022340108,
      -0.29794829764359
    ],
    [
      1.60047945432065,
      1.78620933789724,
      0.11608929579095
    ],
    [
      -0.93484608780468,
      -1.28323727940806,
      0.48854009828061
    ],
    [
      -1.25764850698306,
      -1.00766634622347,
      1.35843370293689
    ],
    [
      -0.21284545959495,
      0.90869400837345,
      0.04377841087032
    ],
    [
      -0.99792262672118,
      -0.19007972795132,
      -0.36765443157649
    ],
    [
      -2.01947923572982,
      0.22185362096452,
      -0.45199125654143
    ],
    [
      -0.65395246427854,
      -0.54769990102858,
      -1.3538135488657
    ]
  ],
  "energies": -7292.705765508001,
  "forces": [
    [
      -0.0004746744273647381,
      0.0003433129517491406,
      -0.0011510978327977984
    ],
    [
      -0.000561777546900364,
      -0.0035588290635658725,
      -0.0001573119303052111
    ],
    [
      -0.00287342407420652,
      0.0026880120411190453,
      -0.00013256248941456277
    ],
    [
      -0.0012665426874089467,
      -0.00023628393548215474,
      0.0005482683528108897
    ],
    [
      0.0024834039961204924,
      0.0018127099345585194,
      -0.0003933366471471627
    ],
    [
      -0.0026779755849084593,
      -0.001436615415039197,
      0.004030362014007919
    ],
    [
      0.0016236485287916998,
      -0.0014498040953844966,
      -0.000619619607645024
    ],
    [
      -0.0023512159107764155,
      -0.0011389808397527317,
      8.745145261809682e-05
    ],
    [
      0.002235874363098052,
      0.0021193376637363716,
      -0.004794924076563674
    ],
    [
      -0.0014474721046419431,
      0.0020506401475185758,
      0.0030117102510647904
    ],
    [
      0.005310155551041277,
      -0.0011934976925289857,
      -0.000428937584011781
    ]
  ]
}