{
  "name": "system20",
  "subset": "sp",
  "atomic_number": [
    1,
    6,
    6,
    1,
    1,
    8,
    1,
    8,
    6,
    1,
    1
  ],
  "charge": [
    0,
    0,
    0,
    0,
    0,
    0,
    0,
    0,
    0,
    0,
    0
  ],
  "positition": [
    [
      -0.97879480045866,
      1.26535357572483,
      -1.67090091668133
    ],
    [
      -0.51651246285228,
      1.62704122287691,
      -0.75126578268399
    ],
    [
      -0.03804042537777,
      0.79180438991485,
      0.16911739144323
    ],
    [
      -0.54455620800957,
      2.69561535239431,
      -0.5262304079763
    ],
    [
      0.46491398513605,
      1.08527219913717,
      1.09099349237476
    ],
    [
      0.73892572317102,
      -0.57603816728257,
      -0.44965454326389
    ],
    [
      1.7069278953593,
      -0.54511499827733,
      -0.31593428328703
    ],
    [
      -1.02008922519089,
      -0.63934752657578,
      0.78420522723928
    ],
    [
      -0.08732004284751,
      -1.50814964645101,
      0.49680895471402
    ],
    [
      0.64250765707115,
      -1.8085653302113,
      1.29254178628992
    ],
    [
      -0.36796209600083,
      -2.38787107125008,
      -0.11968091816868
    ]
  ],
  "energies": -7289.392974063288,
  "forces": [
    [
      -0.00026506908304219816,
      0.0015484932751224797,
      -0.0018579522518922672
    ],
    [
      0.001661116189535837,
      -0.000554532023381114,
      -0.0037397499961577987
    ],
    [
      -0.0027851302252853475,
      0.0009195772262343691,
      0.003903877304391048
    ],
    [
      -0.0008401252989052699,
      0.0002346155979374712,
      0.0018742800437451723
    ],
    [
      0.0026231839326056735,
      0.0022447227124485123,
      -0.00011661851187042125
    ],
    [
      -0.007773391606760614,
      -0.008980978380029652,
      0.004142115792643312
    ],
    [
      0.004418000376212517,
      0.002837190131696018,
      -0.0008066544183257405
    ],
    [
      0.001057968509797772,
      0.0030751439988069363,
      -0.0005658759370695425
    ],
    [
      0.0020730007248604687,
      -0.002347037559292911,
      0.005432056189065299
    ],
    [
      -0.0027207487688467235,
      0.002378443895300825,
      -0.005060354091094779
    ],
    [
      0.0025512015747421375,
      -0.001355641600212488,
      -0.0032051226321943363
    ]
  ]
}