{
  "name": "system21",
  "subset": "prod",
  "atomic_number": [
    1,
    6,
    6,
    1,
    1,
    8,
    1,
    8,
    6,
    1,
    1
  ],
  "charge": [
    0,
    0,
    0,
    0,
    0,
    0,
    0,
    0,
    0,
    0,
    0
  ],
  "positition": [
    [
      2.66585205942286,
      -0.64694375132263,
      0.7944254100061
    ],
    [
      2.31995281864348,
      0.14082545698021,
      0.12080900798986
    ],
    [
      1.03976700910401,
      0.2188560342456,
      -0.24792177431713
    ],
    [
      3.03888767487942,
      0.86996178545557,
      -0.25449562505657
    ],
    [
      0.66737193987427,
      1.01120333982217,
      -0.90933575800485
    ],
    [
      0.10164919476314,
      -0.67272500003285,
      0.17762433754841
    ],
    [
      -1.83008554089979,
      0.58936057031875,
      1.24130946186959
    ],
    [
      -1.78659688089083,
      0.70086942465091,
      0.28048541537244
    ],
    [
      -1.21842921923931,
      -0.44480339474963,
      -0.26311931956472
    ],
    [
      -1.24452196305718,
      -0.31012042376274,
      -1.35920152249188
    ],
    [
      -1.76299809260006,
      -1.36699104160536,
      0.00717236664874
    ]
  ],
  "energies": -7292.673119434843,
  "forces": [
    [
      0.0008826611700039117,
      0.003688927973168197,
      -0.0002967016247232428
    ],
    [
      0.0009941416403527192,
      -0.001476785973895811,
      0.003797206134288945
    ],
    [
      -0.0027636356469753253,
      -0.0004999422541137256,
      0.0014611485747156629
    ],
    [
      0.0009341608844156991,
      0.002538562390605767,
      0.00047126159619401
    ],
    [
      -0.0005506076454869698,
      -0.0005757469170682311,
      -0.0005499789592947216
    ],
    [
      0.0016262660148507393,
      -0.004346359100919992,
      -0.004087314318725712
    ],
    [
      0.0005358233898219199,
      0.0003702760097839,
      0.0022211842098157778
    ],
    [
      0.004392946362418492,
      0.006804118089429388,
      -0.0009646515990969995
    ],
    [
      -0.0014130422025111764,
      -0.006505273398638082,
      -0.0031372075027273224
    ],
    [
      -0.004179726818110498,
      -0.0006687309727287269,
      0.0030499893520276153
    ],
    [
      -0.00045898642887057305,
      0.0006709535373125116,
      -0.0019649350911430056
    ]
  ]
}