{
  "name": "system21",
  "subset": "sp",
  "atomic_number": [
    1,
    6,
    6,
    1,
    1,
    8,
    1,
    8,
    6,
    1,
    1
  ],
  "charge": [
    0,
    0,
    0,
    0,
    0,
    0,
    0,
    0,
    0,
    0,
    0
  ],
  "positition": [
    [
      -1.06236375421557,
      0.79633741020268,
      -1.52115564118515
    ],
    [
      -0.63288771186245,
      1.4924371066908,
      -0.79630654381914
    ],
    [
      0.34992221035385,
      1.12845259820694,
      0.03318792995873
    ],
    [
      -1.01232543314003,
      2.51490897850029,
      -0.77160150664453
    ],
    [
      0.80185880504158,
      1.82840996312495,
      0.74666327589775
    ],
    [
      0.90100957557601,
      -0.11447105712999,
      0.08210131217753
    ],
    [
      1.05028681909029,
      -0.74768044150262,
      1.11490752331111
    ],
    [
      0.51806707919197,
      -1.86323022260459,
      1.35938412892083
    ],
    [
      -0.06053247755463,
      -1.63244404772443,
      0.23595814329863
    ],
    [
      -1.09074733041863,
      -1.21688844828112,
      0.19522112469457
    ],
    [
      0.2377122179376,
      -2.18583183948292,
      -0.67835974661035
    ]
  ],
  "energies": -7290.621837484833,
  "forces": [
    [
      -0.0004394021803529622,
      0.0020633663892145305,
      -0.0022379652871900853
    ],
    [
      -0.002773730930030662,
      -0.001768383032863116,
      0.0013075797080960348
    ],
    [
      0.004722608400861257,
      -0.00624935903762207,
      0.0013734903539657953
    ],
    [
      -0.0011140736359602499,
      0.0010829407625051234,
      -0.0010519267768691102
    ],
    [
      0.00011154351380306045,
      0.0006390894420633586,
      0.0023078029849014784
    ],
    [
      -0.0005228589611112022,
      0.005066882431044319,
      -0.004747854630342066
    ],
    [
      0.001773862208377808,
      0.0007219760549416993,
      -0.00013891979956895888
    ],
    [
      -0.0015923832435138154,
      -0.0028385621238680592,
      0.004496796055121407
    ],
    [
      0.0030857847671499693,
      -0.0007597653607154871,
      0.00034095483859650536
    ],
    [
      -0.0023076392570398623,
      0.0017083477695349798,
      0.0005038068795659108
    ],
    [
      -0.0009437140246177016,
      0.00033347123090662645,
      -0.0021537685428864133
    ]
  ]
}