{
  "name": "system22",
  "subset": "prod",
  "atomic_number": [
    1,
    6,
    6,
    1,
    1,
    8,
    1,
    8,
    6,
    1,
    1
  ],
  "charge": [
    0,
    0,
    0,
    0,
    0,
    0,
    0,
    0,
    0,
    0,
    0
  ],
  "positition": [
    [
      -3.10952399717135,
      0.88367968041446,
      -0.69284360043864
    ],
    [
      -2.03434485996583,
      0.70672522345712,
      -0.64133039542955
    ],
    [
      -1.56281319422745,
      -0.19769987119214,
      0.19288164812108
    ],
    [
      -1.32279735369271,
      1.25490115843607,
      -1.25810885864796
    ],
    [
      1.35319171970594,
      0.02786435443958,
      1.39326343205398
    ],
    [
      -1.18549560404722,
      -1.00699049246451,
      0.94507563219504
    ],
    [
      1.16665308884824,
      -0.58528172211379,
      -0.86931493605039
    ],
    [
      1.02525886720998,
      0.34665192091837,
      -0.65766255879885
    ],
    [
      1.71083390615361,
      0.63919218237068,
      0.54317216529976
    ],
    [
      1.51725446858132,
      1.69601685415213,
      0.78187570911967
    ],
    [
      2.80623095860544,
      0.50851171158201,
      0.44890176257584
    ]
  ],
  "energies": -7292.372237292089,
  "forces": [
    [
      0.00339006934699671,
      -0.0006806076190322126,
      -0.0014872554553333659
    ],
    [
      -0.004316656480838921,
      0.0012747913011909304,
      0.0013912573466324286
    ],
    [
      0.0026023194803057783,
      -0.0012317398724476397,
      0.0008277987095147426
    ],
    [
      0.0010948505760418825,
      -0.0008721412435185413,
      -0.0017502043551273563
    ],
    [
      0.00013350330755405022,
      0.0030275217653641068,
      0.0021624349609635075
    ],
    [
      -0.0021871589993530133,
      -0.00572573599601597,
      0.00439231721342764
    ],
    [
      -0.003999229757617598,
      -0.00361470001363482,
      0.004014560835544087
    ],
    [
      0.002533989991822149,
      0.010460138305074765,
      -0.014711485829650952
    ],
    [
      0.001199061045967505,
      0.00632819801391145,
      0.001163167054742538
    ],
    [
      0.002030049054927333,
      -0.004754954783677652,
      0.0017617812107797047
    ],
    [
      -0.0024807977714941458,
      -0.004210768468818605,
      0.002235625531715401
    ]
  ]
}