{
  "name": "system22",
  "subset": "react",
  "atomic_number": [
    1,
    6,
    6,
    1,
    1,
    8,
    1,
    8,
    6,
    1,
    1
  ],
  "charge": [
    0,
    0,
    0,
    0,
    0,
    0,
    0,
    0,
    0,
    0,
    0
  ],
  "positition": [
    [
      0.47164250775183,
      0.98483688472378,
      -0.37845075053848
    ],
    [
      0.2317174975929,
      1.08926104491854,
      0.68266283054098
    ],
    [
      0.64247159141133,
      0.18229232985106,
      1.57557931604723
    ],
    [
      -0.34717125179292,
      1.95329087717827,
      1.01128667217194
    ],
    [
      0.40379761205582,
      0.29397433113266,
      2.64326111878959
    ],
    [
      1.36249694175728,
      -0.9173861675224,
      1.25318860573391
    ],
    [
      1.5529879634849,
      -1.42063532382252,
      2.06663753885431
    ],
    [
      1.20141606890202,
      -2.67303707242048,
      3.36248898990746
    ],
    [
      0.36408043318531,
      -3.38807141440404,
      2.8669016209782
    ],
    [
      -0.0501009569468,
      -4.26684813605597,
      3.4155356209001
    ],
    [
      -0.0312124074017,
      -3.20289535357886,
      1.8410094366147
    ]
  ],
  "energies": -7292.301534167569,
  "forces": [
    [
      -0.0015363540677444303,
      -0.00032482743853905216,
      -0.0018125957775695786
    ],
    [
      0.001000047464758061,
      0.005047654537451645,
      0.00041371248696556444
    ],
    [
      0.006058835188267196,
      -0.007985219824199342,
      0.0018088276713373222
    ],
    [
      -0.0013585643276617769,
      -0.001201451452178273,
      -0.0028357792644412567
    ],
    [
      0.0005827187209243584,
      -0.0012743239774452124,
      -0.0028761299547988887
    ],
    [
      -0.005135777356577675,
      0.01008823391269231,
      0.004822954605289163
    ],
    [
      -0.0038805753432669295,
      -0.002698964735721049,
      -0.001910103586738225
    ],
    [
      0.008003473578153052,
      -0.002310861980828557,
      0.0071658942886335675
    ],
    [
      0.0006279657690882788,
      -0.0033014280905902735,
      0.0024557893176515625
    ],
    [
      -0.0017591565770533396,
      -6.205321950696788e-05,
      -0.0008499859430684735
    ],
    [
      -0.00260262060793066,
      0.004023236715281526,
      -0.006382584974546235
    ]
  ]
}