{
  "name": "system22",
  "subset": "sp",
  "atomic_number": [
    1,
    6,
    6,
    1,
    1,
    8,
    1,
    8,
    6,
    1,
    1
  ],
  "charge": [
    0,
    0,
    0,
    0,
    0,
    0,
    0,
    0,
    0,
    0,
    0
  ],
  "positition": [
    [
      0.04813756560461,
      2.58902808299569,
      -1.32023465035538
    ],
    [
      -0.42330008834673,
      1.7415346013431,
      -0.81532988136278
    ],
    [
      0.33858969651934,
      0.71995115719761,
      -0.40853734856748
    ],
    [
      -1.49927514853717,
      1.74317788701901,
      -0.64965992471621
    ],
    [
      -0.40671064382229,
      -0.16460816837978,
      0.15540326727679
    ],
    [
      1.52141170795855,
      0.31603909269833,
      -0.38263379042616
    ],
    [
      1.47768867861771,
      -0.80147776163799,
      0.18721393548444
    ],
    [
      0.96787632948616,
      -1.67240769252526,
      0.71913958183888
    ],
    [
      -0.29197291276056,
      -1.41130042583084,
      0.75077798947014
    ],
    [
      -0.75956656238556,
      -1.12408264711051,
      1.71430954807693
    ],
    [
      -0.97287862233407,
      -1.93585412576937,
      0.04955127328084
    ]
  ],
  "energies": -7290.952242558104,
  "forces": [
    [
      -0.002314876707294579,
      -0.003198155610590449,
      0.002145929608712939
    ],
    [
      -0.0007963017678246154,
      0.0017588052100689104,
      0.0037828127377558503
    ],
    [
      -0.0055398043429405455,
      -0.0012391995688763216,
      -0.0031407890497001743
    ],
    [
      -0.00020494269981117768,
      -0.0016043241674011642,
      -0.0021163004193436724
    ],
    [
      0.004107579806788138,
      0.0019428173288019142,
      -0.00062764196433181
    ],
    [
      0.013878434664515316,
      -9.066995979729001e-05,
      -0.003942614267439247
    ],
    [
      -0.0036544834157483095,
      0.0031145086196060416,
      0.0041929433177940924
    ],
    [
      3.526448227964527e-05,
      -0.002919951634685128,
      -0.003874221169858626
    ],
    [
      -0.004557751362073927,
      0.0006294113462383264,
      -0.0007178162668244148
    ],
    [
      -0.0016991584918797098,
      0.000938306839996936,
      0.004621740930939254
    ],
    [
      0.0007460326863224376,
      0.0006684555561373902,
      -0.0003240436119703919
    ]
  ]
}