{
  "name": "system23",
  "subset": "prod",
  "atomic_number": [
    1,
    6,
    6,
    1,
    1,
    8,
    1,
    8,
    6,
    1,
    1
  ],
  "charge": [
    0,
    0,
    0,
    0,
    0,
    0,
    0,
    0,
    0,
    0,
    0
  ],
  "positition": [
    [
      2.94399844233361,
      -0.70314152713294,
      -0.15648885838261
    ],
    [
      2.49157078833162,
      0.22259831116306,
      0.20777486647041
    ],
    [
      1.23306187187604,
      0.54725225170534,
      -0.1070658666256
    ],
    [
      3.08555749769563,
      0.89053903173701,
      0.83295275469979
    ],
    [
      0.78289747334945,
      1.4812330069059,
      0.25887183545667
    ],
    [
      0.42980575396508,
      -0.21976291414022,
      -0.88077306403112
    ],
    [
      -1.64865342231841,
      -1.22748370107459,
      0.53495175128565
    ],
    [
      -2.16887929171081,
      0.514729156582,
      -0.36446226663223
    ],
    [
      -2.40654752138914,
      -0.43131823339172,
      0.34731088768087
    ],
    [
      -3.39629388899484,
      -0.54833615321379,
      0.84864368998568
    ],
    [
      -0.44662270313826,
      0.20319777085991,
      -0.9430347299075
    ]
  ],
  "energies": -7292.300659965957,
  "forces": [
    [
      -8.81375772592851e-05,
      -0.0015662478236488772,
      -0.004544124462872882
    ],
    [
      0.008895772529081398,
      0.005291645200972784,
      0.0010299819983617107
    ],
    [
      -0.01255430111315945,
      -0.0018050232097036327,
      -0.005710739264369703
    ],
    [
      -3.82850145005401e-05,
      -0.003400952416119874,
      -0.000940866527652566
    ],
    [
      0.0015168290574481076,
      -0.00021583908724971766,
      0.006582501681519988
    ],
    [
      0.006219302633719416,
      -0.0013324811526170027,
      0.005420188387357353
    ],
    [
      -0.0020730426338451476,
      0.00026712591430375033,
      3.80673448905461e-05
    ],
    [
      -0.00255553902610122,
      0.0003269427366908861,
      -0.016299631791992376
    ],
    [
      0.0026791100071305424,
      0.0029955237156301827,
      0.00554637448903063
    ],
    [
      -0.0022977148495134667,
      -0.003776103957772891,
      0.0030019555877818602
    ],
    [
      0.0002960033130521541,
      0.003215407405566902,
      0.005876296825977007
    ]
  ]
}