{
  "name": "system23",
  "subset": "sp",
  "atomic_number": [
    1,
    6,
    6,
    1,
    1,
    8,
    1,
    8,
    6,
    1,
    1
  ],
  "charge": [
    0,
    0,
    0,
    0,
    0,
    0,
    0,
    0,
    0,
    0,
    0
  ],
  "positition": [
    [
      0.05024655524248,
      1.95169862204704,
      -2.18274357793276
    ],
    [
      -0.15077081479302,
      2.05352047948414,
      -1.11331590038759
    ],
    [
      -0.10832407460279,
      0.99563732812832,
      -0.30480162263834
    ],
    [
      -0.38880711964568,
      3.04063583872798,
      -0.7118366865003
    ],
    [
      -0.30424585542003,
      1.0568048505392,
      0.77418081666066
    ],
    [
      0.18795711101813,
      -0.26888630147139,
      -0.76631078752224
    ],
    [
      0.70620077797153,
      -1.00905588226714,
      0.1039747453079
    ],
    [
      -0.14117200320781,
      -1.52881026342938,
      2.1837173713267
    ],
    [
      0.13891746276055,
      -2.00040869034966,
      1.10090705522215
    ],
    [
      0.34499920401131,
      -3.10720707173449,
      1.00160149832935
    ],
    [
      -0.3350012433347,
      -1.18392890967463,
      -0.08537291186553
    ]
  ],
  "energies": -7288.715043552081,
  "forces": [
    [
      0.000716033515180455,
      -0.001028784738373643,
      0.004745213644398366
    ],
    [
      -0.0007622822137892307,
      0.005605789447963454,
      0.002488126135963478
    ],
    [
      0.0025529939937347108,
      -0.005911473787898464,
      0.0006790662425711755
    ],
    [
      -0.001347463897461022,
      -0.00126391543115716,
      0.001173742928436903
    ],
    [
      -0.001030198125309692,
      0.004028201515859113,
      -0.0034761424311064463
    ],
    [
      -0.0021955597710315174,
      0.00020700652447385416,
      -0.005621737487850895
    ],
    [
      0.0024024282786773007,
      -0.0019438888104138785,
      0.00033887538162543344
    ],
    [
      0.0018915824894577098,
      0.007137554147642124,
      -0.002029856273597811
    ],
    [
      -0.004282911880596269,
      -0.0006769567036908556,
      0.0015625838471024793
    ],
    [
      0.001012224261667154,
      -0.003528685550681567,
      0.0005105457928801853
    ],
    [
      0.0010431532980483336,
      -0.0026248472307877826,
      -0.00037042045437035714
    ]
  ]
}