{
  "name": "system24",
  "subset": "prod",
  "atomic_number": [
    1,
    6,
    6,
    1,
    1,
    8,
    1,
    8,
    6,
    1,
    1
  ],
  "charge": [
    0,
    0,
    0,
    0,
    0,
    0,
    0,
    0,
    0,
    0,
    0
  ],
  "positition": [
    [
      -1.84720474881617,
      0.70184807777353,
      1.07905575218446
    ],
    [
      -1.71152466791952,
      0.25472741280807,
      0.08465958513057
    ],
    [
      -0.37363994757231,
      0.22434713230597,
      -0.51973950636186
    ],
    [
      -2.59785460128381,
      0.2843548161547,
      -0.56301058516206
    ],
    [
      -0.2865794635305,
      0.19634708742885,
      -1.61606779005296
    ],
    [
      -0.95994311090948,
      -0.95155179011436,
      0.0475426304754
    ],
    [
      1.67460616050905,
      -1.02126556244719,
      0.2721567906393
    ],
    [
      1.95122007763866,
      -0.13584228458276,
      -0.00525926139533
    ],
    [
      0.85140588075041,
      0.71856030653989,
      0.20661164134977
    ],
    [
      1.13724501809609,
      1.71369417896876,
      -0.17367377120358
    ],
    [
      0.61046740303759,
      0.82841662516452,
      1.28401851439628
    ]
  ],
  "energies": -7292.143138209577,
  "forces": [
    [
      -0.0006032533006638686,
      0.0017708716552220266,
      0.0023554567914935015
    ],
    [
      -0.0004982345786877178,
      0.0024995557188156794,
      -0.0015178237144918387
    ],
    [
      0.0012001905316711473,
      0.002245130180908137,
      -0.0034934884313098102
    ],
    [
      -0.00010542685892264779,
      0.00034982715063022984,
      0.0011997621344302166
    ],
    [
      -0.0002674857145071824,
      0.0023231137511114676,
      -0.00021854224247253005
    ],
    [
      0.0034807342674314247,
      -0.01056735748014585,
      0.0021992356774974803
    ],
    [
      0.004210255996497982,
      0.002161203248190489,
      -0.0016304165469959477
    ],
    [
      -0.002213289585543644,
      -0.011934032404761541,
      0.000980343659934465
    ],
    [
      -0.0027551043660905446,
      0.006266819246236442,
      -0.0013430086895683028
    ],
    [
      0.0019018262280207374,
      0.0013031631181757008,
      0.0019153381989018348
    ],
    [
      -0.004350214881776638,
      0.0035817068954806285,
      -0.00044685632319839825
    ]
  ]
}