{
  "name": "system24",
  "subset": "sp",
  "atomic_number": [
    1,
    6,
    6,
    1,
    1,
    8,
    1,
    8,
    6,
    1,
    1
  ],
  "charge": [
    0,
    0,
    0,
    0,
    0,
    0,
    0,
    0,
    0,
    0,
    0
  ],
  "positition": [
    [
      -0.36346005092034,
      0.91488028851903,
      -1.86678971215426
    ],
    [
      -0.61857422555264,
      1.18604064273879,
      -0.83810321128358
    ],
    [
      0.12513834675882,
      0.55774613808897,
      0.18715083631543
    ],
    [
      -1.3317382697078,
      2.00396625904027,
      -0.67742530143856
    ],
    [
      -0.04749228767154,
      0.96119659314882,
      1.20784514260454
    ],
    [
      1.40469632428148,
      0.56573139694309,
      -0.23609495101141
    ],
    [
      1.60806087653993,
      -0.82633060473963,
      0.329815735161
    ],
    [
      1.00083244989933,
      -1.51606175205912,
      0.82551575332458
    ],
    [
      -0.22021426949813,
      -1.11320148728,
      0.42562464561922
    ],
    [
      -1.00455478986809,
      -1.2163134993781,
      1.19212119916961
    ],
    [
      -0.552694104261,
      -1.51765397502214,
      -0.54966013630654
    ]
  ],
  "energies": -7289.586879916623,
  "forces": [
    [
      0.00010121117501843599,
      -0.0007490924021584553,
      0.000591492713965806
    ],
    [
      -0.004165876644294146,
      0.0022229206815993557,
      0.0018828245401011946
    ],
    [
      -0.0014989410172355432,
      0.00022976248608960582,
      0.004025086675567173
    ],
    [
      0.0024029336033305993,
      -0.0033076415732230173,
      -0.0017453805024356653
    ],
    [
      -0.004472050779418193,
      -0.0006315072068488001,
      -0.0008573314825082145
    ],
    [
      0.00937328386046545,
      -0.0015409599937157915,
      -0.0016358377698410284
    ],
    [
      -0.0005905563695461554,
      -1.5057975328172538e-05,
      0.00014453652911311792
    ],
    [
      -0.0036594324811733657,
      0.004473540990922476,
      -0.004470163023913235
    ],
    [
      0.004212727598152686,
      -0.002923588306113901,
      0.0036881910435247237
    ],
    [
      0.0015434147289324898,
      -0.0001798140211757371,
      8.21642356798536e-05
    ],
    [
      -0.003246720050568577,
      0.002421439016880652,
      -0.001705584090539202
    ]
  ]
}