{
  "name": "system25",
  "subset": "prod",
  "atomic_number": [
    1,
    6,
    6,
    1,
    1,
    8,
    1,
    8,
    6,
    1,
    1
  ],
  "charge": [
    0,
    0,
    0,
    0,
    0,
    0,
    0,
    0,
    0,
    0,
    0
  ],
  "positition": [
    [
      -0.26281030273976,
      1.54722130761675,
      -0.89739861859061
    ],
    [
      -0.52758304145361,
      1.01502254060587,
      0.03485228373817
    ],
    [
      0.54231465768767,
      -0.01453828893498,
      0.42507719556563
    ],
    [
      -0.83210198253402,
      1.74634919855661,
      0.80358484764816
    ],
    [
      0.76590363702669,
      -0.02618956351151,
      1.5083500843261
    ],
    [
      1.70697275040428,
      0.07375838855429,
      -0.34783431916519
    ],
    [
      2.35175506417925,
      -0.56324754148379,
      -0.01439500223457
    ],
    [
      -1.51043094534456,
      -0.01297503629886,
      -0.16727266093041
    ],
    [
      -0.53400504476799,
      -1.04846376150515,
      0.0163324252003
    ],
    [
      -0.84433779694394,
      -1.78873623763449,
      0.77557235030002
    ],
    [
      -0.27723599551404,
      -1.56814000596475,
      -0.92617758585761
    ]
  ],
  "energies": -7292.182770205758,
  "forces": [
    [
      -0.0021697983952825954,
      0.001607300990865032,
      -0.00347635799241169
    ],
    [
      -0.003290486451732694,
      0.004399405539687795,
      -0.008888637357318126
    ],
    [
      0.004990541898728664,
      -0.0005294180514568614,
      0.004037404883160765
    ],
    [
      0.0015974280568277937,
      0.001832772048345602,
      -0.00018136305952477072
    ],
    [
      0.000599736854027953,
      -0.0004715712084599618,
      -0.00010562169713485361
    ],
    [
      -0.0006453682307213075,
      0.0037204939746944272,
      0.002643905123026655
    ],
    [
      0.0013997500095448239,
      -0.003376088509707882,
      0.004480776178606241
    ],
    [
      0.0009368625998206329,
      4.456719701491703e-05,
      0.012962094354560161
    ],
    [
      -0.00296834864441281,
      -0.004332377749410493,
      -0.007168078235244966
    ],
    [
      0.001209259533111493,
      -0.0017605957264450007,
      -0.0002134322773995477
    ],
    [
      -0.0016595732704127867,
      -0.0011344906134323238,
      -0.004090686989262043
    ]
  ]
}