{
  "name": "system25",
  "subset": "sp",
  "atomic_number": [
    1,
    6,
    6,
    1,
    1,
    8,
    1,
    8,
    6,
    1,
    1
  ],
  "charge": [
    0,
    0,
    0,
    0,
    0,
    0,
    0,
    0,
    0,
    0,
    0
  ],
  "positition": [
    [
      -0.92943598661818,
      0.71655101208052,
      -1.51574663177011
    ],
    [
      -0.70934723946555,
      0.92334621013156,
      -0.46406774925579
    ],
    [
      0.54592829976137,
      0.54407305736784,
      0.06267716838022
    ],
    [
      -1.39155609465337,
      1.57535406459628,
      0.07757334045654
    ],
    [
      0.88018941975703,
      1.04609840529382,
      0.98463158048542
    ],
    [
      1.53874479078571,
      0.23138033029336,
      -0.8571118300076
    ],
    [
      2.16285380876566,
      -0.37879629076074,
      -0.43990746193185
    ],
    [
      -1.65072636408168,
      -0.6079047639133,
      0.6388448984442
    ],
    [
      -0.42339683643034,
      -1.01372517818811,
      0.53029048117142
    ],
    [
      0.01616992812812,
      -1.57530809446908,
      1.39681950819942
    ],
    [
      -0.03942372594879,
      -1.46106875243216,
      -0.41400330417187
    ]
  ],
  "energies": -7289.175036769575,
  "forces": [
    [
      -0.001111224236378632,
      0.0011137512195995925,
      0.0029116142149932787
    ],
    [
      0.0005777713010054491,
      0.0012291978739830888,
      -0.00460067726955145
    ],
    [
      -0.00041729501095769117,
      0.0011933151441908146,
      0.007481606394449826
    ],
    [
      6.103459977997255e-05,
      -0.0005841086079757471,
      -0.0019469534113462697
    ],
    [
      -0.001575730104242429,
      0.0003816376126634075,
      -0.0009408874564338719
    ],
    [
      0.00519598637507051,
      0.0006408920426252154,
      -0.0020756251014764984
    ],
    [
      -0.0026990461882753203,
      -0.001845136021578904,
      -0.0024981144096972007
    ],
    [
      0.002118163595100562,
      -0.003902138570036518,
      -0.0010435318158841867
    ],
    [
      -0.0002926618042884805,
      0.001093698258940452,
      0.003102691057257642
    ],
    [
      -0.0010294770850849493,
      -0.00045026360078588063,
      0.00204508167917643
    ],
    [
      -0.0008275151682368056,
      0.0011291517687387217,
      -0.0024352025445139557
    ]
  ]
}