{
  "name": "system26",
  "subset": "prod",
  "atomic_number": [
    6,
    6,
    8,
    9,
    9,
    9,
    8,
    6,
    6,
    7,
    1,
    1,
    1,
    1,
    1,
    1,
    1,
    1
  ],
  "charge": [
    0,
    0,
    0,
    0,
    0,
    0,
    0,
    0,
    0,
    0,
    0,
    0,
    0,
    0,
    0,
    0,
    0,
    0
  ],
  "positition": [
    [
      -2.06022332738679,
      -0.1540208571833,
      -0.02252747960503
    ],
    [
      -0.58133234753629,
      0.29729098155163,
      -0.09420676743365
    ],
    [
      -0.1425021953389,
      0.87243552518065,
      -1.06308398933353
    ],
    [
      -2.70171205319535,
      0.13403567738432,
      -1.15263246911655
    ],
    [
      -2.68857221320802,
      0.46545858182956,
      0.98858430065338
    ],
    [
      -2.14208443383664,
      -1.47617990231419,
      0.18511829262325
    ],
    [
      0.06227871864062,
      -0.01998146343178,
      0.99946252908153
    ],
    [
      3.09230604226747,
      0.28187824431351,
      -0.46812790274408
    ],
    [
      3.37867917208382,
      -1.17470438905977,
      -0.13063704382244
    ],
    [
      2.47207627660852,
      0.9709594163065,
      0.67915598086611
    ],
    [
      2.37284908080779,
      0.34986447152514,
      -1.29884088188396
    ],
    [
      4.02096543007232,
      0.78800690457713,
      -0.79271579499618
    ],
    [
      3.80228478329133,
      -1.69844198913022,
      -1.00129949375629
    ],
    [
      4.10441055396989,
      -1.26199482372396,
      0.69647486840627
    ],
    [
      2.45583764565444,
      -1.69543789772442,
      0.16974435317292
    ],
    [
      3.0992309200121,
      0.9761961221939,
      1.48687410675532
    ],
    [
      2.27907224418819,
      1.94667198706827,
      0.44435651264415
    ],
    [
      1.03752470290546,
      0.35034841063703,
      0.9383238784888
    ]
  ],
  "energies": -17992.659740691484,
  "forces": [
    [
      -0.010750950766142403,
      -0.004803477983157973,
      0.008435320776987014
    ],
    [
      0.004829455177322473,
      0.007737036873814518,
      0.0004256040456685064
    ],
    [
      0.0015845905377786555,
      0.005596070420173017,
      -0.005938140140606111
    ],
    [
      0.009282390574630787,
      -0.005763481490188597,
      0.006827147307909659
    ],
    [
      0.011790349944760728,
      -0.005700403737416919,
      -0.008607331756592108
    ],
    [
      0.002276657667306116,
      0.0014706728671380275,
      -0.002652166078104741
    ],
    [
      0.004364181218042546,
      0.0016854288513886186,
      -0.00522034732224429
    ],
    [
      -0.0011631091534949943,
      0.0008158109915463413,
      -0.0033526945545057384
    ],
    [
      -0.0013847433020175404,
      -0.0036759128937213954,
      -0.005778648788831404
    ],
    [
      -0.005004018851182072,
      0.009501190030282903,
      0.013707544326018327
    ],
    [
      -0.0004324211719468257,
      -0.0033684638512879736,
      0.007242133365210853
    ],
    [
      -0.0007390409307042791,
      -0.0013348310382389034,
      -0.001584518598306796
    ],
    [
      -0.0024194271799278036,
      -0.0005414551860317365,
      0.0014570980070688787
    ],
    [
      -0.007512810024669268,
      -0.00012146339618755215,
      -0.0018273398211781633
    ],
    [
      -0.00426879426060898,
      -0.0001651607889376337,
      0.0016719124067876843
    ],
    [
      -0.00047652608457859924,
      0.00040542114144582824,
      -0.0051979583084992955
    ],
    [
      0.0012713843321358507,
      -0.001585967826423607,
      0.0031249195313091797
    ],
    [
      -0.0012471624302314837,
      -0.00015100938465226633,
      -0.0027325311585012324
    ]
  ]
}