{
  "name": "system26",
  "subset": "sp",
  "atomic_number": [
    6,
    6,
    8,
    9,
    9,
    9,
    8,
    6,
    6,
    7,
    1,
    1,
    1,
    1,
    1,
    1,
    1,
    1
  ],
  "charge": [
    0,
    0,
    0,
    0,
    0,
    0,
    0,
    0,
    0,
    0,
    0,
    0,
    0,
    0,
    0,
    0,
    0,
    0
  ],
  "positition": [
    [
      -0.06510099929837,
      2.0332276093564,
      -2.15728098094694
    ],
    [
      0.3843205566783,
      0.80235226928461,
      -1.31565996695464
    ],
    [
      1.31883145086519,
      0.11675952126631,
      -1.72652683306331
    ],
    [
      0.71289355563248,
      2.22700243132337,
      -3.22345843382885
    ],
    [
      -0.03880149799254,
      3.15388882589077,
      -1.41674761410313
    ],
    [
      -1.32637035387321,
      1.85903171471425,
      -2.59277527253596
    ],
    [
      -0.3171360232057,
      0.66001849920759,
      -0.26437298942745
    ],
    [
      -0.72687946671408,
      -1.28745813441364,
      0.56746561243544
    ],
    [
      -1.2200220478969,
      -0.84565550775384,
      1.88988285656203
    ],
    [
      1.52781005350295,
      -0.89654570890443,
      0.85922048865585
    ],
    [
      -1.37604860423472,
      -1.07773684759354,
      -0.2803320888474
    ],
    [
      -0.21967947330989,
      -2.24692497222,
      0.50232338141438
    ],
    [
      -2.18325065089773,
      -1.3667282494314,
      2.06410782765319
    ],
    [
      -0.53459813220378,
      -1.0947580595427,
      2.71027487081189
    ],
    [
      -1.43186385727194,
      0.23237428491545,
      1.88257480351537
    ],
    [
      2.18870834117753,
      -1.54848491057399,
      1.2868477998586
    ],
    [
      1.75022812374545,
      -0.71771564798308,
      -0.13398898679078
    ],
    [
      1.55695902529695,
      -0.00264711754216,
      1.34844552559169
    ]
  ],
  "energies": -17989.695387868782,
  "forces": [
    [
      -0.00035896408062120185,
      -0.0019056832944290602,
      -0.006392637320175551
    ],
    [
      -0.001559204388853293,
      0.004292797361617877,
      0.00441692611780893
    ],
    [
      -0.00225854290719975,
      -0.0006022254763868639,
      -0.0030988839730985316
    ],
    [
      0.0013703295423458778,
      -0.008302697763799487,
      0.02388248638534894
    ],
    [
      -0.0022006128632982977,
      -0.0023823922873003004,
      -0.00886074052596707
    ],
    [
      0.005268323442352836,
      -4.38613777220331e-05,
      0.004829838477410566
    ],
    [
      0.0028206288836585226,
      -0.00017122411913447357,
      -0.002411059215528103
    ],
    [
      0.0009254915352807807,
      0.00474932360453264,
      0.0036378775333565793
    ],
    [
      -0.0011174084084331346,
      -0.0031294243100745745,
      -0.003135557831392993
    ],
    [
      0.00634768276072924,
      -0.005146653329455579,
      -0.0018131727845844005
    ],
    [
      -0.0005025939872694475,
      0.0021355405513883135,
      -0.0027526631548774913
    ],
    [
      0.0004752920578125619,
      -0.0015191888675289568,
      -0.001857170276518022
    ],
    [
      -0.002801180286553896,
      0.0016775368496419068,
      0.0028401151731383264
    ],
    [
      3.795956423792445e-05,
      0.0009342504616565706,
      -0.00021884825519378549
    ],
    [
      -0.0019259436402847766,
      -0.0017181375540897327,
      -0.0013163426453930579
    ],
    [
      0.00017752903020250448,
      0.005514459537357124,
      -0.006219568897182811
    ],
    [
      -0.005136007521749972,
      0.0014297004839892717,
      -0.002231278927228377
    ],
    [
      0.0004372217304421246,
      0.004187880815289035,
      0.0007006802743430489
    ]
  ]
}