{
  "name": "system27",
  "subset": "prod",
  "atomic_number": [
    6,
    6,
    8,
    9,
    9,
    9,
    8,
    6,
    6,
    7,
    1,
    1,
    1,
    1,
    1,
    1,
    1,
    1
  ],
  "charge": [
    0,
    0,
    0,
    0,
    0,
    0,
    0,
    0,
    0,
    0,
    0,
    0,
    0,
    0,
    0,
    0,
    0,
    0
  ],
  "positition": [
    [
      -1.66179254894021,
      0.97263378517721,
      -0.59594459385035
    ],
    [
      -0.36356958337039,
      0.25496502466385,
      -0.15387863598254
    ],
    [
      0.50726738838639,
      1.14192050020364,
      0.28419906344021
    ],
    [
      -2.10995960549123,
      1.80014688100891,
      0.35400212261514
    ],
    [
      -2.6122575602679,
      0.08309055053131,
      -0.86632698624751
    ],
    [
      -1.42178232502036,
      1.69228156978911,
      -1.70171464180368
    ],
    [
      -0.22500728806099,
      -0.93692431897416,
      -0.24900734347962
    ],
    [
      1.8336389088321,
      0.67846101425172,
      0.66933201183923
    ],
    [
      2.7260375776904,
      0.52845573737906,
      -0.54679741352626
    ],
    [
      1.9606253029437,
      -2.59628311865197,
      1.24530515813293
    ],
    [
      2.19633069430609,
      1.45958904870741,
      1.35047610003382
    ],
    [
      1.75225838934877,
      -0.27960167724118,
      1.20320934043432
    ],
    [
      3.73633163588831,
      0.23700348341683,
      -0.21956603920077
    ],
    [
      2.34814988848964,
      -0.26266526374429,
      -1.21174990674798
    ],
    [
      2.79837521070268,
      1.46895933300759,
      -1.11460770581763
    ],
    [
      2.56686455104687,
      -3.21259278971069,
      0.70034755819387
    ],
    [
      1.60899012833745,
      -3.16405703667541,
      2.01870097257057
    ],
    [
      1.15231823517866,
      -2.38959672313896,
      0.65261793939627
    ]
  ],
  "energies": -17992.100367868108,
  "forces": [
    [
      -0.012696799168688966,
      0.010782651596328543,
      -0.007144325713969002
    ],
    [
      0.0040263064584206264,
      -0.0035326556942154217,
      0.004471708771249975
    ],
    [
      -0.007557193953437076,
      0.002797684151634482,
      -0.009736203326487253
    ],
    [
      0.018165353455423413,
      -0.01247105989370645,
      0.008537907440878054
    ],
    [
      0.006537631248575438,
      0.01061551789694285,
      -0.003079488752099545
    ],
    [
      -0.006610033416194701,
      -0.012140953002961287,
      0.0006217668389005214
    ],
    [
      0.0012270460147415535,
      0.0018945260942662375,
      0.0004812957898336439
    ],
    [
      -0.0008652165422758688,
      -0.00711193598235005,
      0.004342417136678903
    ],
    [
      0.0012272330367995618,
      0.0002574447331546927,
      0.0006681227010971136
    ],
    [
      0.0063731241883767265,
      0.003086723528406773,
      0.004326118861092508
    ],
    [
      0.002703561200032066,
      0.0024084648179771868,
      -0.0015133751914678413
    ],
    [
      -0.0034865824991216253,
      0.002183538834407776,
      0.003465453583130684
    ],
    [
      -0.0011774614123744168,
      0.0008349572268964755,
      0.0025105316561920086
    ],
    [
      0.0033970468587022845,
      -0.0012480787714670362,
      -0.004167969985223332
    ],
    [
      -0.0012262685130871454,
      0.0042607811598942705,
      -0.002551849647053679
    ],
    [
      -0.006264333194980884,
      0.003636877682684072,
      0.0023249301842093715
    ],
    [
      -0.0036229763439109657,
      -0.0028765690992518414,
      -0.0018093943939387262
    ],
    [
      -0.00015043464020839605,
      -0.0033779149701088683,
      -0.0017476437932965857
    ]
  ]
}