{
  "name": "system27",
  "subset": "react",
  "atomic_number": [
    6,
    6,
    8,
    9,
    9,
    9,
    8,
    6,
    6,
    7,
    1,
    1,
    1,
    1,
    1,
    1,
    1,
    1
  ],
  "charge": [
    0,
    0,
    0,
    0,
    0,
    0,
    0,
    0,
    0,
    0,
    0,
    0,
    0,
    0,
    0,
    0,
    0,
    0
  ],
  "positition": [
    [
      -0.17240184862995,
      0.14262237139653,
      1.34700437514393
    ],
    [
      -0.46594682043848,
      -1.32806937497682,
      1.72719577196228
    ],
    [
      -0.03838913049662,
      -2.2539536486361,
      1.09157088518866
    ],
    [
      0.3258633199341,
      0.21553079540383,
      0.11670827515262
    ],
    [
      0.7410378147606,
      0.65176310151892,
      2.19872781806713
    ],
    [
      -1.26725574515803,
      0.90410741498611,
      1.41169986109863
    ],
    [
      -1.1926729042442,
      -1.37049771872151,
      2.82646226616907
    ],
    [
      -1.39044636128067,
      -2.67547829670761,
      3.42781240144398
    ],
    [
      -2.29138699765864,
      -2.49679699499328,
      4.62788324277445
    ],
    [
      1.89098994965746,
      -2.07672946953132,
      3.54767560121317
    ],
    [
      -1.82514232949563,
      -3.34424638464124,
      2.66872545329309
    ],
    [
      -0.39052299363594,
      -3.0440623753903,
      3.70256690088645
    ],
    [
      -2.46085607887855,
      -3.47208581724637,
      5.11051988431106
    ],
    [
      -1.82884245837237,
      -1.82267178925996,
      5.36485705096771
    ],
    [
      -3.26859511040567,
      -2.08033676518625,
      4.33812468267991
    ],
    [
      2.63876841261336,
      -2.37706843902367,
      4.17510042293467
    ],
    [
      2.06514504235747,
      -2.53428499558806,
      2.65049335211194
    ],
    [
      2.04077923937176,
      -1.07962161340291,
      3.38114275460118
    ]
  ],
  "energies": -17992.101660523476,
  "forces": [
    [
      0.009348783970866394,
      0.007368241305342152,
      0.006233922852990447
    ],
    [
      0.0024196391931104178,
      -0.0009345780716460042,
      -0.000981083777746098
    ],
    [
      -0.003639146629972373,
      0.003641711716945047,
      -0.0007612844714214742
    ],
    [
      -0.0040125832456879215,
      -0.00209438644265446,
      0.0020091090636108816
    ],
    [
      -0.010745899319381769,
      -0.006438480607207386,
      -0.007835470074502523
    ],
    [
      0.0019034355330324012,
      -0.003784910706671075,
      0.0035070574292633103
    ],
    [
      -0.0011687025888427612,
      0.0008457161117276154,
      -0.004037198834937934
    ],
    [
      0.005276370070255288,
      0.00015661552125060472,
      -0.0027092078572192716
    ],
    [
      -0.0012861901336470116,
      6.391130447921531e-05,
      -0.0004743941256770279
    ],
    [
      0.003283577022843948,
      -0.006581533506840808,
      -0.00030768111022220097
    ],
    [
      -0.0001261752001950529,
      -0.00011167145190598157,
      -0.00036862592707303355
    ],
    [
      0.0004885960778543454,
      3.826285158962411e-05,
      0.0020826683305838144
    ],
    [
      0.0039004701296477,
      0.0005343197571581271,
      0.0022927510773772227
    ],
    [
      -0.0015876232056073836,
      0.0022705882693053593,
      -0.0007329710184828517
    ],
    [
      -0.0007989468675336827,
      0.0033537819769585008,
      -0.0036963492573127625
    ],
    [
      -6.233609229803261e-05,
      0.00235063242458114,
      0.0022274716373809978
    ],
    [
      0.000713509051640782,
      -0.0005981139735905775,
      -0.00084697528388446
    ],
    [
      -0.003906780028656239,
      -8.010683877556347e-05,
      0.004398265512460398
    ]
  ]
}