{
  "name": "system27",
  "subset": "sp",
  "atomic_number": [
    6,
    6,
    8,
    9,
    9,
    9,
    8,
    6,
    6,
    7,
    1,
    1,
    1,
    1,
    1,
    1,
    1,
    1
  ],
  "charge": [
    0,
    0,
    0,
    0,
    0,
    0,
    0,
    0,
    0,
    0,
    0,
    0,
    0,
    0,
    0,
    0,
    0,
    0
  ],
  "positition": [
    [
      -0.21454513914796,
      2.0904120671122,
      -1.96063193126184
    ],
    [
      -0.34304134621046,
      0.79159745437569,
      -1.12515895150521
    ],
    [
      -1.18891409162738,
      -0.0334880773695,
      -1.50354704739449
    ],
    [
      -0.13124504055533,
      1.8103900581204,
      -3.26547089712045
    ],
    [
      0.86128334693181,
      2.80587333550485,
      -1.62240724851493
    ],
    [
      -1.30060167230681,
      2.85288259252792,
      -1.76139406824224
    ],
    [
      0.37130022408001,
      0.67526679779873,
      -0.10975711864756
    ],
    [
      -0.65920406483199,
      -1.26853715455835,
      0.32338299847799
    ],
    [
      -1.6212398637552,
      -0.76991001670635,
      1.32299442635749
    ],
    [
      2.39889398659304,
      -1.06966831719197,
      1.19649635460964
    ],
    [
      -1.04213414577583,
      -1.92847894061071,
      -0.45400391401971
    ],
    [
      0.38696718205101,
      -1.41227048768164,
      0.62611176273024
    ],
    [
      -1.89541560154458,
      -1.65255907076315,
      1.93948739986582
    ],
    [
      -1.18325626901203,
      -0.01291562347084,
      1.98554170135286
    ],
    [
      -2.54692715768657,
      -0.39635017038016,
      0.86424586282407
    ],
    [
      2.78024030010381,
      -0.86740367821853,
      2.12229619196903
    ],
    [
      3.17297794856282,
      -1.44595987354039,
      0.6458133521222
    ],
    [
      2.15486140413162,
      -0.16888089494819,
      0.77600112639708
    ]
  ],
  "energies": -17989.99806750397,
  "forces": [
    [
      6.767761093912338e-06,
      0.012344304858282886,
      -0.0057650389103345665
    ],
    [
      -0.001008003435556233,
      -0.0017909010131523728,
      0.0027093613520895368
    ],
    [
      -0.012820528838217328,
      -0.007383224204452372,
      -0.0008671531487445633
    ],
    [
      -0.005951733769729748,
      0.0031390218789425425,
      -0.0009877895752491662
    ],
    [
      -0.008253344509312192,
      -0.01077062999121793,
      0.0014556488817962017
    ],
    [
      0.015266757302356828,
      0.004083710403153676,
      -0.004696649718640909
    ],
    [
      0.01157659530242259,
      0.004051627044210449,
      0.007970859337789184
    ],
    [
      0.0054351724691751166,
      -0.000575676983056988,
      -0.0067501128862206845
    ],
    [
      -0.0026969793297106854,
      0.0015838007976722798,
      0.006098434807912905
    ],
    [
      0.005791122239645542,
      0.00044851237086904715,
      -0.0052668289628169844
    ],
    [
      0.004557388013747865,
      -0.001179875729846382,
      0.002053033330520967
    ],
    [
      0.00019720686688222,
      -0.0020607647925742216,
      -0.001963700910110767
    ],
    [
      0.0011307394250601405,
      -0.004431329490223041,
      0.0028347583821433093
    ],
    [
      -0.00409227202305804,
      -0.0003689175416155037,
      0.0006801725883446273
    ],
    [
      -0.0022148547189996775,
      0.0022235641773469266,
      -0.004166581178035353
    ],
    [
      0.0010280075452516375,
      -0.002279099855538444,
      0.002451960893334609
    ],
    [
      -0.0011212402780285831,
      0.0005164582507321816,
      0.004275476403961187
    ],
    [
      -0.00683079745192001,
      0.002449422700103023,
      -6.58496078761239e-05
    ]
  ]
}