{
  "name": "system28",
  "subset": "prod",
  "atomic_number": [
    6,
    6,
    8,
    9,
    9,
    9,
    8,
    6,
    6,
    7,
    1,
    1,
    1,
    1,
    1,
    1,
    1,
    1
  ],
  "charge": [
    0,
    0,
    0,
    0,
    0,
    0,
    0,
    0,
    0,
    0,
    0,
    0,
    0,
    0,
    0,
    0,
    0,
    0
  ],
  "positition": [
    [
      1.34812727776408,
      -0.21333558395102,
      -0.17882149967015
    ],
    [
      -0.02449378618397,
      0.40485640129669,
      0.20288714819619
    ],
    [
      0.04565850741344,
      0.94934219264539,
      1.48791303186137
    ],
    [
      1.64421186296151,
      -1.27090673679944,
      0.5708481448246
    ],
    [
      2.32183320279194,
      0.69798432128353,
      -0.0097502732666
    ],
    [
      1.36186432108382,
      -0.5912634475544,
      -1.46902166707675
    ],
    [
      -0.8955028855559,
      -0.67770433889809,
      0.22545084812808
    ],
    [
      -2.25150171259534,
      -0.42498318917302,
      0.59077036738698
    ],
    [
      -3.16951121636689,
      -0.43774073879182,
      -0.62268668939812
    ],
    [
      -0.30746635017217,
      1.45894204396418,
      -0.73446270106052
    ],
    [
      -2.53496479025414,
      -1.22678384113028,
      1.2911766456919
    ],
    [
      -2.32460114050568,
      0.52256676410811,
      1.14956447679518
    ],
    [
      -4.22218325893111,
      -0.33823212107183,
      -0.311166861062
    ],
    [
      -2.9363526254887,
      0.38782605281264,
      -1.31299490988227
    ],
    [
      -3.0602161983579,
      -1.38255862586206,
      -1.17736721233291
    ],
    [
      -0.37428578000847,
      1.10268274154526,
      -1.68633754934656
    ],
    [
      -1.17606886910044,
      1.93018095786838,
      -0.48918733375104
    ],
    [
      0.59131744150592,
      1.74709514770773,
      1.42788103396267
    ]
  ],
  "energies": -17991.94553165604,
  "forces": [
    [
      -0.0039445981307875974,
      -0.009651527945583103,
      -0.00046613203931346623
    ],
    [
      0.008366345787295199,
      0.0034131696821957666,
      0.005608153577497938
    ],
    [
      -0.005658418802345085,
      0.001810472303309077,
      0.007112947145877317
    ],
    [
      -0.004043804307988108,
      0.009075225155969624,
      -0.008813961357314187
    ],
    [
      -0.010768690505113478,
      0.004330509380024828,
      0.012328636348752147
    ],
    [
      0.0022169482656171323,
      -0.004123444954303429,
      -0.018867732097798327
    ],
    [
      0.008947460859635274,
      -0.01072599198601663,
      0.004001969936728715
    ],
    [
      0.003152375367012867,
      0.006112222503917742,
      0.005268218232803569
    ],
    [
      -0.007810979440875541,
      -0.0030375633637814018,
      -0.012855003426124396
    ],
    [
      -0.0067123468746432885,
      0.002940635904061938,
      -0.005713876781793228
    ],
    [
      -0.0017089910595942817,
      0.000403635870120581,
      0.004045286806182328
    ],
    [
      0.0012301805496851878,
      0.0027385720686768206,
      -0.0024445332842757917
    ],
    [
      0.0011953899217537814,
      -0.00012013999786891153,
      3.4043619562783075e-05
    ],
    [
      0.005408806627027547,
      0.002917403208462191,
      0.003244039829587687
    ],
    [
      0.001446272170706387,
      -0.0024355846618945047,
      0.003606874037822253
    ],
    [
      0.0038260729400915283,
      -0.001494769402042828,
      0.0007904157923371706
    ],
    [
      0.0032441447306045517,
      -0.0017473752672622395,
      0.0009661047352909093
    ],
    [
      0.0016138266054450154,
      -0.0004054438185774151,
      0.002154551649546134
    ]
  ]
}