{
  "name": "system28",
  "subset": "sp",
  "atomic_number": [
    6,
    6,
    8,
    9,
    9,
    9,
    8,
    6,
    6,
    7,
    1,
    1,
    1,
    1,
    1,
    1,
    1,
    1
  ],
  "charge": [
    0,
    0,
    0,
    0,
    0,
    0,
    0,
    0,
    0,
    0,
    0,
    0,
    0,
    0,
    0,
    0,
    0,
    0
  ],
  "positition": [
    [
      0.51501864772767,
      1.39771436995221,
      -1.41283514414045
    ],
    [
      0.79818917182075,
      0.18232620537808,
      -0.49630979656744
    ],
    [
      1.15598724367829,
      -0.92237891958824,
      -1.11324828259836
    ],
    [
      -0.5256836507689,
      1.15395752426571,
      -2.21182703166847
    ],
    [
      1.58975405034443,
      1.66808701141122,
      -2.18109071889207
    ],
    [
      0.24934015329016,
      2.50958835044153,
      -0.70442154643404
    ],
    [
      -0.20562871919944,
      0.11790657710184,
      0.4855473357843
    ],
    [
      -1.31060197423727,
      -0.74218371938374,
      0.18729308862001
    ],
    [
      -1.94615427222346,
      -1.16917711169597,
      1.49492726646592
    ],
    [
      2.10227367980022,
      0.42176129520716,
      0.30552281867828
    ],
    [
      -2.03637168449475,
      -0.19855741998332,
      -0.44441736214493
    ],
    [
      -0.93749842102278,
      -1.60331868409117,
      -0.38829895869938
    ],
    [
      -2.82109225103,
      -1.81030865794339,
      1.30243177271502
    ],
    [
      -1.22797876033579,
      -1.7345197278052,
      2.10974317400693
    ],
    [
      -2.28039783143005,
      -0.29333205640849,
      2.07354141811764
    ],
    [
      2.72689285860594,
      1.12558671307009,
      -0.09720887670119
    ],
    [
      1.96128346652154,
      0.56475976105625,
      1.30977653571733
    ],
    [
      2.19266829295343,
      -0.66791151098458,
      -0.21912569225907
    ]
  ],
  "energies": -17990.492086313985,
  "forces": [
    [
      -0.007140181661004248,
      0.006076953187963789,
      -0.0032527940765553717
    ],
    [
      0.0053631616234864135,
      -0.003721896203041917,
      0.006098742003341704
    ],
    [
      -0.003973050988950102,
      0.0027309686989926882,
      0.004218701248264519
    ],
    [
      0.014563305481441734,
      0.003574133761971945,
      -0.0036133931217997156
    ],
    [
      -0.011093276208515138,
      -0.0015114195074122558,
      -0.002787915450127236
    ],
    [
      0.008138179030791545,
      0.0006141177035766781,
      -0.01203659927115675
    ],
    [
      -0.0012793156717638863,
      0.004649405488813261,
      0.004870889227789567
    ],
    [
      -0.0050111878586654906,
      -0.0016893018072156722,
      0.003807214925427436
    ],
    [
      0.004362661233161419,
      -0.003631073365439167,
      -0.002984366978265964
    ],
    [
      -0.00659666362732911,
      0.003706013212069345,
      -0.006075274617427756
    ],
    [
      0.002919622070657145,
      0.0042544330028678155,
      0.0031949774697339214
    ],
    [
      0.005233630053550297,
      -0.0038789344651060727,
      -0.0002142749822350265
    ],
    [
      0.0007321315018155325,
      -0.0008704098625196046,
      0.0019127412302475642
    ],
    [
      -0.0030985726124822988,
      -0.004435065406241298,
      -0.0020362565726002946
    ],
    [
      -0.002466041335167391,
      -0.003160179385602787,
      0.0029714528403368607
    ],
    [
      -0.00371769651140057,
      0.0016352496042376478,
      0.003168570232822343
    ],
    [
      0.0008475836583602074,
      -0.0035645721371288727,
      0.0020739112039803724
    ],
    [
      0.002215713467520089,
      -0.0007784239091813351,
      0.0006836772079051119
    ]
  ]
}