{
  "name": "system29",
  "subset": "prod",
  "atomic_number": [
    6,
    6,
    8,
    1,
    1,
    1,
    1
  ],
  "charge": [
    0,
    0,
    0,
    0,
    0,
    0,
    0
  ],
  "positition": [
    [
      -2.54820756172806,
      2.88098225361865,
      0.01391548938436
    ],
    [
      -1.21822444349767,
      2.80947281265488,
      -0.08428521587844
    ],
    [
      -0.39102294512506,
      3.81125742937954,
      0.31609696938523
    ],
    [
      -3.03665015468435,
      3.76671398710941,
      0.42768205872983
    ],
    [
      -3.16352461478219,
      2.04593732476181,
      -0.322572056426
    ],
    [
      -0.72672867777714,
      1.91941615610443,
      -0.50014029190143
    ],
    [
      0.52415940759449,
      3.55902003637128,
      0.14930303670644
    ]
  ],
  "energies": -4180.0189565719675,
  "forces": [
    [
      0.00021262489952416006,
      0.004396817312784929,
      0.00041629135505221913
    ],
    [
      0.00017079361358879206,
      -0.003794167501500434,
      -0.0014947089296919295
    ],
    [
      -0.0019480921015999216,
      0.0023843452974083965,
      -8.762525920486264e-05
    ],
    [
      0.002003286697220428,
      -0.001494287371585922,
      -0.0002909941352306691
    ],
    [
      -0.0007956469592222853,
      -0.0018021826032954878,
      0.0010412100581329842
    ],
    [
      -0.0011583208848737299,
      0.0005660672785811862,
      -0.0012958259605328956
    ],
    [
      0.0015153568950893742,
      -0.00025659395505468063,
      0.001711651483079342
    ]
  ]
}