{
  "name": "system29",
  "subset": "react",
  "atomic_number": [
    6,
    6,
    8,
    1,
    1,
    1,
    1
  ],
  "charge": [
    0,
    0,
    0,
    0,
    0,
    0,
    0
  ],
  "positition": [
    [
      -2.33121601384444,
      3.3134461685214,
      0.201176580084
    ],
    [
      -0.91454997788663,
      2.8635824415997,
      -0.04211613257343
    ],
    [
      0.0621620615549,
      3.55554960413794,
      0.0916637456494
    ],
    [
      -2.92731201705146,
      3.17987287748633,
      -0.7184103041957
    ],
    [
      -2.79574441184663,
      2.67518976041077,
      0.97305317181896
    ],
    [
      -0.81552764445403,
      1.792539334809,
      -0.37114119171044
    ],
    [
      -2.3533109964717,
      4.36601982303485,
      0.5166741309272
    ]
  ],
  "energies": -4180.584261437198,
  "forces": [
    [
      0.0008417386662602337,
      0.005375011427470877,
      0.0005925632185584956
    ],
    [
      0.002212604386499664,
      0.0035811631585432133,
      0.0005254369036006492
    ],
    [
      -0.0035634581294674244,
      0.0028365695701903703,
      0.0013645256364775093
    ],
    [
      0.0006389684459394947,
      -0.0029719538455365234,
      -0.00014698658492171097
    ],
    [
      -0.0013720343381361283,
      0.0007244118154156412,
      -0.0011348995731318946
    ],
    [
      -0.0009254787311860752,
      -0.007844352876637935,
      -0.002997943072464723
    ],
    [
      0.0021676533237539168,
      -0.0017008527975682739,
      0.0017973021349079303
    ]
  ]
}