{
  "name": "system29",
  "subset": "sp",
  "atomic_number": [
    6,
    6,
    8,
    1,
    1,
    1,
    1
  ],
  "charge": [
    0,
    0,
    0,
    0,
    0,
    0,
    0
  ],
  "positition": [
    [
      -0.71969254628994,
      -0.03416186163378,
      0.17518137572032
    ],
    [
      0.64150202450462,
      -0.32541816595583,
      -0.07791936824982
    ],
    [
      1.32284924545476,
      0.74523392200544,
      -0.2103611675018
    ],
    [
      -1.19735518920141,
      0.45787726832101,
      -0.68637199803492
    ],
    [
      -1.38294233822385,
      -0.72502729052519,
      0.70797590617272
    ],
    [
      1.1572701162534,
      -1.30001599210308,
      -0.13558768706996
    ],
    [
      0.17836868750243,
      1.18151211989142,
      0.22708293896347
    ]
  ],
  "energies": -4177.6234857562,
  "forces": [
    [
      -0.0005685239678364339,
      0.0003586300942954492,
      -0.0013551174550826349
    ],
    [
      0.001616530943375371,
      -0.003723372941964621,
      -0.0018104123451788494
    ],
    [
      0.005569492924797302,
      0.0010148316175789768,
      0.0006221909681098836
    ],
    [
      -0.002079503508042664,
      -0.0005369715931579831,
      -0.0015369419248154085
    ],
    [
      -0.0001878366863949255,
      0.0017579671332194693,
      0.002539348376901245
    ],
    [
      -0.0005809647656379693,
      0.0005318765919065243,
      -9.084510335780018e-05
    ],
    [
      -0.003769199516824652,
      0.0005970348300906166,
      0.0016317786147090401
    ]
  ]
}