{
  "name": "system2",
  "subset": "prod",
  "atomic_number": [
    7,
    5,
    7,
    5,
    1,
    1,
    1,
    1,
    1,
    1,
    1,
    1
  ],
  "charge": [
    0,
    0,
    0,
    0,
    0,
    0,
    0,
    0,
    0,
    0,
    0,
    0
  ],
  "positition": [
    [
      0.45470324067789,
      -0.65922893093521,
      -0.46563499047789
    ],
    [
      1.54565705345576,
      0.515154227971,
      0.03940041448693
    ],
    [
      -1.70682423097382,
      0.48520599603544,
      0.01608389206994
    ],
    [
      -0.77120828434944,
      -0.47647086023644,
      0.36627906728502
    ],
    [
      -1.54847043145661,
      1.17318606361105,
      -0.712852416171
    ],
    [
      1.12244623834699,
      1.56109719734361,
      -0.43640543683472
    ],
    [
      1.49981461643834,
      0.49847585768038,
      1.26301230956161
    ],
    [
      0.89125230646316,
      -1.56921105665461,
      -0.32036634822706
    ],
    [
      2.63041403969912,
      0.17129481967722,
      -0.40739450092811
    ],
    [
      -2.51046531521261,
      0.6857787799893,
      0.59822826140271
    ],
    [
      -0.92120039720196,
      -1.18543966334756,
      1.32469201503453
    ],
    [
      0.31782116411317,
      -0.53711143113423,
      -1.46974426720199
    ]
  ],
  "energies": -4459.253487834006,
  "forces": [
    [
      0.002680000894442885,
      -0.008027562451169857,
      0.00013327787321192554
    ],
    [
      0.002083389833607161,
      0.003756644921988645,
      -0.0023612314896277625
    ],
    [
      -0.00037654543962563846,
      0.005810680417175138,
      0.009962181611237603
    ],
    [
      -0.002616824976945131,
      -0.0031982168028502865,
      0.0011099185272510704
    ],
    [
      0.00025441504780585565,
      0.00019015278771874783,
      -0.0024571126645481357
    ],
    [
      0.0012455770879030842,
      0.0013429522281386374,
      -0.00030277148552260315
    ],
    [
      -0.0017584940037188785,
      0.001154758158377433,
      0.0021168005503681944
    ],
    [
      -0.0007375930909832795,
      0.0005881030227252686,
      -0.004267662563756452
    ],
    [
      -0.0017247332569471604,
      9.477760593854469e-05,
      0.0016492790353798764
    ],
    [
      -0.002937840806183168,
      0.0009445536441291546,
      -0.0018740302867653132
    ],
    [
      0.001106981144512661,
      -0.00022701865601172487,
      -0.002515001005153177
    ],
    [
      0.0027816685431508834,
      -0.002429825853178975,
      -0.001193647176478018
    ]
  ]
}