{
  "name": "system2",
  "subset": "sp",
  "atomic_number": [
    7,
    5,
    7,
    5,
    1,
    1,
    1,
    1,
    1,
    1,
    1,
    1
  ],
  "charge": [
    0,
    0,
    0,
    0,
    0,
    0,
    0,
    0,
    0,
    0,
    0,
    0
  ],
  "positition": [
    [
      -0.05452248758838,
      1.21046354887409,
      0.59285864102778
    ],
    [
      1.32246769100406,
      0.76945777961901,
      0.29185422210683
    ],
    [
      -0.50682195309393,
      -1.4067901707648,
      -0.66802062544525
    ],
    [
      -1.4078298544398,
      -0.78578389582553,
      0.1452842520402
    ],
    [
      0.43147574420153,
      -1.01244241624191,
      -0.81747941062908
    ],
    [
      1.93766386708157,
      0.26803133447397,
      1.20945485896621
    ],
    [
      1.60915915261949,
      0.40462633281153,
      -0.85127359250456
    ],
    [
      -0.50740147103223,
      1.60007023365069,
      -0.24536325219044
    ],
    [
      1.39865418619358,
      2.06363802411974,
      0.30563862102516
    ],
    [
      -0.69068431076834,
      -2.26990648151829,
      -1.16862547436567
    ],
    [
      -2.54228148152996,
      -1.1085794955425,
      0.37664400653218
    ],
    [
      -0.98987908264761,
      0.26721520634401,
      0.82902775343665
    ]
  ],
  "energies": -4455.160471759261,
  "forces": [
    [
      -0.012297460794981337,
      -0.005077824686966703,
      -0.002488723917493405
    ],
    [
      0.0030704211390550113,
      -0.007722449101867819,
      -0.006920775065005993
    ],
    [
      8.955132414980369e-05,
      0.0024967180948874254,
      0.002220839630544204
    ],
    [
      -0.0016016125789593489,
      0.0017640185334967444,
      0.0003791194226159196
    ],
    [
      0.0001536652315733555,
      0.0018353856777496096,
      0.0008007368182670352
    ],
    [
      0.0023789770907144863,
      0.0011508401568196078,
      0.0021515913839878693
    ],
    [
      4.6879493105774674e-05,
      0.0024630228084071134,
      0.0026306739166318716
    ],
    [
      0.0008497592745967386,
      -0.0022296547612393244,
      0.00245982656698297
    ],
    [
      0.0023567325729780164,
      0.000507381176027303,
      0.00026682771773669264
    ],
    [
      0.0011223469323344373,
      -0.001746287330588806,
      -0.0029780950287429378
    ],
    [
      0.0004813632041635995,
      0.0016612047383353665,
      0.0019511417387107894
    ],
    [
      0.0033493773169577315,
      0.004897644900627752,
      -0.00047316446978669326
    ]
  ]
}