{
  "name": "system30",
  "subset": "prod",
  "atomic_number": [
    1,
    6,
    1,
    6,
    1,
    1,
    1,
    1
  ],
  "charge": [
    0,
    0,
    0,
    0,
    0,
    0,
    0,
    0
  ],
  "positition": [
    [
      -0.17797975708008,
      -0.46121713183949,
      -0.05626886324456
    ],
    [
      0.2655066438965,
      0.40895855703154,
      0.4386643597821
    ],
    [
      1.34015750469409,
      0.36129709726622,
      0.64276738218657
    ],
    [
      -0.46530826668476,
      1.47192932536529,
      0.77811264733459
    ],
    [
      -1.11799614139171,
      -0.80857614556098,
      3.84770888954602
    ],
    [
      -0.89847432992083,
      -0.45219114873899,
      3.21091454374238
    ],
    [
      -0.02082460038026,
      2.34073097384407,
      1.27466700924211
    ],
    [
      -1.54029105313295,
      1.52014347263232,
      0.57622603141078
    ]
  ],
  "energies": -2167.2774751438455,
  "forces": [
    [
      -0.0016037924118053816,
      0.004315394223358051,
      -0.0008357381738293784
    ],
    [
      0.000598992879561288,
      0.002699874289243746,
      0.005996364575841656
    ],
    [
      -8.551047527369953e-05,
      -0.001300204086747046,
      -0.0027613518901317027
    ],
    [
      0.0032374331224079025,
      -0.0033448859593518477,
      0.0012672588425373156
    ],
    [
      -9.488656929870942e-05,
      -0.00019078589620876585,
      -0.0003636520247895726
    ],
    [
      4.209616100295107e-06,
      -0.0001150754899032372,
      0.0017700944106779542
    ],
    [
      -0.0018416914629927812,
      -0.001390447603341955,
      -0.0026916557059489424
    ],
    [
      -0.0002147546986989136,
      -0.0006738694770489445,
      -0.0023813200343573296
    ]
  ]
}