{
  "name": "system30",
  "subset": "react",
  "atomic_number": [
    1,
    6,
    1,
    6,
    1,
    1,
    1,
    1
  ],
  "charge": [
    0,
    0,
    0,
    0,
    0,
    0,
    0,
    0
  ],
  "positition": [
    [
      0.03988268893892,
      -0.07439866157674,
      -0.02712210462153
    ],
    [
      0.01846360454808,
      -0.03712906132438,
      1.07464005716126
    ],
    [
      1.06307140476405,
      -0.07724773597764,
      1.42506661137141
    ],
    [
      -0.69419096340752,
      1.2158565937292,
      1.57983446167989
    ],
    [
      -0.48123426504611,
      -0.95536111898985,
      1.42552022752276
    ],
    [
      -0.71558783361924,
      1.2531384565241,
      2.68159663788868
    ],
    [
      -0.19450919358503,
      2.13408948131421,
      1.22893392246421
    ],
    [
      -1.73880645259313,
      1.25596204630117,
      1.22942918653333
    ]
  ],
  "energies": -2169.0738597958075,
  "forces": [
    [
      -0.0018582229376534315,
      -0.00016926077319089192,
      0.0004344314662376609
    ],
    [
      -0.0018738955095274692,
      -0.005641075167556807,
      0.0069387790619798466
    ],
    [
      0.0024407045514264355,
      -0.00027713244287128953,
      0.0004947044023598892
    ],
    [
      0.0018630631425624574,
      0.005646987933941206,
      -0.006924266417673169
    ],
    [
      0.0026903401237844994,
      0.0005137045476174193,
      -0.00430284677618937
    ],
    [
      0.0018562708531425426,
      0.0001569711048445354,
      -0.000446548150750325
    ],
    [
      -0.00267925815410583,
      -0.0005161566603086959,
      0.004303903551090146
    ],
    [
      -0.0024390020696292043,
      0.00028596145752452374,
      -0.0004981571884767466
    ]
  ]
}