{
  "name": "system30",
  "subset": "sp",
  "atomic_number": [
    1,
    6,
    1,
    6,
    1,
    1,
    1,
    1
  ],
  "charge": [
    0,
    0,
    0,
    0,
    0,
    0,
    0,
    0
  ],
  "positition": [
    [
      -0.10115678291176,
      -1.0181967231628,
      -1.08503101801624
    ],
    [
      0.32321395109317,
      -0.36475757753876,
      -0.31774976872194
    ],
    [
      1.40529621987299,
      -0.45962316115566,
      -0.19331756534606
    ],
    [
      -0.288401233567,
      0.91898561324613,
      -0.0877744150872
    ],
    [
      0.07281661066576,
      -1.4947078593966,
      0.81422679607786
    ],
    [
      -0.31656693669744,
      -0.33976033297068,
      0.74497755211317
    ],
    [
      0.22432558445911,
      1.66479319984566,
      0.52022607024047
    ],
    [
      -1.31952741291482,
      1.09326684113272,
      -0.39555765126004
    ]
  ],
  "energies": -2163.8633073357314,
  "forces": [
    [
      0.003965497652937249,
      0.003646277585126145,
      0.0020029284396790087
    ],
    [
      -0.0023306057405982823,
      -0.0044019325743308215,
      -0.0006977156893311484
    ],
    [
      0.0022015714220509314,
      -0.0034202315260913694,
      -0.0003902736402988512
    ],
    [
      0.001258736560514276,
      0.0027370646307800636,
      -0.00035161874686972925
    ],
    [
      -0.003769488097465163,
      0.0028043690717783113,
      -0.0001470278768415846
    ],
    [
      0.0048158671532041505,
      -0.00031787018712791136,
      0.00017006552854085795
    ],
    [
      -0.00272135097267442,
      -0.002764081681985268,
      -0.0018055418012502403
    ],
    [
      -0.0034202283893452765,
      0.0017164052989156557,
      0.0012191840434820228
    ]
  ]
}