{
  "name": "system31",
  "subset": "prod",
  "atomic_number": [
    6,
    8,
    6,
    9,
    9,
    6,
    9,
    9,
    9,
    9
  ],
  "charge": [
    0,
    0,
    0,
    0,
    0,
    0,
    0,
    0,
    0,
    0
  ],
  "positition": [
    [
      -0.20709454017992,
      -0.57353719262621,
      -0.13073561200507
    ],
    [
      -2.1458714460786,
      -0.12631243274283,
      1.26897659643603
    ],
    [
      -1.45206629999481,
      0.18892378641519,
      0.37099051577907
    ],
    [
      -0.41089749686989,
      -0.95012320931267,
      -1.41001066612901
    ],
    [
      -0.03731197315181,
      -1.66116801839378,
      0.63037548269592
    ],
    [
      1.08833163394981,
      0.27965283411714,
      -0.06544098964451
    ],
    [
      -1.6519234029308,
      1.27587897160687,
      -0.3772574371465
    ],
    [
      1.07055312586199,
      1.22728438053054,
      -0.99739835800345
    ],
    [
      1.16325869450348,
      0.85703980812256,
      1.14002756927731
    ],
    [
      2.15554570489055,
      -0.48981292771682,
      -0.24645910125979
    ]
  ],
  "energies": -21434.274616841994,
  "forces": [
    [
      -0.00370306497927478,
      -0.005535219191484289,
      0.003325867816370836
    ],
    [
      0.004690871009585415,
      -0.0014966218820097626,
      0.00015133720032996817
    ],
    [
      0.0037082100141975177,
      0.0017984698272074206,
      -0.003983691911559337
    ],
    [
      0.0010144417354662966,
      0.0022621595754444244,
      -0.0016154163700711846
    ],
    [
      -0.00413462112920901,
      0.016682280465338914,
      -0.0028820917778352917
    ],
    [
      0.008406451605769347,
      0.0021350953391314443,
      0.00326101805916722
    ],
    [
      0.002269988533736883,
      -0.016236098593972476,
      0.00301222544875497
    ],
    [
      0.003270021291783756,
      0.0011898320190543738,
      0.007498073900059016
    ],
    [
      0.0027140083642925032,
      -0.0012255743151814238,
      -0.007248932802298094
    ],
    [
      -0.018236307731899604,
      0.0004256772706920433,
      -0.001518392288287658
    ]
  ]
}