{
  "name": "system31",
  "subset": "sp",
  "atomic_number": [
    6,
    8,
    6,
    9,
    9,
    6,
    9,
    9,
    9,
    9
  ],
  "charge": [
    0,
    0,
    0,
    0,
    0,
    0,
    0,
    0,
    0,
    0
  ],
  "positition": [
    [
      -0.56460523374714,
      -0.32246912115878,
      1.1819990678779
    ],
    [
      1.16783380655193,
      -1.54543536549235,
      0.01433263747385
    ],
    [
      0.7326230173084,
      -0.47298478671698,
      0.37521571060504
    ],
    [
      -0.98295879962352,
      0.78660317908081,
      1.66299797065568
    ],
    [
      -1.51614900065309,
      -1.15107205700516,
      0.98134765893413
    ],
    [
      0.00469312665753,
      0.39775549986793,
      -0.99839088759465
    ],
    [
      1.5696936963979,
      0.53082210226265,
      0.87962358918735
    ],
    [
      1.02202642795076,
      0.52163782477695,
      -1.81985938838503
    ],
    [
      -0.94287445356892,
      -0.34981566705934,
      -1.55198845316698
    ],
    [
      -0.49028258727384,
      1.60495839144425,
      -0.72527790558726
    ]
  ],
  "energies": -21430.810787987033,
  "forces": [
    [
      -0.009312106307338967,
      0.0005704096150366419,
      0.0019276211309574023
    ],
    [
      -0.003000761773072288,
      -0.0003762573732057976,
      0.00036267248583356606
    ],
    [
      -0.004665580659971041,
      -0.0011156619607685407,
      -0.0025263526321516695
    ],
    [
      -0.0015589036211828805,
      0.009049278609357109,
      0.004087255491880961
    ],
    [
      0.009201004817624616,
      -0.006865260315595781,
      -0.00792620426046161
    ],
    [
      -0.004586092891461181,
      0.006202102003699717,
      0.001373623228587157
    ],
    [
      0.005099446843425177,
      -0.00041772803618466005,
      9.317498579560277e-05
    ],
    [
      -0.007688096847058359,
      -0.0008901177811085683,
      -0.006451283262095036
    ],
    [
      0.010555564754655859,
      -0.005407950346766355,
      0.007524223255304135
    ],
    [
      0.005955532832046392,
      -0.0007488169855671187,
      0.0015352710675894375
    ]
  ]
}