{
  "name": "system32",
  "subset": "prod",
  "atomic_number": [
    6,
    8,
    6,
    9,
    9,
    6,
    9,
    9,
    9,
    9
  ],
  "charge": [
    0,
    0,
    0,
    0,
    0,
    0,
    0,
    0,
    0,
    0
  ],
  "positition": [
    [
      -1.48048516448618,
      0.15304315028199,
      -0.25999335218207
    ],
    [
      -2.23868125488006,
      -0.25498113044417,
      -1.06365627741441
    ],
    [
      -0.19482997955703,
      -0.55083251257444,
      0.22197804212597
    ],
    [
      -0.27811410959475,
      -0.7498657864538,
      1.5534391765189
    ],
    [
      -1.63020854977811,
      1.3117134882911,
      0.38385047542839
    ],
    [
      1.09012398166854,
      0.26662220944144,
      -0.07591490859897
    ],
    [
      -0.09746290445453,
      -1.73211003755587,
      -0.39916847394381
    ],
    [
      1.06930970088479,
      0.65049138322581,
      -1.35731475584089
    ],
    [
      1.1456334546899,
      1.34744510943555,
      0.69626739726294
    ],
    [
      2.16777582550741,
      -0.4791758736476,
      0.13945567664393
    ]
  ],
  "energies": -21434.276322749825,
  "forces": [
    [
      0.0017747940790776215,
      0.0012040552599674667,
      0.006448756381718211
    ],
    [
      0.0037151497306837805,
      -0.002334169238425586,
      -0.0013559781062195283
    ],
    [
      -0.004794551060888998,
      -0.012393186161038428,
      0.0012044421596002556
    ],
    [
      0.0006490198659716038,
      -0.005464400720687279,
      0.00985935408638431
    ],
    [
      -0.006468382230688097,
      0.013280389750760842,
      -0.006176939437922064
    ],
    [
      0.010156462151125839,
      0.00012698000696708601,
      0.0011406397156370706
    ],
    [
      0.005177772473218794,
      -0.005327807358277627,
      -0.0023511416573115365
    ],
    [
      0.003268534371291768,
      0.003152594836395209,
      -0.012270397926714355
    ],
    [
      0.0005025395313003986,
      0.0005047788594780549,
      0.005303370923509359
    ],
    [
      -0.013981339785267848,
      0.007250765587613332,
      -0.0018021073728113342
    ]
  ]
}