{
  "name": "system32",
  "subset": "sp",
  "atomic_number": [
    6,
    8,
    6,
    9,
    9,
    6,
    9,
    9,
    9,
    9
  ],
  "charge": [
    0,
    0,
    0,
    0,
    0,
    0,
    0,
    0,
    0,
    0
  ],
  "positition": [
    [
      -0.02822812807053,
      -0.86342742974955,
      1.11870704490075
    ],
    [
      0.88909152066675,
      -1.36802072439507,
      1.74316705090602
    ],
    [
      0.34467453813506,
      0.31385184589559,
      0.26248185197844
    ],
    [
      -0.99264717712205,
      0.06140675872078,
      1.85842978112674
    ],
    [
      -0.89995329898607,
      -1.64531950687512,
      0.40012780433518
    ],
    [
      -0.04047233727638,
      0.54399995918492,
      -1.21517020413787
    ],
    [
      1.15644924493079,
      1.16356874102973,
      0.72739253234529
    ],
    [
      0.4109371656866,
      -0.49532432186082,
      -1.90751867966866
    ],
    [
      -1.35529220626069,
      0.62957365722766,
      -1.31397463793036
    ],
    [
      0.51544067829651,
      1.65969102082188,
      -1.67364254385554
    ]
  ],
  "energies": -21430.835560880863,
  "forces": [
    [
      0.00422298429507662,
      -0.0015974816900437693,
      0.002463305064133373
    ],
    [
      0.004358875489160151,
      -0.0013457136959855302,
      0.010509915637349357
    ],
    [
      0.0046710516079549996,
      0.0010040646080612364,
      -0.01655428744365015
    ],
    [
      0.0036510079524998654,
      -0.013288968082837012,
      0.012517815151098136
    ],
    [
      -0.01914381306224175,
      0.009236711632525374,
      0.005728733593994942
    ],
    [
      -0.00013831466468343812,
      -0.005133406233642066,
      -0.0027599337209434143
    ],
    [
      -0.00392604366058554,
      -0.004039630635912709,
      -0.0016746899697415766
    ],
    [
      0.006725739443484601,
      0.006745156981660706,
      -0.0016959786026729013
    ],
    [
      -9.398730018943107e-05,
      -0.004816445497192717,
      -0.0031522389956909432
    ],
    [
      -0.0003275033400663066,
      0.013235709476620396,
      -0.005382642667915373
    ]
  ]
}