{
  "name": "system33",
  "subset": "prod",
  "atomic_number": [
    6,
    8,
    6,
    9,
    9,
    6,
    9,
    9,
    9,
    9
  ],
  "charge": [
    0,
    0,
    0,
    0,
    0,
    0,
    0,
    0,
    0,
    0
  ],
  "positition": [
    [
      1.31929815048793,
      -0.10123225093485,
      -0.04695781187089
    ],
    [
      0.01895841547674,
      1.87973254980771,
      0.37553887425429
    ],
    [
      0.00765452733703,
      0.7104339948418,
      0.13714864580148
    ],
    [
      2.33775795862233,
      0.71650697865042,
      -0.27308864983278
    ],
    [
      1.20139471212655,
      -0.94819066155561,
      -1.07547561159721
    ],
    [
      -1.31966977606333,
      -0.08275894077626,
      -0.01013035284087
    ],
    [
      1.56644257208483,
      -0.80743706503063,
      1.06139297134305
    ],
    [
      -2.32478430294059,
      0.59735021522763,
      0.52312706559621
    ],
    [
      -1.57167942415959,
      -0.28721259174115,
      -1.30723110860252
    ],
    [
      -1.22337183297191,
      -1.26966522848908,
      0.59890297774923
    ]
  ],
  "energies": -21434.066532070057,
  "forces": [
    [
      0.009676775717725924,
      -0.009877490855135394,
      -0.0019931606637689707
    ],
    [
      0.0020462440750030108,
      -0.006209881648229836,
      0.0026766880277705805
    ],
    [
      -0.00308161747141089,
      0.005035008205647949,
      0.0012426220159735954
    ],
    [
      -0.016700517352854626,
      0.008567637623187086,
      0.0008550750307822171
    ],
    [
      -0.0031323903863264206,
      -0.007081674455821771,
      0.0009091817925734245
    ],
    [
      -0.008018976971426364,
      -0.007073900776251436,
      0.008343493923524323
    ],
    [
      -0.009000353237890071,
      0.011919584295149062,
      -0.0009165069688745976
    ],
    [
      0.022025824364542042,
      0.008064123438027055,
      -0.004215192617782802
    ],
    [
      -0.0015760200732787522,
      0.003664612123147256,
      -0.0036801017353065863
    ],
    [
      0.007761031901558881,
      -0.00700801866962891,
      -0.0032221020444814117
    ]
  ]
}