{
  "name": "system33",
  "subset": "react",
  "atomic_number": [
    6,
    8,
    6,
    9,
    9,
    6,
    9,
    9,
    9,
    9
  ],
  "charge": [
    0,
    0,
    0,
    0,
    0,
    0,
    0,
    0,
    0,
    0
  ],
  "positition": [
    [
      -1.03116218882737,
      -0.84198810294744,
      -4.73611408335936
    ],
    [
      0.02529072100854,
      -1.55278148199842,
      -5.25873380816838
    ],
    [
      -0.09925602949816,
      -0.19716047800785,
      -5.65718399765059
    ],
    [
      -0.98327583115577,
      -0.5696156612517,
      -3.4404060521928
    ],
    [
      -2.2476464673575,
      -1.24570160937506,
      -5.06860856342987
    ],
    [
      -0.3391824978102,
      0.05415717630332,
      -7.14539931759059
    ],
    [
      0.83087863026519,
      0.63434854661904,
      -5.17626731370155
    ],
    [
      0.78335444783359,
      -0.16694466684749,
      -7.83086523152225
    ],
    [
      -1.29205908617353,
      -0.74803317403435,
      -7.61494943974299
    ],
    [
      -0.71156269828482,
      1.32304045153996,
      -7.32803119264159
    ]
  ],
  "energies": -21433.182122026115,
  "forces": [
    [
      0.010849968892843564,
      -0.00039230028680702116,
      0.0035004194060446678
    ],
    [
      -0.0044010670895196224,
      -0.0032529962167011043,
      0.0014619065359845766
    ],
    [
      0.010757122699744938,
      0.010144132065034749,
      -0.0024735505510466815
    ],
    [
      -0.003832508103255499,
      -0.007458163948238415,
      0.001118653233833261
    ],
    [
      -0.012274342204948463,
      0.005979750517341257,
      0.006258087727822411
    ],
    [
      -0.004484392281208177,
      -0.0027560959892323177,
      -0.018186811266955465
    ],
    [
      -0.007480662748096649,
      -0.011237563957667673,
      -0.01812755695056023
    ],
    [
      0.012108235815619104,
      0.010822915126282457,
      0.018757794238040165
    ],
    [
      0.004151792294384265,
      0.003963992940410047,
      0.00829270748460515
    ],
    [
      -0.005394145938589715,
      -0.005813672101616395,
      -0.0006016483151058405
    ]
  ]
}