{
  "name": "system33",
  "subset": "sp",
  "atomic_number": [
    6,
    8,
    6,
    9,
    9,
    6,
    9,
    9,
    9,
    9
  ],
  "charge": [
    0,
    0,
    0,
    0,
    0,
    0,
    0,
    0,
    0,
    0
  ],
  "positition": [
    [
      -0.66820083381015,
      -0.16466065450267,
      1.21668966037393
    ],
    [
      1.13419097808127,
      -1.34787774660627,
      0.39188998412398
    ],
    [
      0.5069409070235,
      -0.30399268733159,
      0.23288928181214
    ],
    [
      -0.51997192167313,
      -0.53406890221381,
      2.41299671248968
    ],
    [
      -1.8744289237128,
      0.13028352108266,
      0.94864364302425
    ],
    [
      0.1719176369323,
      0.20167149082914,
      -1.19884159638918
    ],
    [
      1.07447748736787,
      0.9966941006837,
      0.88714500087313
    ],
    [
      1.28502379099343,
      0.44641474042224,
      -1.87239517717879
    ],
    [
      -0.53110399808521,
      -0.74131636303105,
      -1.84473864291892
    ],
    [
      -0.57884512311709,
      1.31685250066764,
      -1.17427886621022
    ]
  ],
  "energies": -21431.150172397985,
  "forces": [
    [
      0.017262546199396857,
      -0.005137440346227381,
      -0.003613947348838817
    ],
    [
      0.005145975843721663,
      -0.012262532253065995,
      -0.002167342220248019
    ],
    [
      -0.006199609010465104,
      0.001511274651449262,
      0.0007147179844380793
    ],
    [
      0.0015156005842653158,
      -0.004216595617461298,
      -0.01861168347376514
    ],
    [
      -0.01106344575317528,
      0.0030166707836108077,
      -0.0023351515027511477
    ],
    [
      -0.0037684096738741413,
      -0.00044723710360520326,
      -0.0038123337350959583
    ],
    [
      0.0016272862800838816,
      0.023530103609406387,
      -0.006118582385175492
    ],
    [
      -0.0029534097625920188,
      -0.005908540827457824,
      0.024276359467499994
    ],
    [
      -0.0029692263162539095,
      -0.0019244726092115191,
      0.010342923657180562
    ],
    [
      0.0014026931515547475,
      0.0018387733121074635,
      0.0013250362657436432
    ]
  ]
}