{
  "name": "system34",
  "subset": "prod",
  "atomic_number": [
    6,
    8,
    7,
    1,
    1,
    1,
    1,
    1
  ],
  "charge": [
    0,
    0,
    0,
    0,
    0,
    0,
    0,
    0
  ],
  "positition": [
    [
      0.78861541845697,
      -0.4466398988294,
      0.02112691005303
    ],
    [
      1.25621587694403,
      0.65894444324682,
      0.03271489971987
    ],
    [
      -2.19816464048986,
      0.26372947730608,
      0.01069909986343
    ],
    [
      -2.04664732757616,
      -0.6770554781555,
      -0.35398686315426
    ],
    [
      -1.62030741057421,
      0.89399779998475,
      -0.54561371321683
    ],
    [
      0.55693222943497,
      -0.9953753071309,
      -0.92851711548894
    ],
    [
      -1.8188307912926,
      0.28341102384664,
      0.95737757479133
    ],
    [
      0.56788764509686,
      -1.02089606026847,
      0.95815820743237
    ]
  ],
  "energies": -4648.712546803207,
  "forces": [
    [
      -0.0010628308776177136,
      -0.008757515611379302,
      -0.001326085944399161
    ],
    [
      0.010374499737431942,
      0.008325354326559554,
      0.0006976089885419358
    ],
    [
      -0.0028573396629971545,
      -0.005073182302749775,
      -0.006896050255285481
    ],
    [
      -0.004576529158313357,
      -0.0010755649868899333,
      0.001173931544578991
    ],
    [
      8.698957961149013e-05,
      0.0026445686219583233,
      0.003234398551962692
    ],
    [
      -0.0024075638519396943,
      0.0009874800658273488,
      0.00148702421029766
    ],
    [
      0.000231677855244592,
      0.0008587542282604738,
      0.0022179513044577994
    ],
    [
      0.0002110964814240297,
      0.002090101133271408,
      -0.0005887782973103007
    ]
  ]
}