{
  "name": "system34",
  "subset": "sp",
  "atomic_number": [
    6,
    8,
    7,
    1,
    1,
    1,
    1,
    1
  ],
  "charge": [
    0,
    0,
    0,
    0,
    0,
    0,
    0,
    0
  ],
  "positition": [
    [
      0.88039201307606,
      0.08937938566973,
      -0.04338214343504
    ],
    [
      1.48365253449966,
      0.20991182104584,
      -1.13301925408292
    ],
    [
      -1.30714504604656,
      -0.14127767147728,
      0.29922423376462
    ],
    [
      -1.56647785775235,
      0.66313961859851,
      -0.29157532764497
    ],
    [
      0.35847655977268,
      -0.9143572707653,
      0.2319097873993
    ],
    [
      1.38775901720213,
      0.0806905487211,
      0.96458726674686
    ],
    [
      -1.41453275403351,
      -0.92345854690232,
      -0.36426420032635
    ],
    [
      0.17787553328188,
      0.93597211510972,
      0.3365196375785
    ]
  ],
  "energies": -4644.060950791566,
  "forces": [
    [
      -0.001934078765564692,
      0.0003954176982023145,
      0.0024550308421619777
    ],
    [
      0.001932653397287011,
      -0.0017558245813720774,
      -0.008078601166750179
    ],
    [
      -0.00021969908471586457,
      -0.007122736930432071,
      0.0009381827071269796
    ],
    [
      0.0015004186303333882,
      0.0034064459898133503,
      -0.0028242963054834155
    ],
    [
      -0.0009691311810495196,
      -0.0010825856417097965,
      -0.0002791864973412188
    ],
    [
      0.0004997610427492987,
      0.0016662044544965067,
      0.004336880625559405
    ],
    [
      -0.0016164097415632386,
      0.0015371346547228637,
      0.0006026149471230072
    ],
    [
      0.0008064823086671888,
      0.0029559433278375665,
      0.0028493792184791458
    ]
  ]
}