{
  "name": "system35",
  "subset": "prod",
  "atomic_number": [
    6,
    8,
    7,
    1,
    1,
    1,
    1,
    1
  ],
  "charge": [
    0,
    0,
    0,
    0,
    0,
    0,
    0,
    0
  ],
  "positition": [
    [
      1.1529515241001,
      -0.22368901581764,
      0.07399711570983
    ],
    [
      -0.03942892057804,
      0.52099064246944,
      0.15673553772041
    ],
    [
      -1.14815470313213,
      -0.32743670948487,
      -0.14422759107374
    ],
    [
      -1.77855594721834,
      -0.20745926262402,
      0.65475955088179
    ],
    [
      1.96791451192902,
      0.47795380534719,
      0.31217062791291
    ],
    [
      1.316083571291,
      -0.63659306878499,
      -0.9396207299746
    ],
    [
      1.17200062842823,
      -1.06112193661049,
      0.79682602129932
    ],
    [
      -1.61992866481984,
      0.1417245455054,
      -0.92411453247589
    ]
  ],
  "energies": -4647.648281820155,
  "forces": [
    [
      -0.0013475068348870424,
      0.004057862895442377,
      -0.0007861667869334841
    ],
    [
      0.004535035921047042,
      -0.0011806824392348975,
      -0.004124881224059333
    ],
    [
      0.0030063970659826664,
      -0.005606242990595191,
      -0.0014546427576315095
    ],
    [
      0.0018453261289609376,
      0.0010384838144020484,
      -0.0010927193884713174
    ],
    [
      -0.0008246315215585056,
      -0.001652942394861469,
      0.0018700805063700265
    ],
    [
      -0.0016129049677365526,
      0.0005450851725917876,
      0.0017254667413121388
    ],
    [
      -0.004160109145249277,
      0.0013139378924255719,
      -0.00026431251016909593
    ],
    [
      -0.0014416083949095487,
      0.0014844965585898273,
      0.004127174596829502
    ]
  ]
}