{
  "name": "system35",
  "subset": "sp",
  "atomic_number": [
    6,
    8,
    7,
    1,
    1,
    1,
    1,
    1
  ],
  "charge": [
    0,
    0,
    0,
    0,
    0,
    0,
    0,
    0
  ],
  "positition": [
    [
      0.95891002827747,
      -0.52163343780472,
      0.16639216038866
    ],
    [
      0.85847074635864,
      0.45406584679513,
      -0.69431233667655
    ],
    [
      -1.03284726203045,
      0.74852851634841,
      -0.06801001213685
    ],
    [
      -1.80451187032594,
      1.45365850502211,
      -0.04895219184147
    ],
    [
      1.615172985366,
      -0.35806763172321,
      1.04844632669517
    ],
    [
      0.95374949557369,
      -1.56030481294788,
      -0.22985028767595
    ],
    [
      -0.21047723918911,
      -0.32400920871295,
      0.64354517076454
    ],
    [
      -1.33846688403031,
      0.10776222302312,
      -0.81725882951756
    ]
  ],
  "energies": -4644.562047949821,
  "forces": [
    [
      -0.007117949073187343,
      0.003946379853990216,
      -0.003953126634880754
    ],
    [
      0.003715388431919215,
      -0.005495873751116208,
      0.007083216037971077
    ],
    [
      -0.0076599389458726855,
      0.001963263873962565,
      -0.0028886542106153117
    ],
    [
      0.004247055221792009,
      -0.002936466140063638,
      -0.0009637068214583462
    ],
    [
      0.005304472589874706,
      0.0026803837831544408,
      0.0006895081617807698
    ],
    [
      0.00033178535843706505,
      -0.0015138777907515838,
      -9.808296498905369e-06
    ],
    [
      0.001244248855910137,
      -0.0015671543432696155,
      -0.0023157541734474107
    ],
    [
      -6.506408437924972e-05,
      0.0029233419944125374,
      0.002358327274122626
    ]
  ]
}