{
  "name": "system36",
  "subset": "prod",
  "atomic_number": [
    6,
    8,
    7,
    1,
    1,
    1,
    1,
    1
  ],
  "charge": [
    0,
    0,
    0,
    0,
    0,
    0,
    0,
    0
  ],
  "positition": [
    [
      -0.05062740915521,
      -0.53741411559442,
      -0.00818195708819
    ],
    [
      -1.19358165523054,
      0.25553620603839,
      0.1670048909149
    ],
    [
      1.13329770740569,
      0.2899564672468,
      -0.10003612251284
    ],
    [
      1.41970834289203,
      0.63729343224606,
      0.8154156464882
    ],
    [
      -0.05910494794143,
      -1.2476959211931,
      0.84364542769151
    ],
    [
      -0.09632484522076,
      -1.14454814571343,
      -0.93796566998405
    ],
    [
      -1.11222842013041,
      0.97819029490678,
      -0.4736566954063
    ],
    [
      1.92009622738063,
      -0.21146621793709,
      -0.50974352010324
    ]
  ],
  "energies": -4649.288529913439,
  "forces": [
    [
      0.0026640915239498956,
      -0.0029310975734152577,
      0.0016114489519068855
    ],
    [
      -0.005309296339722262,
      0.00415857784751339,
      -0.005343909561522206
    ],
    [
      0.0021407395280594295,
      0.0024253642689499363,
      -0.0013001509163296746
    ],
    [
      0.0008765471376489207,
      -0.0031463709665049133,
      -0.00035692987506916955
    ],
    [
      0.002512238765975278,
      0.00018287327421315103,
      -0.0008489029429134808
    ],
    [
      -0.00031950571739379117,
      4.984803761684103e-06,
      0.002607009069980296
    ],
    [
      0.0005776313301388288,
      -0.0014210742265465754,
      0.0023109015758202168
    ],
    [
      -0.0031424433490205425,
      0.0007267429319830539,
      0.0013205319497768524
    ]
  ]
}