{
  "name": "system36",
  "subset": "react",
  "atomic_number": [
    6,
    8,
    7,
    1,
    1,
    1,
    1,
    1
  ],
  "charge": [
    0,
    0,
    0,
    0,
    0,
    0,
    0,
    0
  ],
  "positition": [
    [
      1.0175141244493,
      -0.65421322672724,
      0.03558046501072
    ],
    [
      0.81221450687209,
      -0.10883321565996,
      -1.01992779185385
    ],
    [
      -2.03338209600128,
      0.12500615061095,
      0.1473242533105
    ],
    [
      -2.40811143167995,
      1.04347421039877,
      0.39274383473752
    ],
    [
      2.02711125534512,
      -1.06427772208828,
      0.29572561832012
    ],
    [
      0.20789875566169,
      -0.77240868223693,
      0.79371842366564
    ],
    [
      -2.81140493336187,
      -0.386146768392,
      -0.27436663381333
    ],
    [
      -1.3590271812851,
      0.2878162540947,
      -0.60655816937731
    ]
  ],
  "energies": -4648.872725508243,
  "forces": [
    [
      -0.0044237250406754984,
      -0.0008375689536840009,
      -0.0030466291770535874
    ],
    [
      -0.00553291856820266,
      0.004207416212842909,
      -0.006964690024521935
    ],
    [
      0.005798416459862326,
      0.0002828189521604903,
      -0.000865341189366496
    ],
    [
      -0.0016868457350252297,
      0.000885108551865016,
      -0.0002549444379865522
    ],
    [
      0.0030672832102549485,
      -0.00019744016880060948,
      0.007115333438322718
    ],
    [
      0.000605642215634691,
      -0.0036887603372294823,
      0.0012835100669323228
    ],
    [
      0.005205989509781621,
      0.0030604918978543085,
      -0.002332062836291358
    ],
    [
      -0.0030338410746109227,
      -0.0037120681604692492,
      0.0050648300735026035
    ]
  ]
}