{
  "name": "system36",
  "subset": "sp",
  "atomic_number": [
    6,
    8,
    7,
    1,
    1,
    1,
    1,
    1
  ],
  "charge": [
    0,
    0,
    0,
    0,
    0,
    0,
    0,
    0
  ],
  "positition": [
    [
      0.744691052374,
      -0.23137162683551,
      0.05180118655181
    ],
    [
      0.77856411261743,
      -0.57754501636755,
      -1.22017424144039
    ],
    [
      -0.77812092440474,
      0.27680987874375,
      0.07917731513212
    ],
    [
      -1.43985744955214,
      -0.26952621188107,
      0.63974366104406
    ],
    [
      0.80970848306349,
      -1.02810305647536,
      0.83961348678679
    ],
    [
      1.35881025471235,
      0.64127399272521,
      0.39958307751948
    ],
    [
      -0.54334276035195,
      -0.0902569486144,
      -1.02378368645439
    ],
    [
      -0.93045276845845,
      1.27871898870492,
      0.2340392008605
    ]
  ],
  "energies": -4647.475381198264,
  "forces": [
    [
      0.0007379073826573365,
      -0.00023116080635999725,
      0.0038921896856061876
    ],
    [
      0.000491231253104464,
      0.0006455277933954893,
      0.006857394333415018
    ],
    [
      0.002473683682778379,
      0.0049078788175759645,
      -0.007465561321121784
    ],
    [
      -0.0004610985388542475,
      -0.002987446800130214,
      0.0030004299464733526
    ],
    [
      0.0004199131140815359,
      0.00035327880546161126,
      -0.005488835355683199
    ],
    [
      -0.0013450529738454847,
      -0.0021039379373503156,
      -0.0030435994402826833
    ],
    [
      -0.0027687842300206924,
      0.003509857617926723,
      0.004261452423558069
    ],
    [
      0.0004521996930339043,
      -0.0040939957421689795,
      -0.0020134664667319953
    ]
  ]
}