{
  "name": "system37",
  "subset": "prod",
  "atomic_number": [
    6,
    6,
    1,
    1,
    1,
    6,
    8,
    6,
    1,
    1,
    1,
    1,
    1
  ],
  "charge": [
    0,
    0,
    0,
    0,
    0,
    0,
    0,
    0,
    0,
    0,
    0,
    0,
    0
  ],
  "positition": [
    [
      1.97822442788576,
      -0.0369775454578,
      0.47251527596911
    ],
    [
      0.83943610797995,
      0.52046699268825,
      -0.39555881338549
    ],
    [
      2.95768481753331,
      0.28999473525443,
      0.09025529947565
    ],
    [
      1.97794995065923,
      -1.13906818825213,
      0.48907606109564
    ],
    [
      1.88296946769249,
      0.31749281762275,
      1.51077935494941
    ],
    [
      -0.52179260650887,
      0.10618340492983,
      0.15035560138983
    ],
    [
      -1.14671847258435,
      0.82385877106619,
      0.89939620126606
    ],
    [
      -1.03866163648064,
      -1.25630046229058,
      -0.27248493701016
    ],
    [
      -1.3184823896196,
      -1.2219823001839,
      -1.33973128617111
    ],
    [
      -1.92015541305507,
      -1.52492529411639,
      0.3246253320323
    ],
    [
      -0.25970491823142,
      -2.02959070798133,
      -0.17195607808674
    ],
    [
      0.87205847130308,
      1.62066341891435,
      -0.39644345778167
    ],
    [
      0.95272019342615,
      0.16621035780636,
      -1.43450055374284
    ]
  ],
  "energies": -6317.545108287686,
  "forces": [
    [
      0.007203900904062879,
      0.004709999761432738,
      0.001142554570571386
    ],
    [
      -0.0011343232860260115,
      -0.004709988191467643,
      -0.0032687582115498125
    ],
    [
      -0.004204501352969886,
      -0.0007740822926348188,
      -0.0013895814500438828
    ],
    [
      -0.0026153679840961886,
      0.000527332115305336,
      0.0014794632638188768
    ],
    [
      -0.0018776179529641495,
      0.00035180597461600564,
      0.0023403319160560446
    ],
    [
      -0.002161065128518284,
      0.005450173417430886,
      0.0014878206352727573
    ],
    [
      0.007265386578215369,
      0.0013135923875567908,
      0.004194158884038045
    ],
    [
      -0.0016223411741579914,
      -0.0007938762403420246,
      0.0014010329901187313
    ],
    [
      -0.0011666730626988342,
      -0.0029675938198899885,
      -0.00251709105507007
    ],
    [
      -0.0009547493030594527,
      -0.003912436713146527,
      -0.005165146555975732
    ],
    [
      0.0007720569316783261,
      0.002657415396979538,
      -0.0003801734721471402
    ],
    [
      -0.0018498913800772305,
      -0.0004552759153534581,
      0.0006707056829491356
    ],
    [
      0.0023451891416692767,
      -0.0013970699942522024,
      4.678225397690658e-06
    ]
  ]
}