{
  "name": "system37",
  "subset": "sp",
  "atomic_number": [
    6,
    6,
    1,
    1,
    1,
    6,
    8,
    6,
    1,
    1,
    1,
    1,
    1
  ],
  "charge": [
    0,
    0,
    0,
    0,
    0,
    0,
    0,
    0,
    0,
    0,
    0,
    0,
    0
  ],
  "positition": [
    [
      1.62723195777086,
      0.4771972402335,
      0.17397916426603
    ],
    [
      0.2077574559859,
      0.95361724704969,
      -0.02663244505998
    ],
    [
      2.30312056886685,
      1.33080957715509,
      0.33935518281948
    ],
    [
      2.02675948055907,
      -0.08337414560623,
      -0.69474813883363
    ],
    [
      1.71753858302181,
      -0.17884995605449,
      1.05609909600868
    ],
    [
      -0.93023415957471,
      0.09443909297854,
      -0.01030354990732
    ],
    [
      -1.97918644935823,
      0.76600173899161,
      0.30844560606038
    ],
    [
      -1.00039572441972,
      -1.38279714025264,
      -0.2077636851728
    ],
    [
      -0.3766512970859,
      -1.71271259838162,
      -1.05218318587222
    ],
    [
      -2.04338086022655,
      -1.70309475181054,
      -0.33755640892649
    ],
    [
      -0.60502219395461,
      -1.87330017866588,
      0.69926823272399
    ],
    [
      -1.02536847068757,
      1.59831181395895,
      0.56729024262402
    ],
    [
      0.07783110910282,
      1.71375206040404,
      -0.81525011073013
    ]
  ],
  "energies": -6314.715741466437,
  "forces": [
    [
      -0.0005861125259302632,
      -0.004034975447601076,
      -0.0013958047028693739
    ],
    [
      -2.7582899631468002e-05,
      -0.0047606593935344685,
      0.000437061704969339
    ],
    [
      0.0008283890348449412,
      0.0002536073099759984,
      -0.002088884127209577
    ],
    [
      3.8690683187816904e-05,
      0.0026368552604726842,
      0.0002405873454328229
    ],
    [
      0.0011290354520229631,
      0.005722898680620119,
      0.0009051908231023981
    ],
    [
      0.0012516172267476662,
      0.007023321054041964,
      0.0011529843541731469
    ],
    [
      -0.0033194879319289874,
      -0.005738252744210599,
      -0.0002391997209523863
    ],
    [
      -0.0020753389376731396,
      -0.0005665711634166057,
      -0.0006343775866337908
    ],
    [
      -0.0019755408410583506,
      -0.0008273667127291154,
      -0.0032483960500012572
    ],
    [
      0.00037606407765560445,
      0.0003093679597110371,
      -0.0035646903050390467
    ],
    [
      -5.9964198031417115e-05,
      0.001910907159380648,
      0.004858479231806219
    ],
    [
      0.004519853761426846,
      0.0005024019258488646,
      0.0011911013213584353
    ],
    [
      -9.96175023151678e-05,
      -0.0024315351741111295,
      0.0023859456549803868
    ]
  ]
}