{
  "name": "system38",
  "subset": "prod",
  "atomic_number": [
    6,
    6,
    1,
    1,
    1,
    6,
    8,
    6,
    1,
    1,
    1,
    1,
    1
  ],
  "charge": [
    0,
    0,
    0,
    0,
    0,
    0,
    0,
    0,
    0,
    0,
    0,
    0,
    0
  ],
  "positition": [
    [
      1.81703943983849,
      0.43398277006388,
      0.36431805898164
    ],
    [
      0.4105153741767,
      0.88608112734043,
      -0.0540206678148
    ],
    [
      2.21088912838199,
      -0.35506798434654,
      -0.29822955161491
    ],
    [
      1.8054735491964,
      0.02594642998756,
      1.3871343711882
    ],
    [
      2.52849351010562,
      1.27404032070686,
      0.3339882400892
    ],
    [
      -0.59801126186085,
      -0.23395192455248,
      -0.06597921003441
    ],
    [
      -0.34137699736036,
      -1.25313633783145,
      -0.94055481952123
    ],
    [
      -1.67681032188341,
      -0.29207686956737,
      0.72675530587479
    ],
    [
      -1.88097951866295,
      0.50739185212536,
      1.43926688227917
    ],
    [
      -2.3639153059551,
      -1.13890501160318,
      0.67073117374681
    ],
    [
      0.05310058428009,
      1.679695526082,
      0.61836237679221
    ],
    [
      0.42449905814654,
      -1.02816944543865,
      -1.48289232121254
    ],
    [
      0.45473776159684,
      1.33320254703357,
      -1.06683383875411
    ]
  ],
  "energies": -6316.928476039637,
  "forces": [
    [
      0.0007151072494859542,
      -0.0004568908767925017,
      0.0030157356733207675
    ],
    [
      0.0016785625656141607,
      0.0027304273274703595,
      -0.005516775073038208
    ],
    [
      0.0023037763799379583,
      0.0022422499795083325,
      0.00022587425790862624
    ],
    [
      -0.0012366011089821054,
      -0.001031398933420389,
      -0.0004764163498874281
    ],
    [
      -0.0037657644198988735,
      -0.00349504600572198,
      -0.0013574950571986974
    ],
    [
      -0.0005931236162456476,
      -0.005520632139446531,
      0.004680598680353085
    ],
    [
      0.004801168206748402,
      0.0038325993774245845,
      0.0019051024307592062
    ],
    [
      -0.0003162571283053501,
      0.0057209563148799105,
      -0.0033209418394539035
    ],
    [
      0.0018295475762066262,
      -0.003912709404368308,
      -0.0021674918070411853
    ],
    [
      0.0006357586805117069,
      0.0033555545984552443,
      0.0017396032846201171
    ],
    [
      -0.0012339067469327655,
      0.00039007875066457827,
      0.0035874970716570833
    ],
    [
      -0.0022365805937674724,
      -0.002294266537116446,
      -0.0025771953782343085
    ],
    [
      -0.002581684884645777,
      -0.001560920240387968,
      0.00026190436334518167
    ]
  ]
}