{
  "name": "system38",
  "subset": "react",
  "atomic_number": [
    6,
    6,
    1,
    1,
    1,
    6,
    8,
    6,
    1,
    1,
    1,
    1,
    1
  ],
  "charge": [
    0,
    0,
    0,
    0,
    0,
    0,
    0,
    0,
    0,
    0,
    0,
    0,
    0
  ],
  "positition": [
    [
      2.06245597536851,
      0.22398187350386,
      -0.01715152520817
    ],
    [
      0.65648120343494,
      0.71157419890168,
      0.173736222794
    ],
    [
      2.56079955476657,
      0.74435896997177,
      -0.85514981853521
    ],
    [
      2.11029095267115,
      -0.85455178705438,
      -0.22663686550993
    ],
    [
      2.681702718281,
      0.41206952310949,
      0.87848034467426
    ],
    [
      -0.47842612180089,
      -0.00860759884112,
      0.10688649015855
    ],
    [
      -1.71485968835935,
      0.54445264158492,
      0.29745114018717
    ],
    [
      -0.60688304431812,
      -1.47460755566386,
      -0.17251153634021
    ],
    [
      0.36358994709371,
      -1.95552719037455,
      -0.34237347113343
    ],
    [
      -1.24333876447706,
      -1.63222944138198,
      -1.05927837779224
    ],
    [
      -1.10859141630825,
      -1.97474194790707,
      0.6728360759908
    ],
    [
      -1.60915358115483,
      1.48816672718243,
      0.48137204867127
    ],
    [
      0.54846626480258,
      1.78405058696879,
      0.39095727204316
    ]
  ],
  "energies": -6317.0511274870505,
  "forces": [
    [
      0.0010521048514874445,
      -0.0018211731326264716,
      -0.0015439264813441743
    ],
    [
      -0.0017519658180355409,
      0.0003967232530636747,
      -0.00434857153535656
    ],
    [
      -0.00038271336230694033,
      -0.0024035079363979328,
      0.0008869059587980967
    ],
    [
      0.0015477105798392956,
      0.0004913333773297057,
      -0.001451079774024877
    ],
    [
      -0.0022143286712533418,
      0.000378879847205345,
      0.0021328488118643953
    ],
    [
      -0.0018674101070039507,
      0.0034645815162948957,
      0.0002867491921702829
    ],
    [
      -0.0005680624547842967,
      -0.002933114346886546,
      0.0063511476824539325
    ],
    [
      0.0017021271392349102,
      -0.0038820644749078025,
      0.0009211540324996317
    ],
    [
      0.0006381761861518318,
      0.0027742682906317577,
      -0.0003342628222074173
    ],
    [
      0.003606882265352987,
      0.0017724368401001271,
      -0.001741626588693926
    ],
    [
      -0.0007263938789916438,
      0.0014092076075461724,
      0.0012776446602717141
    ],
    [
      -0.00017345933354676258,
      0.0014433108767067803,
      -0.0034232197652541312
    ],
    [
      -0.0008626647736185708,
      -0.0010908801239756251,
      0.0009862364231347654
    ]
  ]
}