{
  "name": "system38",
  "subset": "sp",
  "atomic_number": [
    6,
    6,
    1,
    1,
    1,
    6,
    8,
    6,
    1,
    1,
    1,
    1,
    1
  ],
  "charge": [
    0,
    0,
    0,
    0,
    0,
    0,
    0,
    0,
    0,
    0,
    0,
    0,
    0
  ],
  "positition": [
    [
      1.66251480373681,
      0.24466047093697,
      0.06571642503465
    ],
    [
      0.28328629268714,
      0.72552023974784,
      0.39514319306005
    ],
    [
      1.8677133964303,
      0.27184017174253,
      -1.02388561193513
    ],
    [
      1.84527570970887,
      -0.80282885798328,
      0.38086226959786
    ],
    [
      2.42034250332228,
      0.86270698324802,
      0.56850821105497
    ],
    [
      -0.88440009656644,
      0.08552691888337,
      -0.12284199704855
    ],
    [
      -2.09401466731556,
      0.68180064657455,
      0.03767777740479
    ],
    [
      -0.91497170754158,
      -1.22514175981702,
      -0.67191287864554
    ],
    [
      0.00951014002687,
      -1.73707847772949,
      -0.92699881356247
    ],
    [
      -1.88180431384418,
      -1.67143047117049,
      -0.896973406084
    ],
    [
      -0.49146331170846,
      -0.64427877211516,
      0.81538591279338
    ],
    [
      -1.95531994477396,
      1.55933855179398,
      0.41963882565955
    ],
    [
      0.1333311958379,
      1.64936435588817,
      0.95968009267045
    ]
  ],
  "energies": -6313.419899770541,
  "forces": [
    [
      0.00034709535331604803,
      -0.006730288496649761,
      0.0014444980065476311
    ],
    [
      -0.005108777223232543,
      0.0008030074624835495,
      -0.0038260065027808476
    ],
    [
      0.0010075416139716934,
      0.001385033373897998,
      0.002477243992437523
    ],
    [
      -0.0007066693510750101,
      0.0013252024104424124,
      -0.00047237406119344556
    ],
    [
      0.003391943372809756,
      0.0012601858914752212,
      -0.0029042379765794844
    ],
    [
      -0.0035877862179403337,
      0.003443000446068028,
      0.004757220079999189
    ],
    [
      0.00015138322308001415,
      0.004283773148797966,
      -0.00014927877498433623
    ],
    [
      0.0011181215810816124,
      -0.0062959919104940785,
      0.0023493717611843493
    ],
    [
      0.004189047736257519,
      -3.611875708021942e-05,
      -0.001343521470421329
    ],
    [
      -0.0011935833616927584,
      0.0008456697290230998,
      -0.0011311068357295019
    ],
    [
      0.000727120421377565,
      0.00012363520719111862,
      -0.0023816081521992375
    ],
    [
      -0.0006268386487997224,
      -0.0021699064330455526,
      -0.0008120804748451282
    ],
    [
      0.0002914051003908562,
      0.0017627996762404987,
      0.0019918817455383633
    ]
  ]
}