{
  "name": "system39",
  "subset": "prod",
  "atomic_number": [
    6,
    6,
    1,
    1,
    1,
    6,
    8,
    6,
    1,
    1,
    1,
    1,
    1
  ],
  "charge": [
    0,
    0,
    0,
    0,
    0,
    0,
    0,
    0,
    0,
    0,
    0,
    0,
    0
  ],
  "positition": [
    [
      1.94383324660736,
      -0.08199378534908,
      -0.27849399233011
    ],
    [
      0.87764698717154,
      0.6237451140676,
      0.10847084337408
    ],
    [
      2.91312074306126,
      0.39859263632581,
      -0.43915646276167
    ],
    [
      1.90097976441911,
      -1.16250091130995,
      -0.44285978048836
    ],
    [
      -0.76103348423705,
      0.28011339738437,
      1.41372326678914
    ],
    [
      -0.52100593374588,
      0.10573819177395,
      0.34838579084785
    ],
    [
      -1.45677784630571,
      0.91656454623802,
      -0.35670126192148
    ],
    [
      -0.72405568972093,
      -1.37582410220042,
      0.04587695194836
    ],
    [
      -0.09031401059498,
      -2.01267632741677,
      0.68279325097548
    ],
    [
      -0.48425829095243,
      -1.5997883115746,
      -1.00744527678086
    ],
    [
      -1.77632838464531,
      -1.6435902897647,
      0.22103542628306
    ],
    [
      -1.22484802533106,
      0.86788349228147,
      -1.29497672276188
    ],
    [
      0.97035492427405,
      1.7066323495443,
      0.25921596682641
    ]
  ],
  "energies": -6316.647871635379,
  "forces": [
    [
      0.0010595077265319914,
      0.0023591397942047234,
      0.0005694910626522046
    ],
    [
      0.0013138949549995511,
      -0.003616823179362919,
      -0.001128956930526516
    ],
    [
      -0.0017661073492840269,
      1.2567553196913469e-05,
      0.00038804526502148523
    ],
    [
      0.0003927384028186321,
      -0.0015955706917644857,
      0.00011363916872526591
    ],
    [
      -0.0019581218729417854,
      -0.0007242175942682404,
      -0.003916938663698231
    ],
    [
      0.011510258984681457,
      0.0014156575288433982,
      0.01412099209218251
    ],
    [
      -0.006708411646692987,
      -0.0029952267531927357,
      -0.0028353266988287934
    ],
    [
      -0.006927022177670615,
      0.0017813433992305337,
      -0.0061293267175616456
    ],
    [
      0.0007577776407121046,
      -0.00039272282193230366,
      -0.0012771654066064308
    ],
    [
      0.00482576106744476,
      0.0018121389953476138,
      0.00033387160312099294
    ],
    [
      -0.0014289316726642022,
      0.0012866796717257128,
      0.0031377766935879467
    ],
    [
      -0.0023059706623848432,
      0.0010585808437726856,
      -0.002339070172795845
    ],
    [
      0.0012346280442678435,
      -0.0004015476199760365,
      -0.0010370334549997615
    ]
  ]
}