{
  "name": "system39",
  "subset": "sp",
  "atomic_number": [
    6,
    6,
    1,
    1,
    1,
    6,
    8,
    6,
    1,
    1,
    1,
    1,
    1
  ],
  "charge": [
    0,
    0,
    0,
    0,
    0,
    0,
    0,
    0,
    0,
    0,
    0,
    0,
    0
  ],
  "positition": [
    [
      1.6652085249664,
      0.47918795013482,
      -0.71280696831467
    ],
    [
      0.44936725657113,
      0.866474352715,
      0.09337060191837
    ],
    [
      2.6168595301472,
      0.85752994691115,
      -0.3235666701593
    ],
    [
      1.69860616413406,
      -0.54191814094151,
      -1.1069181477332
    ],
    [
      1.07907590801357,
      0.40828127600419,
      0.92599526022566
    ],
    [
      -0.75135934825212,
      0.12147325864247,
      0.20467566977566
    ],
    [
      -1.94370252443238,
      0.7089129888136,
      0.47803835179908
    ],
    [
      -0.82118937845564,
      -1.33802262685811,
      -0.03701770768036
    ],
    [
      0.13341299161429,
      -1.82036330558799,
      0.23764194687226
    ],
    [
      -0.98201885093836,
      -1.56794688282765,
      -1.11065350956753
    ],
    [
      -1.65159938121488,
      -1.78934784646663,
      0.52838685769526
    ],
    [
      -1.82357740694317,
      1.66691632339723,
      0.54564741269826
    ],
    [
      0.33091651478993,
      1.94882270606344,
      0.2772069024705
    ]
  ],
  "energies": -6313.471722699665,
  "forces": [
    [
      -0.002263067894837511,
      0.010214570783866296,
      -0.004324417099204216
    ],
    [
      -0.0027824173512918547,
      -0.003378837584836606,
      -0.001137485794574143
    ],
    [
      -8.971967999745792e-05,
      -0.0010197108004148569,
      0.005382827787356899
    ],
    [
      -0.0007791175928663857,
      -0.005545626452220664,
      -0.0017427948980582217
    ],
    [
      -0.002624356510001538,
      0.0021212630087723734,
      0.001929380434138769
    ],
    [
      0.002946761712070293,
      0.00335457624220678,
      -0.006258025918497768
    ],
    [
      0.0038024294850198623,
      -0.0022159038320124576,
      0.005702465145242442
    ],
    [
      0.00427776807980314,
      -0.0018846689468035962,
      -0.0052467281282133835
    ],
    [
      0.004478461568522364,
      0.00012236513355605083,
      0.0041455665218774855
    ],
    [
      -0.0048542634450578735,
      7.327541716259312e-05,
      0.0023132344921599772
    ],
    [
      -0.003666157561951593,
      0.0006994940700994056,
      -0.00013971725298539807
    ],
    [
      -0.000800354700886486,
      0.0013301695764350845,
      -0.0022152216668704355
    ],
    [
      0.002354036719688731,
      -0.0038709656387911277,
      0.001590916891848663
    ]
  ]
}