{
  "name": "system3",
  "subset": "prod",
  "atomic_number": [
    7,
    5,
    7,
    5,
    1,
    1,
    1,
    1,
    1,
    1,
    1,
    1
  ],
  "charge": [
    0,
    0,
    0,
    0,
    0,
    0,
    0,
    0,
    0,
    0,
    0,
    0
  ],
  "positition": [
    [
      1.42488024580782,
      -0.47824765166288,
      -0.1648622740797
    ],
    [
      0.55518941452012,
      0.81845612845887,
      0.34556592531439
    ],
    [
      -0.89289207990499,
      0.49883669374977,
      -0.02502182454997
    ],
    [
      -1.5803950208784,
      -0.69998549126378,
      0.0585266436206
    ],
    [
      1.41499487924879,
      -0.55775421486226,
      -1.18530983474479
    ],
    [
      1.00035817267437,
      1.78343072389407,
      -0.26282843324166
    ],
    [
      0.78730816854746,
      0.87191196761478,
      1.54918610832621
    ],
    [
      0.9862647142669,
      -1.32694703219733,
      0.20969793821909
    ],
    [
      2.39403681805061,
      -0.43431137502326,
      0.15586000168297
    ],
    [
      -1.42213275205609,
      1.30212707968228,
      -0.35305510766318
    ],
    [
      -2.74767737543212,
      -0.79012923305104,
      -0.25026734633958
    ],
    [
      -0.99201918484448,
      -1.70583859533922,
      0.43279720345564
    ]
  ],
  "energies": -4459.178024855257,
  "forces": [
    [
      -0.004032523900552537,
      -0.004419676221378997,
      0.0017294520029337182
    ],
    [
      0.004986004826905135,
      -0.0010883853823907305,
      -0.0014947213224100983
    ],
    [
      0.00039077968486108864,
      -0.001024269366662428,
      0.0025099303265394522
    ],
    [
      -0.0024600658852832096,
      0.0006256850975686818,
      -7.495398769862766e-05
    ],
    [
      -0.0005045216462984684,
      0.0020276053754550594,
      0.0006839891855861497
    ],
    [
      -0.0011107393262859689,
      0.0009192232881465854,
      -9.888016129515741e-05
    ],
    [
      0.0012194628025077204,
      0.005068720615676602,
      -0.0016611217431190823
    ],
    [
      -0.0014333278994459685,
      0.00040128912124477267,
      0.0015893849770479706
    ],
    [
      0.0020443851672776897,
      0.00016426717625573535,
      -0.0001744605726150813
    ],
    [
      -0.00013551648148064251,
      -0.00022330603418985924,
      0.0008774208499908551
    ],
    [
      0.0003580681539462844,
      -0.0017007444512729143,
      -0.0011312363679165027
    ],
    [
      0.0006779933211413327,
      -0.0007504113267572591,
      -0.0027548035469980654
    ]
  ]
}