{
  "name": "system3",
  "subset": "sp",
  "atomic_number": [
    7,
    5,
    7,
    5,
    1,
    1,
    1,
    1,
    1,
    1,
    1,
    1
  ],
  "charge": [
    0,
    0,
    0,
    0,
    0,
    0,
    0,
    0,
    0,
    0,
    0,
    0
  ],
  "positition": [
    [
      0.74278193832712,
      1.02762849191002,
      0.99832331580459
    ],
    [
      0.91420755980865,
      0.31874724017029,
      -0.39559251505029
    ],
    [
      -0.26873977861076,
      -0.84925589910179,
      -0.05027166429248
    ],
    [
      -1.57465607312167,
      -0.80317407708862,
      -0.6244053324521
    ],
    [
      -0.09887935515705,
      -0.08056638644546,
      0.89108718712275
    ],
    [
      1.96946442824631,
      -0.27458744463188,
      -0.50503025958946
    ],
    [
      0.56649000538109,
      0.99192056054264,
      -1.34160142325329
    ],
    [
      0.32485617355323,
      1.9560816585818,
      0.98672664743947
    ],
    [
      1.55030942707683,
      1.03159847836968,
      1.61833332919076
    ],
    [
      0.12106634437243,
      -1.77560340924519,
      0.11949828483202
    ],
    [
      -2.1675356986772,
      -1.82059101548458,
      -0.89418552494526
    ],
    [
      -2.07936497119898,
      0.27780180242308,
      -0.80288204480671
    ]
  ],
  "energies": -4457.744276376685,
  "forces": [
    [
      -0.0023099758243463864,
      -0.005080694449686889,
      -0.0014999467300236989
    ],
    [
      -0.0013774812720147545,
      -0.00026174742319642154,
      -6.177908846730854e-05
    ],
    [
      0.0029581029518112325,
      1.2135556411286342e-05,
      0.006121881110779347
    ],
    [
      -0.0007795669703106895,
      -0.0028379006818190747,
      -0.0017408190565523375
    ],
    [
      -0.0006806393978696746,
      -0.001597826475003611,
      -0.0013912520501595182
    ],
    [
      -0.0006221271533246244,
      0.0035311731960212026,
      0.0012375383275768964
    ],
    [
      0.0010640943178061267,
      0.002205252522145671,
      -0.0004928676061234173
    ],
    [
      0.00260645227183784,
      0.00255303148042162,
      0.0015526814996428653
    ],
    [
      -0.0021662356687862988,
      -0.0006957611365610393,
      -0.0033407593384678367
    ],
    [
      0.0013853631950363164,
      -0.001717510256293296,
      -0.0005490627723253704
    ],
    [
      -0.0004872703655426856,
      0.0017590053447540264,
      0.0014808416323272371
    ],
    [
      0.00040928257872985366,
      0.0021308424770727264,
      -0.0013164570594923343
    ]
  ]
}