{
  "name": "system40",
  "subset": "prod",
  "atomic_number": [
    6,
    6,
    1,
    1,
    1,
    6,
    8,
    6,
    1,
    1,
    1,
    1,
    1
  ],
  "charge": [
    0,
    0,
    0,
    0,
    0,
    0,
    0,
    0,
    0,
    0,
    0,
    0,
    0
  ],
  "positition": [
    [
      -1.92580923256143,
      0.49826006751108,
      0.07479091919617
    ],
    [
      -0.56500959667488,
      0.09035772609472,
      -0.44026181887101
    ],
    [
      -2.06434242588049,
      1.59114290326536,
      0.02250745088478
    ],
    [
      -2.05454445174688,
      0.19620727615288,
      1.12737352159301
    ],
    [
      -2.73615716266489,
      0.02494996397499,
      -0.50525462606647
    ],
    [
      0.63904627524318,
      0.05608269869228,
      0.45836808696015
    ],
    [
      1.89208174908932,
      0.51635004742385,
      0.05725413542666
    ],
    [
      0.05805924826448,
      -1.24042409518412,
      -0.03859842680779
    ],
    [
      0.47844590796093,
      0.3054683490177,
      1.5129784258408
    ],
    [
      -0.48570974849019,
      -1.88285404549935,
      0.66213151978482
    ],
    [
      0.62190136109556,
      -1.79051524555307,
      -0.80027661522578
    ],
    [
      2.05562021147011,
      0.2235097729142,
      -0.84838737355952
    ],
    [
      -0.35233813510479,
      0.40282858118948,
      -1.47138819915578
    ]
  ],
  "energies": -6316.308170290258,
  "forces": [
    [
      -0.002278529173437874,
      -0.001324147898112588,
      0.0055407920580052205
    ],
    [
      0.0014638835601980043,
      -0.004226814622010055,
      -0.004462667074927254
    ],
    [
      -0.002312363505187599,
      -0.001649821692453882,
      -0.0002871836057930632
    ],
    [
      -0.0026059526036119217,
      -0.0013697355146268485,
      -0.0017400852636549563
    ],
    [
      -0.0015881948133051615,
      0.003793764403916512,
      -0.0005198969986247233
    ],
    [
      -0.0012873131401702005,
      -0.005266560951003309,
      -0.0010778260151799014
    ],
    [
      0.00839612903717747,
      -0.0005249131698473326,
      0.001964468590150361
    ],
    [
      -0.0019846450666146528,
      0.003935716871314199,
      -0.002535602742112308
    ],
    [
      0.0010392140077547332,
      0.0035243315928389484,
      0.0009954882814456848
    ],
    [
      0.0004186085876615175,
      0.00035745818538645717,
      0.003031342219260661
    ],
    [
      0.0004781031479541972,
      0.0020951707834437915,
      0.000746847314709285
    ],
    [
      -0.0012755660774757826,
      0.0009703327090691559,
      -0.0010426087383578453
    ],
    [
      0.0015366232108435815,
      -0.0003147825491094634,
      -0.000613070184647978
    ]
  ]
}