{
  "name": "system40",
  "subset": "sp",
  "atomic_number": [
    6,
    6,
    1,
    1,
    1,
    6,
    8,
    6,
    1,
    1,
    1,
    1,
    1
  ],
  "charge": [
    0,
    0,
    0,
    0,
    0,
    0,
    0,
    0,
    0,
    0,
    0,
    0,
    0
  ],
  "positition": [
    [
      1.76423512178705,
      0.18960772407771,
      -0.04047669979921
    ],
    [
      0.43326343437462,
      0.81721839212454,
      0.16468145664634
    ],
    [
      2.46907471690275,
      0.87978760646238,
      -0.5416197528355
    ],
    [
      1.69302511387537,
      -0.74325673323367,
      -0.62388599186844
    ],
    [
      2.2411043255318,
      -0.07332090466761,
      0.92465102336224
    ],
    [
      -0.81127570590684,
      0.20337343034118,
      -0.17236195230341
    ],
    [
      -1.86737686298149,
      1.10348360264989,
      -0.35905220009478
    ],
    [
      -1.13910170793829,
      -1.15600769105923,
      0.34427423484067
    ],
    [
      -0.47907598184978,
      -0.28186851066691,
      -1.15457426613157
    ],
    [
      -1.56981050722883,
      -1.87478116876272,
      -0.36211340861696
    ],
    [
      -0.50235634797941,
      -1.58348969405954,
      1.12577919633462
    ],
    [
      -2.62587409936657,
      0.69810983933416,
      0.09069813154667
    ],
    [
      0.39416850077963,
      1.82114410745982,
      0.60400022891935
    ]
  ],
  "energies": -6313.25106385311,
  "forces": [
    [
      -0.001221912755472179,
      0.004461818148021657,
      0.0005569513802156541
    ],
    [
      -0.0064867132720086455,
      -0.007164939226581496,
      0.0005615410053917478
    ],
    [
      -0.0014962263434697026,
      -0.002673890204522255,
      -0.0011263503973677667
    ],
    [
      -3.515335919266274e-05,
      -0.0019772286675664615,
      0.0018659676151779288
    ],
    [
      -0.0006342806046152581,
      0.0013154934099550587,
      -0.00014516089585173055
    ],
    [
      0.0017076002983677523,
      0.003513279499381259,
      0.0004658155364905243
    ],
    [
      0.0057024430851756605,
      0.003576185656715057,
      0.009034482835149031
    ],
    [
      0.004376127849779342,
      0.001914012640856376,
      0.0030218690917950515
    ],
    [
      -0.0006927101624764269,
      -0.005705553708858098,
      -0.005447775452176256
    ],
    [
      -0.00015354073874892943,
      -0.003806651082461789,
      -0.003240187545431604
    ],
    [
      -0.0004283594971335498,
      0.0008888953757296932,
      -0.0023647274188589086
    ],
    [
      -0.0005025102207221572,
      0.0005550302003670866,
      -0.003915904823039377
    ],
    [
      -0.00013476376526257207,
      0.0051035447193736845,
      0.0007334807654339196
    ]
  ]
}