{
  "name": "system41",
  "subset": "prod",
  "atomic_number": [
    6,
    6,
    1,
    1,
    1,
    6,
    8,
    6,
    1,
    1,
    1,
    1,
    1
  ],
  "charge": [
    0,
    0,
    0,
    0,
    0,
    0,
    0,
    0,
    0,
    0,
    0,
    0,
    0
  ],
  "positition": [
    [
      2.26236236979656,
      0.65974633825918,
      0.09737856396395
    ],
    [
      0.78624040891423,
      0.41639386238362,
      -0.07589698301509
    ],
    [
      2.68831570285412,
      1.12244079381251,
      -0.80945630502312
    ],
    [
      2.80823815790037,
      -0.27310649142933,
      0.29944468410943
    ],
    [
      2.44686124212364,
      1.36024737000609,
      0.9298162488783
    ],
    [
      0.19736995393438,
      -0.75521010056032,
      -0.02731342998244
    ],
    [
      -2.33351862629172,
      1.13481537092059,
      -0.22508774938584
    ],
    [
      -0.41411380521027,
      -1.91616550506752,
      0.01328765453556
    ],
    [
      -0.80242195970826,
      -2.32888482983974,
      0.95247729850685
    ],
    [
      -0.54428379054378,
      -2.52692159735108,
      -0.88848454900271
    ],
    [
      -2.16624914561671,
      1.04254583086801,
      0.72306967234594
    ],
    [
      -2.0606529477946,
      0.26898111677661,
      -0.56284683952221
    ],
    [
      0.13456043964205,
      1.28036384122137,
      -0.26420626640862
    ]
  ],
  "energies": -6315.667897982407,
  "forces": [
    [
      0.0014971481868664338,
      0.001297565363374298,
      -0.004493268141364531
    ],
    [
      0.0019762449120009533,
      -0.004383277831097938,
      0.0010750576053539514
    ],
    [
      -0.0029721623105965077,
      0.00344731809993128,
      -0.0006439115978268355
    ],
    [
      0.00030461193272583856,
      -0.0012823327587062863,
      0.0006157198609210163
    ],
    [
      -0.00019044908166932322,
      -0.0030843041715722334,
      0.0013942488768074843
    ],
    [
      0.0005789676353963092,
      0.0007930969389152683,
      0.0030165613574520394
    ],
    [
      0.005981091296318576,
      -0.000552565592113507,
      -0.0021884436768551344
    ],
    [
      -0.0009708922840032345,
      0.0012998892808523182,
      0.0010407776499708205
    ],
    [
      -2.159726817800187e-08,
      0.00043000726585139726,
      0.0014920337994956815
    ],
    [
      0.000747147362470758,
      0.0012930260804018857,
      -0.0012101515002872446
    ],
    [
      -0.004098387238120574,
      -0.0006661747303515921,
      0.0035938371554190044
    ],
    [
      -0.0010921442840729776,
      0.0004636738588182729,
      -0.002960481016725899
    ],
    [
      -0.001761153861561201,
      0.0009440740305094019,
      -0.0007319796010293473
    ]
  ]
}