{
  "name": "system41",
  "subset": "sp",
  "atomic_number": [
    6,
    6,
    1,
    1,
    1,
    6,
    8,
    6,
    1,
    1,
    1,
    1,
    1
  ],
  "charge": [
    0,
    0,
    0,
    0,
    0,
    0,
    0,
    0,
    0,
    0,
    0,
    0,
    0
  ],
  "positition": [
    [
      1.90592406156366,
      0.50821970019177,
      -0.18312910959967
    ],
    [
      0.50269579099345,
      0.7844228248237,
      0.27902281655488
    ],
    [
      2.26748508013243,
      1.30927987194602,
      -0.85141215664285
    ],
    [
      1.96589648514866,
      -0.44847875092715,
      -0.72258004715192
    ],
    [
      2.60218835244601,
      0.46562676665206,
      0.67285900881834
    ],
    [
      -0.48103380120006,
      -0.08886728104963,
      0.09690681764449
    ],
    [
      -2.00499619820011,
      0.55290017672034,
      0.62848337688942
    ],
    [
      -0.91705448184768,
      -1.40035534902587,
      -0.17374882243627
    ],
    [
      -0.34430658164555,
      -2.21954158598509,
      0.27793409060535
    ],
    [
      -1.28140118021308,
      -1.61010813423885,
      -1.19041516501377
    ],
    [
      -2.0964388241798,
      -0.58652405430602,
      0.487479794884
    ],
    [
      -2.42423687894303,
      1.00951018409686,
      -0.12408974221531
    ],
    [
      0.3052781759451,
      1.72391563110186,
      0.80268913766332
    ]
  ],
  "energies": -6313.512538812017,
  "forces": [
    [
      -0.0017881003616903569,
      -0.0018822435735872064,
      -0.006450286496746556
    ],
    [
      -0.0034513575604115726,
      0.002022840812406724,
      0.005847868341874303
    ],
    [
      0.003631585272117053,
      0.0013214933367431759,
      0.003176069472820618
    ],
    [
      0.0014101697144214352,
      -0.0015364414338364168,
      0.0005970155982375247
    ],
    [
      0.00043619004951008823,
      0.0015755583031162798,
      -0.0023972594353375
    ],
    [
      0.001132171375362409,
      -0.007923473645854972,
      -0.0040419408236988166
    ],
    [
      -0.0021052910062016677,
      0.004799979945622076,
      -0.0054579853035970705
    ],
    [
      0.0016582111512776269,
      0.0009840700628703106,
      0.006359054442333898
    ],
    [
      0.00046098355911223317,
      0.00028725420829117844,
      -0.001630773621829824
    ],
    [
      -0.0021731337848202854,
      0.0010477176235674187,
      0.001454160572908402
    ],
    [
      0.0016474721153643841,
      -0.003990722387994014,
      -0.002335969473572356
    ],
    [
      -0.0010569619228344759,
      0.0015728263001138294,
      0.0027312213870303707
    ],
    [
      0.00019806093599452577,
      0.0017211400371650789,
      0.002148821842876443
    ]
  ]
}