{
  "name": "system42",
  "subset": "prod",
  "atomic_number": [
    6,
    6,
    6,
    6,
    8,
    1,
    1,
    1,
    1,
    1,
    1,
    1,
    1,
    1,
    8,
    1
  ],
  "charge": [
    0,
    0,
    0,
    0,
    0,
    0,
    0,
    0,
    0,
    0,
    0,
    0,
    0,
    0,
    0,
    0
  ],
  "positition": [
    [
      2.13342647608445,
      0.01633163491782,
      -0.190684568358
    ],
    [
      0.89689498710353,
      0.62100138261653,
      0.46773998427661
    ],
    [
      -0.43412839290266,
      -0.00170648928413,
      0.02171355112509
    ],
    [
      -0.56752899823844,
      -1.4810774639944,
      0.3704154627686
    ],
    [
      -0.59473201162522,
      0.08095432884364,
      -1.38140365947759
    ],
    [
      2.03049988413955,
      0.01998323311779,
      -1.2868147995383
    ],
    [
      2.2971878284273,
      -1.02657829469743,
      0.12412494560561
    ],
    [
      3.03756492110919,
      0.58654658235403,
      0.07356252983735
    ],
    [
      0.20451597880396,
      -2.08039595077005,
      -0.13213034872474
    ],
    [
      -1.54846993842157,
      -1.84951998040731,
      0.02940932785274
    ],
    [
      -0.48915466261334,
      -1.62309275318984,
      1.45771135789236
    ],
    [
      -0.53463078915951,
      1.01817385993338,
      -1.61730537246461
    ],
    [
      0.82799656310009,
      1.69972581555737,
      0.23890181057861
    ],
    [
      -2.28659102094474,
      0.38627806728372,
      0.41347055725789
    ],
    [
      -1.43157304748085,
      0.75953625502882,
      0.67107454389151
    ],
    [
      0.95673922261828,
      0.55085877269004,
      1.56603567747684
    ]
  ],
  "energies": -8395.003153683585,
  "forces": [
    [
      0.004331453334910407,
      -0.0024520246566978013,
      0.006433445564086153
    ],
    [
      -0.004117834138296986,
      0.0020410296202897,
      -0.0026932186282560906
    ],
    [
      0.006924693683628623,
      -0.0009288758272042736,
      -0.0031517487377033023
    ],
    [
      0.000928674304123346,
      0.0003419834342045163,
      -4.7465396138203614e-05
    ],
    [
      -0.005987506302032247,
      -0.0015711924153540963,
      -0.009126183036060479
    ],
    [
      -0.0023932486683706437,
      0.0019571370375128685,
      0.002203198364831607
    ],
    [
      0.00015708135375637738,
      0.00040383677613670344,
      0.0026785299147916945
    ],
    [
      -0.000726470754981944,
      -0.0018678901320002405,
      -0.0018275753342454379
    ],
    [
      0.00018835435234432538,
      -0.0021020536785459195,
      0.0029288191644666127
    ],
    [
      -0.0004490034516097613,
      8.094650970908392e-05,
      0.00015276765939229114
    ],
    [
      0.005548756976243066,
      -0.00014946296882865432,
      -0.00045262711325556035
    ],
    [
      -0.0009216961239308993,
      0.002064648855567767,
      0.002748276235489868
    ],
    [
      -0.0028402936077111304,
      -0.0037027976873700427,
      0.0008681280597145318
    ],
    [
      -0.00196123501630551,
      -0.00015078410457634294,
      0.002209626020373783
    ],
    [
      6.974745198364941e-05,
      0.008709504832797537,
      -0.0033252883925188603
    ],
    [
      0.0012485253206976498,
      -0.0026740056984849397,
      0.00040131606640792807
    ]
  ]
}