{
  "name": "system42",
  "subset": "sp",
  "atomic_number": [
    6,
    6,
    6,
    6,
    8,
    1,
    1,
    1,
    1,
    1,
    1,
    1,
    1,
    1,
    8,
    1
  ],
  "charge": [
    0,
    0,
    0,
    0,
    0,
    0,
    0,
    0,
    0,
    0,
    0,
    0,
    0,
    0,
    0,
    0
  ],
  "positition": [
    [
      1.87058863562537,
      0.23324389492981,
      0.18164482075791
    ],
    [
      0.47229944656904,
      0.81264603588617,
      0.29258308617339
    ],
    [
      -0.63588303458685,
      0.16047908991082,
      -0.36112159954933
    ],
    [
      -0.56964879678613,
      -1.19791506836631,
      -0.97420464541458
    ],
    [
      -1.67914873954117,
      0.87833742267897,
      -0.77435712354537
    ],
    [
      2.29168874165122,
      0.28441134527862,
      -0.84017575551765
    ],
    [
      1.89672894084422,
      -0.82156324406538,
      0.49820291150926
    ],
    [
      2.55890243418357,
      0.77815391269107,
      0.84605121739109
    ],
    [
      -0.06029049876926,
      -1.11916599116605,
      -1.95218780214794
    ],
    [
      -1.58078357584304,
      -1.59483122496648,
      -1.12924512036552
    ],
    [
      -0.00294141574235,
      -1.88036302177325,
      -0.33256443425555
    ],
    [
      -1.58130441484285,
      1.78931027224931,
      -0.45599590354144
    ],
    [
      0.42190713568463,
      1.91085870527866,
      0.20982863463496
    ],
    [
      -2.03092135224752,
      -0.14389314860566,
      1.88716811006017
    ],
    [
      -1.1851484188201,
      -0.47459659609606,
      1.54242963896753
    ],
    [
      -0.1860450873788,
      0.38488761613576,
      1.36194396484307
    ]
  ],
  "energies": -8392.125913484366,
  "forces": [
    [
      0.0020257191626121135,
      -0.0037796033322825312,
      -0.0005270192634491576
    ],
    [
      -0.00038305583327376296,
      0.006390573598357009,
      -0.0012748347528376222
    ],
    [
      0.002786453880714323,
      0.001776825970636635,
      0.00010830294655708545
    ],
    [
      0.003898847763430996,
      0.002240930077890254,
      0.0047057742559137115
    ],
    [
      0.004957072817921481,
      0.003908981613036651,
      -0.004873660620095409
    ],
    [
      0.0001988556640414092,
      -0.001668758639990958,
      0.0008339497657580387
    ],
    [
      0.0025201709797784545,
      -0.0006586044764786657,
      0.0011733286722644223
    ],
    [
      0.0011800549357501924,
      0.002411406880123701,
      0.0005043981819153842
    ],
    [
      -0.002730321346590086,
      -0.0009660069819413704,
      -0.00178515074049998
    ],
    [
      -0.0017152582268650683,
      -1.3919696451057657e-05,
      0.0005170193683282729
    ],
    [
      -0.0003428035133304752,
      -0.0014982783924790155,
      -0.0032247164452164257
    ],
    [
      -0.0031162841721606082,
      -0.00034567836683530273,
      0.0010643044797943257
    ],
    [
      -0.0067275088768131855,
      -0.0004662807519314919,
      -0.00429080388234298
    ],
    [
      -0.000525152076771035,
      -0.001118699308005374,
      0.0006429278936833946
    ],
    [
      -0.002899016579887117,
      -0.003635231096673768,
      0.0075960777264868174
    ],
    [
      0.0008722241873127581,
      -0.0025776537031182863,
      -0.0011698946552020527
    ]
  ]
}