{
  "name": "system43",
  "subset": "prod",
  "atomic_number": [
    6,
    6,
    6,
    6,
    8,
    1,
    1,
    1,
    1,
    1,
    1,
    1,
    1,
    1,
    8,
    1
  ],
  "charge": [
    0,
    0,
    0,
    0,
    0,
    0,
    0,
    0,
    0,
    0,
    0,
    0,
    0,
    0,
    0,
    0
  ],
  "positition": [
    [
      2.44537605978403,
      0.58243355430195,
      0.19472988649768
    ],
    [
      1.49412670548446,
      0.08355755413855,
      -0.9054738106582
    ],
    [
      0.08710480416195,
      -0.08874178226675,
      -0.36001141539645
    ],
    [
      -0.26680698572319,
      -1.42185453688859,
      0.25727942422258
    ],
    [
      -0.70689376956427,
      0.83488134963717,
      -0.40367546261817
    ],
    [
      3.46107415688089,
      0.72496954787478,
      -0.20465754946784
    ],
    [
      2.51162308964334,
      -0.13254293361716,
      1.03097666156602
    ],
    [
      2.0986147997167,
      1.54679012481647,
      0.5977245454935
    ],
    [
      0.539797626451,
      -1.77553780844949,
      0.919811462553
    ],
    [
      -0.36446623882027,
      -2.16900586145206,
      -0.54998314689394
    ],
    [
      -1.22067934209896,
      -1.34071466121856,
      0.7958938633219
    ],
    [
      1.44789734266118,
      0.82017184209504,
      -1.72218131004105
    ],
    [
      1.85991369716857,
      -0.87332270330479,
      -1.31364610476736
    ],
    [
      -2.37035814109232,
      0.48875952288671,
      0.4751213488681
    ],
    [
      -3.02186575449884,
      0.10426179010733,
      1.09343576632966
    ],
    [
      -2.77271605015426,
      0.5054900013394,
      1.93730984099055
    ]
  ],
  "energies": -8394.858402518183,
  "forces": [
    [
      -0.004474065496006798,
      0.004715708587899057,
      -0.002684739592191474
    ],
    [
      0.00807449197794691,
      -0.0023926426078879153,
      0.001902238581576736
    ],
    [
      -0.003718426550487054,
      0.0030220610503715003,
      0.0008492332268504028
    ],
    [
      -0.0008891618963034233,
      0.0041746841645233365,
      0.008577301217989199
    ],
    [
      0.0026092671672124403,
      0.010331039040456678,
      0.006519516694157341
    ],
    [
      -0.00026984228499780493,
      -0.0020867421410049234,
      -0.002289742115121423
    ],
    [
      0.0022094310793174432,
      0.0017832817540495095,
      -0.0016171127840644997
    ],
    [
      -0.0018849121731809337,
      -0.0045852925584089835,
      -0.0010298231555964685
    ],
    [
      0.000796455468383149,
      -0.001160150482020809,
      -0.002187521576348068
    ],
    [
      0.0014791352938749737,
      0.0003695355834398641,
      0.0009936768877103553
    ],
    [
      -0.004138489508472091,
      -0.00463277451245279,
      -0.0031826403388196408
    ],
    [
      -0.0025976298906312608,
      -0.0025864487792072403,
      0.0016242284668643461
    ],
    [
      -0.001377802557089936,
      0.0006998680113712877,
      -0.001482174286617954
    ],
    [
      -0.0014759076335678384,
      -0.009375994111933522,
      -0.008866073611389157
    ],
    [
      0.00667825846646007,
      0.0029127157270924238,
      0.004106214962283423
    ],
    [
      -0.0010207956003421977,
      -0.001188850526059818,
      -0.0012325810346211056
    ]
  ]
}