{
  "name": "system43",
  "subset": "sp",
  "atomic_number": [
    6,
    6,
    6,
    6,
    8,
    1,
    1,
    1,
    1,
    1,
    1,
    1,
    1,
    1,
    8,
    1
  ],
  "charge": [
    0,
    0,
    0,
    0,
    0,
    0,
    0,
    0,
    0,
    0,
    0,
    0,
    0,
    0,
    0,
    0
  ],
  "positition": [
    [
      2.18657353896299,
      0.68637185171002,
      -0.97089588739371
    ],
    [
      0.89899279759463,
      1.08336455579337,
      -0.2904550230944
    ],
    [
      -0.07742416316525,
      0.16777398886418,
      0.17655753033722
    ],
    [
      -0.31709918950271,
      -1.25675867888594,
      -0.18120833565068
    ],
    [
      -0.77298749169326,
      0.72751401829741,
      1.12153912264546
    ],
    [
      2.03265194806752,
      0.33765383525712,
      -2.01055354381842
    ],
    [
      2.70456284623589,
      -0.11983622053112,
      -0.42606802806681
    ],
    [
      2.87884764312974,
      1.54123312564596,
      -1.02061921441184
    ],
    [
      0.25907283116542,
      -1.90055359600057,
      0.50706176251161
    ],
    [
      -0.00488997582944,
      -1.48572341721343,
      -1.20934280001507
    ],
    [
      -1.38539037851946,
      -1.47443151998184,
      -0.01936188775376
    ],
    [
      0.22205999956092,
      1.54798622515276,
      0.97014082188673
    ],
    [
      0.40472656156839,
      1.98220633525492,
      -0.69540309557281
    ],
    [
      -2.56420372918668,
      0.00870320872091,
      1.16225739067167
    ],
    [
      -3.26263940645741,
      -0.66160056339472,
      1.03731805128395
    ],
    [
      -3.20285383193129,
      -1.18390314868904,
      1.84903313644087
    ]
  ],
  "energies": -8392.021759916757,
  "forces": [
    [
      -0.003522661815476387,
      -5.842467276479521e-05,
      -0.0016457210397137515
    ],
    [
      0.0011242511429008647,
      -0.001587019973338345,
      0.00015326480793692192
    ],
    [
      0.0002478398623531972,
      0.004695860749865539,
      0.0031233938385786053
    ],
    [
      -0.001645321078875922,
      -0.0004464905580351838,
      -0.01041196477565066
    ],
    [
      0.000992112628429463,
      -0.0015729467820170225,
      2.5018943944269544e-05
    ],
    [
      -0.0020811060767635383,
      0.0008644282934094387,
      0.00120297621931164
    ],
    [
      0.0022786187506787453,
      0.004243253794060278,
      0.0005913626161360671
    ],
    [
      -0.001296397928185143,
      -0.0016146540379265682,
      0.00534726433717919
    ],
    [
      0.0013385398034057375,
      -0.001841236686231433,
      0.003163311195176866
    ],
    [
      0.0033535296488752878,
      0.00012361438125394695,
      0.0010529528527958335
    ],
    [
      -0.0004327489362024604,
      -0.0021655757179772596,
      -0.0007600894225822914
    ],
    [
      0.0008006563427320387,
      -0.0030393996457972025,
      -0.004587924545490943
    ],
    [
      0.0009835847414011107,
      -0.0005720839689631748,
      -0.0016126348990401934
    ],
    [
      0.0020249262857596454,
      0.002932760511642897,
      -0.004820705661184962
    ],
    [
      -0.0019304221423738879,
      0.003403996499647496,
      0.00869395809072167
    ],
    [
      -0.0022353961378741103,
      -0.0033660828038934157,
      0.00048553497362251603
    ]
  ]
}