{
  "name": "system44",
  "subset": "prod",
  "atomic_number": [
    6,
    6,
    6,
    6,
    8,
    1,
    1,
    1,
    1,
    1,
    1,
    1,
    1,
    1,
    8,
    1
  ],
  "charge": [
    0,
    0,
    0,
    0,
    0,
    0,
    0,
    0,
    0,
    0,
    0,
    0,
    0,
    0,
    0,
    0
  ],
  "positition": [
    [
      -1.19287767713325,
      1.25989866811055,
      0.5889237529782
    ],
    [
      -0.76270155416334,
      0.28195502857966,
      -0.49271439787174
    ],
    [
      0.68851113281606,
      -0.22898869886455,
      -0.33303092472262
    ],
    [
      0.92861270155919,
      -0.99622520532402,
      0.96229927901371
    ],
    [
      1.6167400867493,
      0.82725397718922,
      -0.51407669799941
    ],
    [
      -0.50646231677746,
      2.11970435673136,
      0.63238072186223
    ],
    [
      -1.22176727977969,
      0.77089030005916,
      1.57484227347748
    ],
    [
      -2.20213412282824,
      1.63972612721308,
      0.371734497662
    ],
    [
      0.86092501821387,
      -0.32796971888333,
      1.83812031105831
    ],
    [
      1.9307443530021,
      -1.45065022158511,
      0.95961272198368
    ],
    [
      0.17280958901008,
      -1.78589774383467,
      1.08634128826483
    ],
    [
      1.63575580761175,
      1.34627200003772,
      0.30099858521333
    ],
    [
      -0.79426238492262,
      0.80894264966378,
      -1.46792409996888
    ],
    [
      -1.4935944954422,
      -1.3721076544134,
      -1.2259176020754
    ],
    [
      -1.68389825321891,
      -0.79781713720886,
      -0.47242220360036
    ],
    [
      0.87052039530335,
      -0.91525272747055,
      -1.18179850527538
    ]
  ],
  "energies": -8394.516910322687,
  "forces": [
    [
      -0.009245830359104597,
      -0.0010519577329534985,
      0.001983986555623492
    ],
    [
      0.006863290541893813,
      0.010863041719271707,
      -0.004746212055252995
    ],
    [
      -0.0011796985808252554,
      -0.005798664519913971,
      0.0027714717529351094
    ],
    [
      -0.0009474453126499209,
      0.0019457655615964795,
      0.0035087175392772597
    ],
    [
      9.864002024184485e-05,
      -0.006868692532885803,
      -0.006872393070521903
    ],
    [
      0.000683187412716075,
      0.0037048426401340966,
      0.0035162435187504207
    ],
    [
      -0.002828847055576789,
      0.0027540703197434222,
      0.002198053329908869
    ],
    [
      -0.0007451165507751536,
      0.00010860906212247508,
      0.0028264274416319136
    ],
    [
      -0.002843787325793392,
      -0.0026459673021831842,
      -0.001954728170780015
    ],
    [
      0.002343352396854872,
      -0.0006621681799942373,
      0.0006927696063859835
    ],
    [
      0.0009308966115967952,
      0.0003175427828267462,
      -0.000697003288013677
    ],
    [
      0.003125158952453553,
      0.0051463339469968805,
      -0.0009953931506215673
    ],
    [
      0.0020590043581073794,
      0.0005022608236967683,
      0.0009912241579542735
    ],
    [
      0.0023832164287695594,
      -0.0015105983484228881,
      0.0008410707964528626
    ],
    [
      -0.0013793786434462593,
      -0.008449715510493856,
      -0.0014246575218697084
    ],
    [
      0.0006833575683360774,
      0.0016452986588546706,
      -0.0026395774932823873
    ]
  ]
}