{
  "name": "system44",
  "subset": "react",
  "atomic_number": [
    6,
    6,
    6,
    6,
    8,
    1,
    1,
    1,
    1,
    1,
    1,
    1,
    1,
    1,
    8,
    1
  ],
  "charge": [
    0,
    0,
    0,
    0,
    0,
    0,
    0,
    0,
    0,
    0,
    0,
    0,
    0,
    0,
    0,
    0
  ],
  "positition": [
    [
      1.83945643409847,
      0.39613536300878,
      -0.15975053037652
    ],
    [
      0.45337936835536,
      0.91118630256385,
      0.09216479568113
    ],
    [
      -0.69108898485499,
      0.2075493899077,
      0.07229935391829
    ],
    [
      -0.87285462891165,
      -1.2575398963602,
      -0.17204474211443
    ],
    [
      -1.91330091729381,
      0.80622049265855,
      0.30195833998646
    ],
    [
      2.29827554841339,
      0.88904732190197,
      -1.03566471956331
    ],
    [
      1.85775142267028,
      -0.68733446196324,
      -0.34568905413405
    ],
    [
      2.5063820346229,
      0.59751331530235,
      0.69732113860113
    ],
    [
      0.08367537301455,
      -1.78679178447205,
      -0.25261828717007
    ],
    [
      -1.44898266698688,
      -1.41811955905276,
      -1.09912481260306
    ],
    [
      -1.46681708524288,
      -1.6828110440187,
      0.65253153502651
    ],
    [
      -1.78552143702666,
      1.75871241460693,
      0.41722004028539
    ],
    [
      0.37232253135048,
      1.98728693855676,
      0.30310912453448
    ],
    [
      -2.8345346195475,
      -0.24801124831881,
      1.68379543692597
    ],
    [
      -2.95789081483578,
      -0.92844154374678,
      2.36815762283002
    ],
    [
      -2.20153355782524,
      -0.77997200057437,
      2.95187275817202
    ]
  ],
  "energies": -8394.28307271692,
  "forces": [
    [
      0.0018803131891886298,
      -0.0003992855632447263,
      -0.0014934763941658379
    ],
    [
      -0.006309148143515044,
      0.00112783670079495,
      -0.0033400220488698936
    ],
    [
      0.0048681261658585955,
      0.004329408896367025,
      0.0015175026865269928
    ],
    [
      -0.0019379264217347372,
      -0.00391557747016028,
      -0.004299498376868706
    ],
    [
      -0.006742292206881028,
      -0.005035464987869913,
      0.008186384184786913
    ],
    [
      0.000621638849375533,
      -0.0018666006722458796,
      0.0016233568628271624
    ],
    [
      3.0323541541189348e-05,
      0.0014697390423996646,
      -0.0012651187589491442
    ],
    [
      -0.0012306378975498905,
      0.0008997304680642612,
      0.0017772770450091525
    ],
    [
      0.002975535495353509,
      0.00015153589519720576,
      -0.003349197493989116
    ],
    [
      0.005290603389893531,
      0.0004026133937385538,
      -0.0030598912366886248
    ],
    [
      -0.00040793665754582754,
      -0.0014675153979524709,
      0.0006322301496900253
    ],
    [
      9.211034331856147e-05,
      0.0017816260149112631,
      -0.0018502881527469005
    ],
    [
      0.0020506622075853573,
      -0.0019141406818034318,
      0.002448526002097099
    ],
    [
      8.838327189584342e-05,
      -0.0030729345982723265,
      -0.007535746014941905
    ],
    [
      -0.0036881331422771797,
      0.005484727246743341,
      0.010269548789740216
    ],
    [
      0.002418383209121733,
      0.002024306598429138,
      -0.0002615877062560385
    ]
  ]
}