{
  "name": "system44",
  "subset": "sp",
  "atomic_number": [
    6,
    6,
    6,
    6,
    8,
    1,
    1,
    1,
    1,
    1,
    1,
    1,
    1,
    1,
    8,
    1
  ],
  "charge": [
    0,
    0,
    0,
    0,
    0,
    0,
    0,
    0,
    0,
    0,
    0,
    0,
    0,
    0,
    0,
    0
  ],
  "positition": [
    [
      1.72981392230478,
      0.1147961831927,
      0.3410586655892
    ],
    [
      0.34349284457621,
      0.67550494366104,
      0.3728887433083
    ],
    [
      -0.78291522912982,
      0.04317961265752,
      -0.2543988216617
    ],
    [
      -0.61883963157771,
      -1.08400797304567,
      -1.24772839722891
    ],
    [
      -1.88097334509133,
      0.89360184397069,
      -0.51822157973467
    ],
    [
      2.17407435565554,
      0.31356949884404,
      -0.65181916486414
    ],
    [
      1.72274787108384,
      -0.97348966011275,
      0.49224615681762
    ],
    [
      2.36991523900369,
      0.56793561667401,
      1.10954444216161
    ],
    [
      -0.35503124920193,
      -0.71418608123155,
      -2.26104853727997
    ],
    [
      -1.56380686344936,
      -1.64107340351389,
      -1.3417499852443
    ],
    [
      0.16172047884738,
      -1.79889803016086,
      -0.94810860049505
    ],
    [
      -1.77594730957483,
      1.25512418594265,
      -1.41175007111117
    ],
    [
      0.25221930581579,
      1.75281659551912,
      0.55385295851096
    ],
    [
      -0.71887392434042,
      0.8087923107499,
      2.52434477550517
    ],
    [
      -0.19336687062834,
      0.09344668773877,
      2.12620012834154
    ],
    [
      -0.86422959429346,
      -0.30711233088571,
      1.11468928738549
    ]
  ],
  "energies": -8391.385014647236,
  "forces": [
    [
      -0.0009821531510533117,
      -0.0004468660419690784,
      -0.0027458209860524987
    ],
    [
      -0.005170672731259745,
      -0.008465592330818375,
      -0.0036202719545585433
    ],
    [
      -0.0003515840369744432,
      -0.004312177104574669,
      -0.0027810939529732143
    ],
    [
      -0.0015045551242542806,
      -0.003304721725409486,
      -0.004467209494645759
    ],
    [
      0.005510756994260409,
      0.007134815716881289,
      -0.007541619134912576
    ],
    [
      -0.00133799982027922,
      0.0005071429890125399,
      0.002200523851700164
    ],
    [
      0.00042833656289162754,
      0.003293289982830467,
      0.003593966790450139
    ],
    [
      -0.0027589413778927024,
      -0.0008781005982957241,
      0.004614782445398502
    ],
    [
      -0.00045802807580620775,
      0.003994554206167396,
      -0.0005966003650457692
    ],
    [
      -0.0006787682516923862,
      -0.0011863499223592748,
      0.0005484495641753165
    ],
    [
      0.0027801478897828834,
      0.00023171631895077576,
      0.00613540429167107
    ],
    [
      -0.0025440769445026178,
      -0.0004487912327388789,
      -0.0007785413057605027
    ],
    [
      -0.005509924625260415,
      0.0021501461153702246,
      8.338756665593613e-06
    ],
    [
      -0.001339427965348524,
      0.0036806413584786336,
      0.005498127888849187
    ],
    [
      0.016529194349085133,
      -0.0027234340806122554,
      0.0005910941415237876
    ],
    [
      -0.002612303074631395,
      0.0007737281488587667,
      -0.0006595332104323868
    ]
  ]
}