{
  "name": "system45",
  "subset": "prod",
  "atomic_number": [
    6,
    6,
    6,
    6,
    8,
    1,
    1,
    1,
    1,
    1,
    1,
    1,
    1,
    1,
    8,
    1
  ],
  "charge": [
    0,
    0,
    0,
    0,
    0,
    0,
    0,
    0,
    0,
    0,
    0,
    0,
    0,
    0,
    0,
    0
  ],
  "positition": [
    [
      2.84557361665013,
      -0.4585465949727,
      -0.07720066012932
    ],
    [
      1.62070082493808,
      0.09340210429964,
      0.58894865450967
    ],
    [
      0.34708083953047,
      0.01928725398878,
      0.16034033102657
    ],
    [
      -0.13127897198996,
      -0.65798235815176,
      -1.09432410418858
    ],
    [
      -0.63307493211697,
      0.62424873260378,
      0.89183520905402
    ],
    [
      3.57578600689546,
      0.33892655220076,
      -0.30861075973681
    ],
    [
      2.62342731590145,
      -0.9769324456937,
      -1.02204222593454
    ],
    [
      3.37362073674633,
      -1.17976107762112,
      0.57391694899469
    ],
    [
      0.67872797330211,
      -1.15925978071114,
      -1.63818955919976
    ],
    [
      -0.60007664685425,
      0.07807928864091,
      -1.77174110203265
    ],
    [
      -0.90927923144364,
      -1.40439755751438,
      -0.85820572517892
    ],
    [
      -3.44330263793616,
      -0.61100221507682,
      1.0966274550173
    ],
    [
      1.76972109714276,
      0.63179908776245,
      1.53190150337484
    ],
    [
      -1.51142201950837,
      0.36242117168089,
      0.55612863729701
    ],
    [
      -3.19987830967781,
      -0.21382288546591,
      0.24773874660807
    ],
    [
      -3.81129366157962,
      0.52968872403036,
      0.14621165051838
    ]
  ],
  "energies": -8394.277745223657,
  "forces": [
    [
      -0.0029177963815871645,
      -0.005183422267152091,
      -0.001838675250225522
    ],
    [
      0.0006808899261805394,
      0.000981076270124303,
      -0.002216246200135146
    ],
    [
      0.0015298908281318278,
      0.0023727444790727845,
      -0.0035636412948704004
    ],
    [
      0.003368953286522541,
      0.00041818687528930845,
      -0.004423147468017939
    ],
    [
      0.0043768629282284,
      -2.889729908836778e-05,
      0.007731989849351653
    ],
    [
      0.0019589584071292134,
      -0.00013131411589180716,
      0.0001712644340350725
    ],
    [
      -0.0005853740022027096,
      -0.0008399922185956398,
      0.0008255198377674937
    ],
    [
      -0.0007252314831650634,
      0.004812456224649903,
      0.0006411386114369143
    ],
    [
      -0.0025520599633080793,
      -0.0014929511177505085,
      0.000968552939905087
    ],
    [
      -0.0008617276064458467,
      -0.003181955859684599,
      0.0013813645636772934
    ],
    [
      0.0005650100408818059,
      0.0030121350487610247,
      -0.0013297399450645435
    ],
    [
      -0.0013307457606968331,
      -0.0019520118000859602,
      0.0007890409719514395
    ],
    [
      -0.0011856413776968353,
      0.002548128849123146,
      0.001559206754268379
    ],
    [
      0.00021052605643379497,
      -0.0020061877245574045,
      0.005303144409303826
    ],
    [
      -0.0018675075518210873,
      -0.002423476410600843,
      -0.0033777206461173335
    ],
    [
      -0.0006650122316808775,
      0.0030954798322571416,
      -0.002622051772954543
    ]
  ]
}