{
  "name": "system45",
  "subset": "sp",
  "atomic_number": [
    6,
    6,
    6,
    6,
    8,
    1,
    1,
    1,
    1,
    1,
    1,
    1,
    1,
    1,
    8,
    1
  ],
  "charge": [
    0,
    0,
    0,
    0,
    0,
    0,
    0,
    0,
    0,
    0,
    0,
    0,
    0,
    0,
    0,
    0
  ],
  "positition": [
    [
      2.22339859146436,
      0.66601219237016,
      -1.0979121976617
    ],
    [
      0.96727480856616,
      1.02596481369225,
      -0.36268818378185
    ],
    [
      0.01131859270039,
      0.19604153241958,
      0.09189546179977
    ],
    [
      0.00083793384667,
      -1.30434818399327,
      -0.03112529802773
    ],
    [
      -1.0783990688904,
      0.71846708821766,
      0.73603858882326
    ],
    [
      2.25972989673342,
      1.15075287421072,
      -2.09054020022827
    ],
    [
      2.3327731440504,
      -0.41680867491935,
      -1.25777010011076
    ],
    [
      3.12121978065684,
      1.01169194899412,
      -0.55365499843965
    ],
    [
      0.87328683301319,
      -1.69635632353992,
      -0.56903732297216
    ],
    [
      -0.90807954443222,
      -1.64553848192839,
      -0.55776705021566
    ],
    [
      -0.02078709893706,
      -1.77206281077686,
      0.9696331056129
    ],
    [
      -1.82356166085339,
      -0.04924911810893,
      1.53421038560577
    ],
    [
      0.79323054036931,
      2.09064125165548,
      -0.16978130247189
    ],
    [
      -2.29439481310714,
      0.25739840981989,
      0.45892301294392
    ],
    [
      -2.90491046983257,
      -0.40030441395338,
      1.22678077055007
    ],
    [
      -3.55293746534795,
      0.16769789584025,
      1.67279532857398
    ]
  ],
  "energies": -8392.475706238225,
  "forces": [
    [
      0.005356001769130935,
      0.004432204231006317,
      0.005264105855832142
    ],
    [
      -0.002055747798598539,
      -0.003209218451260161,
      0.0005408231059830603
    ],
    [
      -0.0039647518272761684,
      0.00750265699463259,
      -0.003912036906574899
    ],
    [
      -0.0030043261964967987,
      -0.002971234913616531,
      -0.008861479203960826
    ],
    [
      -0.0067805829292310145,
      -0.006127033807590081,
      -0.006916239741532747
    ],
    [
      0.0022996917708827604,
      -0.00011383714368356425,
      -0.00325961192274263
    ],
    [
      0.0008545232205802692,
      0.0010098496420309826,
      0.0022701125123406386
    ],
    [
      -0.000339149049866489,
      -0.003722134030102211,
      -0.0006837606144979326
    ],
    [
      0.004624353737590188,
      0.0034679836002536025,
      0.000962738852467435
    ],
    [
      -0.001834793552647063,
      0.0001564567813294964,
      3.288091520380022e-05
    ],
    [
      0.0015790057413381596,
      -0.00337604099571789,
      0.00407108793118911
    ],
    [
      -0.005497410910967745,
      -0.004071893149337679,
      -0.001437258602254365
    ],
    [
      0.0005289375636619678,
      0.00036691573196573834,
      0.00024318446835329473
    ],
    [
      -0.0032070900919032854,
      0.002890755521964897,
      0.0012310912344933602
    ],
    [
      0.009620720676656794,
      0.0017409959998851959,
      0.008810093080895242
    ],
    [
      0.0018206211167362553,
      0.0020235757880116482,
      0.0016442686748508483
    ]
  ]
}