{
  "name": "system46",
  "subset": "prod",
  "atomic_number": [
    6,
    6,
    6,
    6,
    8,
    1,
    1,
    1,
    1,
    1,
    1,
    1,
    1,
    1,
    8,
    1
  ],
  "charge": [
    0,
    0,
    0,
    0,
    0,
    0,
    0,
    0,
    0,
    0,
    0,
    0,
    0,
    0,
    0,
    0
  ],
  "positition": [
    [
      -0.81698694614276,
      1.79597425743271,
      -0.43516025847814
    ],
    [
      0.34129241602093,
      1.16972672865242,
      0.29349308105281
    ],
    [
      0.96864854689842,
      0.0190284451631,
      -0.0297954189186
    ],
    [
      0.61888374182384,
      -0.90419044706719,
      -1.15653727138832
    ],
    [
      -2.0741510320476,
      -0.98200741593028,
      0.62901094101672
    ],
    [
      -1.41330541991868,
      1.04912908271493,
      -0.97798111982573
    ],
    [
      -0.488201966456,
      2.56693586662226,
      -1.15622302926934
    ],
    [
      -1.49510742141465,
      2.30108369926399,
      0.2734925619153
    ],
    [
      -0.12969969418156,
      -0.46973677146297,
      -1.82835069840632
    ],
    [
      0.22058357978036,
      -1.85257468951071,
      -0.76176475271809
    ],
    [
      1.52950174756961,
      -1.13652203099013,
      -1.73143660178092
    ],
    [
      -2.77852124716762,
      -0.3408999061177,
      0.79071950488564
    ],
    [
      0.74916477434915,
      1.73615435632071,
      1.14252042804691
    ],
    [
      -1.27319639955988,
      -0.50088436780415,
      0.89240058858074
    ],
    [
      2.03394044091202,
      -0.46034355563526,
      0.6737705579808
    ],
    [
      2.23710187953438,
      0.15058974834825,
      1.39605148730654
    ]
  ],
  "energies": -8394.162871590956,
  "forces": [
    [
      -0.003070639065775341,
      -0.00314406566381518,
      0.0007416392877543611
    ],
    [
      0.0018663611482573725,
      0.0016394574719876618,
      0.00879552248391895
    ],
    [
      0.010836134711290078,
      -0.001975971603714367,
      0.002831787472217157
    ],
    [
      0.002866873777034334,
      -0.0009489560929810391,
      -0.0032671208300895176
    ],
    [
      0.003567939459770226,
      -0.00528703860651455,
      -0.003404131174041206
    ],
    [
      0.003822807793097484,
      0.007101662264721909,
      0.00024629267519857886
    ],
    [
      -0.006212735984329894,
      0.0008539556752257914,
      -6.098348624528461e-05
    ],
    [
      0.0016752108752812033,
      0.001045333645115037,
      -0.005221013495123447
    ],
    [
      -0.0027655352295557147,
      -0.0008733586609569083,
      0.004202720863896879
    ],
    [
      -0.0019031719435164956,
      -0.0011773191275147776,
      0.002892493844942891
    ],
    [
      -0.0014549592090323843,
      0.0013375618071117437,
      -0.0008683167272786868
    ],
    [
      -0.0018445196766827578,
      0.00414019363577547,
      0.0001373656704352833
    ],
    [
      -0.0016275171137430506,
      -0.0036495975480437077,
      -0.0019585551552790898
    ],
    [
      0.002490901436346419,
      0.0014758342028560333,
      -0.0011764968372399336
    ],
    [
      -0.005495206652639845,
      -0.005654864097691253,
      -0.004102863220528398
    ],
    [
      -0.0027519443258016336,
      0.0051171780977551816,
      0.00021166094145448194
    ]
  ]
}