{
  "name": "system46",
  "subset": "sp",
  "atomic_number": [
    6,
    6,
    6,
    6,
    8,
    1,
    1,
    1,
    1,
    1,
    1,
    1,
    1,
    1,
    8,
    1
  ],
  "charge": [
    0,
    0,
    0,
    0,
    0,
    0,
    0,
    0,
    0,
    0,
    0,
    0,
    0,
    0,
    0,
    0
  ],
  "positition": [
    [
      2.04922216019027,
      0.42413254871312,
      -0.23327420687495
    ],
    [
      0.65713414285233,
      0.72438769230102,
      0.26011423384925
    ],
    [
      -0.4020728780483,
      -0.0778021563806,
      0.04983499492184
    ],
    [
      -0.48405315972117,
      -1.37839255898261,
      -0.66772437572858
    ],
    [
      -1.92279422312061,
      0.77047185302366,
      -0.42509790384128
    ],
    [
      2.42418359983595,
      1.2051332088728,
      -0.92040918058164
    ],
    [
      2.09176448901395,
      -0.53074729846825,
      -0.77906631040595
    ],
    [
      2.77826430860569,
      0.3556944537808,
      0.59531407800242
    ],
    [
      -0.18582764642876,
      -1.25742526281593,
      -1.72069684572367
    ],
    [
      -1.51466873711624,
      -1.75308933953547,
      -0.64285510498806
    ],
    [
      0.16774586136445,
      -2.12575655109823,
      -0.18941053279965
    ],
    [
      -1.63096450959614,
      1.68863468510718,
      -0.52753409019682
    ],
    [
      0.50715358377724,
      1.6547927208322,
      0.82116129029846
    ],
    [
      -2.04575368084764,
      0.43876450895672,
      0.72303888894829
    ],
    [
      -1.48272534937821,
      -0.30206187935963,
      1.47634619184241
    ],
    [
      -1.00660796138284,
      0.16326337505323,
      2.18025887327794
    ]
  ],
  "energies": -8391.31711028313,
  "forces": [
    [
      -0.0024944501246184,
      -0.0033952515086518877,
      -0.005465317987520039
    ],
    [
      -0.0020747010469308823,
      0.006833078123439607,
      0.001221882005076059
    ],
    [
      0.0008885444201218007,
      0.002052907860677266,
      -0.0012300980686895746
    ],
    [
      -0.00497070105409627,
      -0.004083894905530397,
      -0.0031372817561922013
    ],
    [
      0.0084545055274654,
      0.000883710437282893,
      -0.003629590044491875
    ],
    [
      0.0033208351900867574,
      0.0017082915137935828,
      0.003058437072053373
    ],
    [
      0.0026606034622950136,
      -0.0013147274782657461,
      0.002656734054590589
    ],
    [
      -0.0006101329561757696,
      0.0017686305272720223,
      -0.002939550898446329
    ],
    [
      0.0008972073414983327,
      -0.0020179497510733457,
      0.001050050025686509
    ],
    [
      -0.00023907821060785152,
      -0.004189303509619227,
      -0.0003169108570442713
    ],
    [
      0.0012506209756198551,
      1.5004033579794624e-05,
      0.00012937550396249604
    ],
    [
      -0.0002221336624822634,
      0.0027135618150618897,
      0.002793964022190821
    ],
    [
      -0.0029831702839206342,
      0.00017496162923681094,
      0.000412375513221212
    ],
    [
      0.00011796798117707675,
      7.798357020333042e-05,
      0.001487871594541244
    ],
    [
      -0.00617432539714152,
      -0.003031747270883133,
      0.0025694497751126036
    ],
    [
      0.002178410408812708,
      0.0018047496957287786,
      0.0013386121028320667
    ]
  ]
}