{
  "name": "system47",
  "subset": "prod",
  "atomic_number": [
    6,
    6,
    6,
    6,
    8,
    1,
    1,
    1,
    1,
    1,
    1,
    1,
    1,
    1,
    8,
    1
  ],
  "charge": [
    0,
    0,
    0,
    0,
    0,
    0,
    0,
    0,
    0,
    0,
    0,
    0,
    0,
    0,
    0,
    0
  ],
  "positition": [
    [
      -1.67069012396522,
      1.59189903586025,
      -0.16813696050109
    ],
    [
      -0.41929467737492,
      0.82898445649473,
      0.28641154519866
    ],
    [
      -0.38710163113008,
      -0.59495855807772,
      -0.20456099727587
    ],
    [
      0.45704481162041,
      -1.05737521550125,
      -1.14331113996752
    ],
    [
      -1.32060029881615,
      -1.43171047671038,
      0.32940732223384
    ],
    [
      -2.59797934144984,
      1.09855369455091,
      0.16818394521767
    ],
    [
      -1.71036864685148,
      1.65340423165616,
      -1.26690701972626
    ],
    [
      -1.67316543562713,
      2.61615210793964,
      0.23552350349198
    ],
    [
      1.16863221926368,
      -0.38048698348597,
      -1.61490312765076
    ],
    [
      0.4085541732481,
      -2.09652078638921,
      -1.47494116268474
    ],
    [
      2.23456297867122,
      -0.30655751974696,
      0.32037907666938
    ],
    [
      -1.77681241152873,
      -0.98324356598822,
      1.05286928726235
    ],
    [
      -0.3724188125797,
      0.81342991714634,
      1.3929549249029
    ],
    [
      0.49953095801259,
      1.33656427423591,
      -0.03630034187071
    ],
    [
      2.76604539040132,
      0.48519653900527,
      0.50291776993304
    ],
    [
      3.42874084810594,
      0.46951684901049,
      -0.20097962523291
    ]
  ],
  "energies": -8394.054034175062,
  "forces": [
    [
      -0.004217118785571877,
      -0.004205171331082008,
      0.0055107667130310884
    ],
    [
      0.0014078001341478387,
      0.005575131868674444,
      -0.003036712122882786
    ],
    [
      0.00014642593012422346,
      -0.006954344573110202,
      0.0015813870972651199
    ],
    [
      0.003667761467646212,
      -0.002179959601427943,
      -0.0027820536944333906
    ],
    [
      0.001602714039636427,
      0.005988925602506011,
      0.0019425290052717378
    ],
    [
      0.0009585652318141033,
      -0.00039071509874482295,
      -0.005791040067182332
    ],
    [
      -0.0013351316516431145,
      0.00042818975289008414,
      -0.0004652238227645142
    ],
    [
      -0.0025097947265485345,
      0.0032601054203204977,
      0.0011423417860577654
    ],
    [
      0.004678028502595769,
      -0.002403221824016641,
      -0.000722917027347388
    ],
    [
      -0.00048696918649573657,
      0.0010327624923734272,
      -0.0006317699736116325
    ],
    [
      -0.019981307145396067,
      0.009657757934699382,
      0.005740987266894336
    ],
    [
      -0.00353894085920969,
      -0.0028043346189933604,
      0.0002803178856613435
    ],
    [
      -0.004771200660177681,
      0.004889350521206057,
      0.0008442778365110948
    ],
    [
      -0.0018816890894377699,
      -0.002602556536035065,
      0.009460596267814135
    ],
    [
      0.024099090118736295,
      -0.01515538528114751,
      -0.013329462446450092
    ],
    [
      0.0021617683767078135,
      0.005863465580420053,
      0.0002559730335945631
    ]
  ]
}