{
  "name": "system47",
  "subset": "sp",
  "atomic_number": [
    6,
    6,
    6,
    6,
    8,
    1,
    1,
    1,
    1,
    1,
    1,
    1,
    1,
    1,
    8,
    1
  ],
  "charge": [
    0,
    0,
    0,
    0,
    0,
    0,
    0,
    0,
    0,
    0,
    0,
    0,
    0,
    0,
    0,
    0
  ],
  "positition": [
    [
      1.71583906027564,
      0.35497317635926,
      0.22557972141694
    ],
    [
      0.29553686571826,
      0.89483051337527,
      0.10830048337611
    ],
    [
      -0.62580874820732,
      0.3169890448664,
      -0.82302148069121
    ],
    [
      -0.76761275044747,
      -1.09451385792069,
      -0.92070068268788
    ],
    [
      -1.62928745907537,
      1.05186053875363,
      -1.30224876466658
    ],
    [
      2.32154899512947,
      0.53443816185109,
      -0.67936558743178
    ],
    [
      1.7186315892937,
      -0.72842215277914,
      0.42270907239122
    ],
    [
      2.23133281956818,
      0.83476316073788,
      1.07193456336938
    ],
    [
      0.16578137458675,
      -1.66062090757065,
      -1.01651223496215
    ],
    [
      -1.57927932689777,
      -1.4482345029699,
      -1.56456073789963
    ],
    [
      -0.9983219983776,
      -1.17120874617358,
      0.39666337029588
    ],
    [
      -1.52196643620885,
      1.97201336622529,
      -1.01505687908475
    ],
    [
      0.23507885273855,
      1.99379788233409,
      0.16485614743819
    ],
    [
      -0.32317765353763,
      0.25977160200814,
      1.09685764460338
    ],
    [
      -0.95964312272953,
      -0.78818330225185,
      1.70088387177151
    ],
    [
      -0.27865206182902,
      -1.32225397684524,
      2.13368149276138
    ]
  ],
  "energies": -8392.17222410305,
  "forces": [
    [
      -0.00270194469593101,
      0.0011712284407782456,
      -0.0023364980924220464
    ],
    [
      0.002151009954675277,
      -0.005545999776427741,
      -0.005687596043166692
    ],
    [
      0.006996898133399922,
      -0.0029666944479365756,
      0.0031281712571437133
    ],
    [
      0.0010624711288363487,
      0.006227829749416761,
      0.007545223770393551
    ],
    [
      0.0038522878584721877,
      0.005711559857716333,
      -0.008014043229777302
    ],
    [
      -0.004195094765659092,
      -0.0003687848212603431,
      -0.0014287160599368918
    ],
    [
      0.0007721794190421355,
      0.0043872654067125365,
      0.001339437067054399
    ],
    [
      -0.001315339503708257,
      -0.003245495228352549,
      0.0002535614414921537
    ],
    [
      -0.0008877812652241108,
      -0.0013262755375605237,
      0.0023733401522979605
    ],
    [
      -0.0019868317900176755,
      0.0008679442258246832,
      -0.002554681563132486
    ],
    [
      0.001726221617257027,
      0.0009000055761231954,
      0.0017267114638681309
    ],
    [
      -0.0020428722272197533,
      0.00034291185962583487,
      -0.00024248415122158943
    ],
    [
      -0.0037894234558568675,
      -3.497446182125496e-05,
      0.0009242701069211804
    ],
    [
      -0.0012870702223252652,
      0.005185104951453493,
      0.00040791953399748633
    ],
    [
      0.0036617817497304615,
      -0.0049636875983658,
      0.0020418953622112356
    ],
    [
      -0.0020164866904204873,
      -0.0063419387101469665,
      0.0005234912982702138
    ]
  ]
}