{
  "name": "system48",
  "subset": "prod",
  "atomic_number": [
    6,
    6,
    6,
    6,
    8,
    1,
    1,
    1,
    1,
    1,
    1,
    1,
    1,
    1,
    8,
    1
  ],
  "charge": [
    0,
    0,
    0,
    0,
    0,
    0,
    0,
    0,
    0,
    0,
    0,
    0,
    0,
    0,
    0,
    0
  ],
  "positition": [
    [
      2.43154406701321,
      0.88068969257535,
      0.15411745101399
    ],
    [
      1.12592643924109,
      0.60586507782254,
      0.1720787576471
    ],
    [
      0.48641299501614,
      -0.66118734618878,
      -0.34567497855472
    ],
    [
      -0.09821786816377,
      -1.49637257737751,
      0.80129455638959
    ],
    [
      -0.49170415029998,
      -0.37911331927012,
      -1.3254873986563
    ],
    [
      3.15449394337981,
      0.17253111440805,
      -0.26561684165948
    ],
    [
      1.26426706844537,
      -1.25920914954819,
      -0.85233270998223
    ],
    [
      2.83158428305154,
      1.81808981443317,
      0.55162007058734
    ],
    [
      0.67796471399614,
      -1.8049845359406,
      1.51910085722432
    ],
    [
      -0.58914984687436,
      -2.39402050885063,
      0.39361128653634
    ],
    [
      -0.85728253571134,
      -0.91111804912946,
      1.34736970925151
    ],
    [
      -1.19483736987357,
      0.1440179137117,
      -0.89696574695177
    ],
    [
      0.42325331807677,
      1.33815879141906,
      0.59448456540625
    ],
    [
      -2.94319445862429,
      0.24719031696773,
      0.73644457903933
    ],
    [
      -2.51073968842309,
      0.92562972209613,
      0.19905816728244
    ],
    [
      -2.2441089102497,
      1.60480404287157,
      0.83420467542627
    ]
  ],
  "energies": -8393.889332777639,
  "forces": [
    [
      -0.000912007743692449,
      -0.0008305214051230492,
      -0.0006236510977049177
    ],
    [
      0.0061798235473989665,
      0.00010884478087801782,
      -0.0033359750293457387
    ],
    [
      0.0001327157271744924,
      -0.006153094305503268,
      0.0063424137986248155
    ],
    [
      -0.0010359268521159743,
      -0.008028167226100908,
      -0.002055620631826624
    ],
    [
      0.005686516385446061,
      0.019044212066410115,
      0.0032336279408652735
    ],
    [
      0.000942657352561059,
      -0.00023203940379830522,
      -0.000621933137865492
    ],
    [
      -0.0006074316007253054,
      0.0027149429603618726,
      0.004212045947231334
    ],
    [
      -0.002244432794834256,
      0.00091918220191498,
      1.5500256527217763e-05
    ],
    [
      0.0009322798652015292,
      0.003470616461510702,
      0.0030787284254155454
    ],
    [
      0.0010858079541219545,
      -0.002325969218497002,
      -0.0013054197241678994
    ],
    [
      0.004104039963111696,
      0.0029234685441196467,
      1.7572822941299585e-05
    ],
    [
      -0.02079114988614762,
      -0.0205583656337075,
      -0.010564563462130487
    ],
    [
      -0.0024941739881181235,
      0.0013996163635924559,
      0.0013838924724954614
    ],
    [
      -0.0019400685622055927,
      -0.004479561126582959,
      -0.006471747804979169
    ],
    [
      0.013776194328246134,
      0.015478669800563514,
      0.0034167409961772676
    ],
    [
      -0.002814845238084588,
      -0.003451833368798361,
      0.0032783931642605562
    ]
  ]
}