{
  "name": "system48",
  "subset": "sp",
  "atomic_number": [
    6,
    6,
    6,
    6,
    8,
    1,
    1,
    1,
    1,
    1,
    1,
    1,
    1,
    1,
    8,
    1
  ],
  "charge": [
    0,
    0,
    0,
    0,
    0,
    0,
    0,
    0,
    0,
    0,
    0,
    0,
    0,
    0,
    0,
    0
  ],
  "positition": [
    [
      2.04812091725484,
      0.62988921909618,
      -0.2954009405574
    ],
    [
      0.7868710636258,
      0.66681589708824,
      0.34397215620128
    ],
    [
      -0.15047955497722,
      0.1065641407307,
      -0.5655209817338
    ],
    [
      -0.32300561323794,
      -1.39879595783232,
      -0.7195997444325
    ],
    [
      -1.41275430423976,
      0.68683038251174,
      -0.68884449143532
    ],
    [
      2.21885326887482,
      1.2883339966068,
      -1.15567803814373
    ],
    [
      1.16719418615733,
      0.02617304213443,
      -1.359590904652
    ],
    [
      2.98405610141294,
      0.43094274947958,
      0.25712649556848
    ],
    [
      0.6248555829033,
      -1.93094547859645,
      -0.57629314923792
    ],
    [
      -0.74259515683608,
      -1.6546984627522,
      -1.70439634183949
    ],
    [
      -1.04390616032839,
      -1.74329128695681,
      0.0457289757495
    ],
    [
      -1.31119095888631,
      1.6441873473194,
      -0.59409847285715
    ],
    [
      0.53247504190569,
      1.02633770132516,
      1.34948487213748
    ],
    [
      -2.02553818226227,
      0.3855539848152,
      1.20439680787211
    ],
    [
      -1.86261915385095,
      0.35874549537805,
      2.16187791962296
    ],
    [
      -1.49033707751578,
      -0.5226427703477,
      2.2968358377375
    ]
  ],
  "energies": -8390.646538400404,
  "forces": [
    [
      -0.002578272413429519,
      -0.0029908383425651663,
      0.005449888127802669
    ],
    [
      0.008349346937466763,
      0.00030700609274750425,
      -0.0014954227708272798
    ],
    [
      0.004620820835892804,
      -0.0021164863101162047,
      0.006043934564464322
    ],
    [
      0.0010237740178901456,
      -0.00385949959769336,
      -0.009212629392955226
    ],
    [
      -0.00924163827792918,
      0.0013237207864233345,
      0.0010375762149179013
    ],
    [
      -0.0002173307385718783,
      0.003936669259418782,
      0.0013068207183857795
    ],
    [
      -0.0021556299188709546,
      -0.0007362967406719285,
      -0.004735066476477335
    ],
    [
      0.00020720516791902468,
      -0.00037765713329406756,
      -0.00012223251604502445
    ],
    [
      0.0006004899816225602,
      -0.0008128374076727,
      -0.0011583285467617263
    ],
    [
      -0.0006558223883828694,
      0.000778942757838278,
      2.5690156186001588e-05
    ],
    [
      -3.710976315718717e-05,
      -0.0026281695076983643,
      0.0032142888727635503
    ],
    [
      -0.0008386262942275154,
      0.0013332103689504128,
      -0.0005012222522077418
    ],
    [
      0.0006267692804312174,
      0.002568885572192487,
      0.0029077707754327346
    ],
    [
      0.003770773854830693,
      -0.0022470524920421807,
      -0.0019043676608425505
    ],
    [
      -0.0034582134589284785,
      0.001848520416346531,
      0.0007742620127593001
    ],
    [
      -1.6534662828809872e-05,
      0.003671881866460105,
      -0.0016309635235235889
    ]
  ]
}