{
  "name": "system49",
  "subset": "prod",
  "atomic_number": [
    6,
    6,
    6,
    6,
    8,
    1,
    1,
    1,
    1,
    1,
    1,
    1,
    1,
    1,
    8,
    1
  ],
  "charge": [
    0,
    0,
    0,
    0,
    0,
    0,
    0,
    0,
    0,
    0,
    0,
    0,
    0,
    0,
    0,
    0
  ],
  "positition": [
    [
      2.08812557812117,
      0.72448315118335,
      0.07042864719308
    ],
    [
      0.61728856194107,
      0.52756076910603,
      0.31456559027643
    ],
    [
      -0.08268509226601,
      -0.76787991952197,
      0.2624698939223
    ],
    [
      0.56891707655902,
      -2.08998992821692,
      -0.03772746744637
    ],
    [
      -0.19358211631838,
      0.17112752402523,
      -0.82207493440155
    ],
    [
      2.26034494047081,
      1.68782842453599,
      -0.43618223305509
    ],
    [
      2.51394743272638,
      -0.06948442813898,
      -0.55809334646914
    ],
    [
      2.6320186216116,
      0.74862048545469,
      1.02903976090983
    ],
    [
      0.83956476582153,
      -2.602230502807,
      0.90038678718695
    ],
    [
      1.47343598062674,
      -1.97398046615388,
      -0.65026349239182
    ],
    [
      -0.1303021497851,
      -2.74227858569088,
      -0.5858560684679
    ],
    [
      -1.77089882895215,
      1.06659382806999,
      -0.33221767575207
    ],
    [
      0.14048912162676,
      1.29492526219849,
      0.94011265356151
    ],
    [
      -3.18991957363419,
      0.91439573149593,
      0.2130867798605
    ],
    [
      -2.36734445746,
      1.39601141519502,
      0.36762334783844
    ],
    [
      -1.00606786108926,
      -0.82339276073505,
      0.85610175723491
    ]
  ],
  "energies": -8393.717348256281,
  "forces": [
    [
      0.0026733656994379316,
      0.0010683474369751803,
      -0.010069662370363979
    ],
    [
      -0.001922196308567625,
      0.004876923555940569,
      0.003946062734102469
    ],
    [
      -0.002956292380828977,
      0.0030798935980337486,
      0.00018364707347872858
    ],
    [
      -0.0010409480627011584,
      -0.0033617964146469546,
      0.0008674122131185651
    ],
    [
      -0.002093677435193417,
      -0.002493076024141608,
      -0.0024044346134689705
    ],
    [
      0.0020803289864856672,
      -0.00013070332457890645,
      0.0005013570808676531
    ],
    [
      0.0021241311774084794,
      -0.004404765724539238,
      0.002631731051487118
    ],
    [
      0.0009471295811579855,
      -0.003274367690582512,
      0.003052908839886677
    ],
    [
      -0.0022739369257363585,
      -0.0018113366054127336,
      0.00026930050209893967
    ],
    [
      0.002415139556551732,
      0.002282474582957458,
      0.002306138195479424
    ],
    [
      0.004399310768818146,
      0.00021048111354715792,
      -0.000728625185326834
    ],
    [
      0.007030453397591548,
      0.014466765384153663,
      0.002340105710382913
    ],
    [
      -0.0029082667412698225,
      -0.004620008727187243,
      -0.0035831078896985087
    ],
    [
      0.0015046802341435119,
      -0.00827534230397076,
      0.004518144389072624
    ],
    [
      -0.011661759295808235,
      -0.002528335415636611,
      -0.0020665316745542847
    ],
    [
      0.0016825388797960664,
      0.004914842805277894,
      -0.0017644438454136495
    ]
  ]
}