{
  "name": "system49",
  "subset": "sp",
  "atomic_number": [
    6,
    6,
    6,
    6,
    8,
    1,
    1,
    1,
    1,
    1,
    1,
    1,
    1,
    1,
    8,
    1
  ],
  "charge": [
    0,
    0,
    0,
    0,
    0,
    0,
    0,
    0,
    0,
    0,
    0,
    0,
    0,
    0,
    0,
    0
  ],
  "positition": [
    [
      2.24173577982448,
      0.42974936518271,
      -0.48200875768905
    ],
    [
      0.95988425458845,
      0.81888504711385,
      0.12134106681956
    ],
    [
      -0.32645026924175,
      0.15994223332211,
      0.01596283744867
    ],
    [
      -0.42243677489091,
      -1.20166464174491,
      -0.68964268284936
    ],
    [
      -1.25188772145566,
      1.05013396474511,
      -0.34601676711906
    ],
    [
      2.27538741730908,
      0.91601642383345,
      -1.4827706398414
    ],
    [
      2.32558668739246,
      -0.65270960502993,
      -0.65426537464998
    ],
    [
      3.11136474721515,
      0.81306115216194,
      0.0740087796003
    ],
    [
      0.32927213909141,
      -1.92012494725236,
      -0.32548497590554
    ],
    [
      -0.31720113160337,
      -1.06224973094671,
      -1.77662291780462
    ],
    [
      -1.42309463917093,
      -1.60946957910686,
      -0.49179168687524
    ],
    [
      -2.26564089166663,
      0.73608097302022,
      0.9902981484341
    ],
    [
      0.88180471419241,
      1.80067641030095,
      0.60333228645419
    ],
    [
      -3.15986389980506,
      -0.40803283918924,
      1.48256426832196
    ],
    [
      -2.53975898429914,
      0.25331576274505,
      1.81693106223886
    ],
    [
      -0.41870142747996,
      -0.12360998915539,
      1.14416535341662
    ]
  ],
  "energies": -8391.198409432116,
  "forces": [
    [
      0.0012758967213671746,
      0.006046898326723148,
      -0.005892146958248709
    ],
    [
      -0.005525363123885057,
      -0.009987811552183042,
      0.00657529678143374
    ],
    [
      0.0004859773576656954,
      0.008324388825827863,
      -0.004007308421467848
    ],
    [
      -0.007893443672894802,
      -0.008257520186848206,
      6.529080427305163e-05
    ],
    [
      -0.0002955275046653659,
      0.0007227133445396426,
      0.005647610449485403
    ],
    [
      0.0038440976601584187,
      -0.00023035548536729322,
      -0.003277040712474009
    ],
    [
      0.002126064647131081,
      -0.00030757430658885404,
      0.0010362671633559791
    ],
    [
      -0.0015947159027432409,
      -0.003441205713082436,
      0.00011875170490160275
    ],
    [
      0.002190767440066953,
      7.840106596603805e-05,
      -0.002157153811829181
    ],
    [
      0.0024201332563310233,
      -0.004284477116896435,
      -0.0008472902440453891
    ],
    [
      0.0022539865006789964,
      0.00042301175642234115,
      -0.0010928363222518815
    ],
    [
      0.0029649044457811563,
      0.004345269107363875,
      -0.00017534081555953615
    ],
    [
      -0.0025178638258943056,
      0.0058105837951110744,
      0.0019729099338398
    ],
    [
      -0.006744739280209729,
      -0.002046954162327463,
      -0.0037843949947602242
    ],
    [
      0.006451998543048266,
      0.000346384391816455,
      0.0010341915116178716
    ],
    [
      0.0005578300804980962,
      0.0024582457497964744,
      0.004783191566314242
    ]
  ]
}