{
  "name": "system4",
  "subset": "prod",
  "atomic_number": [
    7,
    5,
    7,
    5,
    1,
    1,
    1,
    1,
    1,
    1,
    1,
    1
  ],
  "charge": [
    0,
    0,
    0,
    0,
    0,
    0,
    0,
    0,
    0,
    0,
    0,
    0
  ],
  "positition": [
    [
      1.73557943334292,
      -0.26035031913012,
      0.36716252620934
    ],
    [
      2.04875733107334,
      0.67409407262971,
      -0.60856673718848
    ],
    [
      -1.43806244614094,
      0.38285205378047,
      0.31853881360167
    ],
    [
      -2.10813295519671,
      -0.83408322791574,
      0.21682760651224
    ],
    [
      -1.51554057073625,
      0.99566139172591,
      1.12355919712381
    ],
    [
      3.19500750407655,
      0.82673769342308,
      -0.9562777473932
    ],
    [
      1.1570608243274,
      1.33168949590766,
      -1.10044244237736
    ],
    [
      -2.7758848793019,
      -1.21797008942457,
      1.14744016812403
    ],
    [
      2.42881056459904,
      -0.84665129313481,
      0.81822360743015
    ],
    [
      -0.886981531229,
      0.78343194908755,
      -0.43554553569293
    ],
    [
      -1.991865515574,
      -1.4818443591471,
      -0.79525868174026
    ],
    [
      0.78387724075956,
      -0.42075936780203,
      0.68550722539099
    ]
  ],
  "energies": -4458.982094844196,
  "forces": [
    [
      -0.003456061136888339,
      0.013423065212421823,
      0.002823394979491454
    ],
    [
      0.003566229933149803,
      -0.0020148345508269375,
      0.0019122862992200149
    ],
    [
      -0.005388725384231506,
      -0.0004214454402587651,
      -0.006957881897105357
    ],
    [
      -0.00012556183777879767,
      -0.0061408288569505115,
      -0.003002492485584352
    ],
    [
      0.006366240316255324,
      0.00011275445206097416,
      -0.0014119795140726846
    ],
    [
      -0.0016090350972335244,
      -0.0010510569726042748,
      -0.0006413428598873977
    ],
    [
      -0.0019095177351278632,
      0.0012003498372349939,
      4.341369720594337e-05
    ],
    [
      -6.667128108616269e-06,
      0.0010984684784161674,
      0.0005312487798894166
    ],
    [
      0.0033108741186265267,
      -0.005927473661229533,
      0.000750842706478081
    ],
    [
      0.0014012387812312275,
      0.00154547212583678,
      0.007420964247885887
    ],
    [
      -0.0026042842660672387,
      0.0007314565357629029,
      0.0021467681997830506
    ],
    [
      0.00045526933332887054,
      -0.002555927468396021,
      -0.0036152231817453986
    ]
  ]
}