{
  "name": "system4",
  "subset": "sp",
  "atomic_number": [
    7,
    5,
    7,
    5,
    1,
    1,
    1,
    1,
    1,
    1,
    1,
    1
  ],
  "charge": [
    0,
    0,
    0,
    0,
    0,
    0,
    0,
    0,
    0,
    0,
    0,
    0
  ],
  "positition": [
    [
      0.48870741214629,
      1.53135193347884,
      0.53655274791466
    ],
    [
      1.68105797076397,
      0.93269663368309,
      0.14649554080511
    ],
    [
      -0.75734878240519,
      -1.68509215493817,
      -0.57486941385011
    ],
    [
      -1.46316755756389,
      -0.63234454206785,
      -0.04199567010202
    ],
    [
      0.25060873923772,
      -1.63281926278549,
      -0.70721319699049
    ],
    [
      2.78270932993287,
      1.44975642739555,
      0.18925564628246
    ],
    [
      1.63174239465303,
      -0.2217869149884,
      -0.28214611372993
    ],
    [
      -0.71721039979246,
      0.63428629997992,
      -0.12550401484343
    ],
    [
      0.5496040608525,
      2.48946005211566,
      0.89004307034383
    ],
    [
      -1.18330606369488,
      -2.56234622065793,
      -0.86098299807798
    ],
    [
      -2.6486265886103,
      -0.62709441541752,
      0.14293033670902
    ],
    [
      -0.61477051551964,
      0.32393216420233,
      0.68743406553888
    ]
  ],
  "energies": -4455.02963242846,
  "forces": [
    [
      0.0024703992525091753,
      -0.0010271894715862952,
      -0.0040611111759984156
    ],
    [
      7.789568989067279e-06,
      0.004611730082918078,
      0.001479882096555329
    ],
    [
      0.0019095368127147534,
      0.0029188965567125656,
      0.0035164849453554114
    ],
    [
      0.007820303084392119,
      -0.0017090555942884803,
      -0.0051012530435317295
    ],
    [
      -0.0007539084386959486,
      -0.0014041301926416582,
      0.0030631282558119706
    ],
    [
      0.0005716784545420994,
      -0.0005676526723316527,
      0.0008764391513080308
    ],
    [
      -0.00391532401079159,
      -0.0004211966088761143,
      -0.0012579906320090617
    ],
    [
      -0.0035232899360258967,
      0.0004011210225074539,
      0.00010542675607851359
    ],
    [
      0.0006369112033014059,
      -0.0007666977752682232,
      0.0011862775200888115
    ],
    [
      -0.0021708198946453483,
      -0.0014126855390538368,
      -0.0027827625990503005
    ],
    [
      -0.00266870994548356,
      -3.5477729591869497e-05,
      0.0005254634373872679
    ],
    [
      -0.0003845649166766673,
      -0.0005876612043248271,
      0.0024500159564910455
    ]
  ]
}