{
  "name": "system50",
  "subset": "prod",
  "atomic_number": [
    6,
    6,
    6,
    6,
    8,
    1,
    1,
    1,
    1,
    1,
    1,
    1,
    1,
    1,
    8,
    1
  ],
  "charge": [
    0,
    0,
    0,
    0,
    0,
    0,
    0,
    0,
    0,
    0,
    0,
    0,
    0,
    0,
    0,
    0
  ],
  "positition": [
    [
      1.24987616037264,
      -1.09365389684075,
      0.59697147348989
    ],
    [
      0.26576009883068,
      0.04147119193629,
      0.32808405763469
    ],
    [
      0.67229139450311,
      0.76696860831531,
      -0.96602708518245
    ],
    [
      -0.03285111219211,
      0.35173324020117,
      -2.238197749609
    ],
    [
      1.54696481428285,
      1.60352111339996,
      -0.93858435071348
    ],
    [
      1.00117362800107,
      -1.58593263722164,
      1.54889025173056
    ],
    [
      2.27575277562448,
      -0.70183402992227,
      0.64897563211176
    ],
    [
      1.19492838358055,
      -1.84786560243443,
      -0.20417184563973
    ],
    [
      -0.00522349709166,
      -0.74335849151254,
      -2.35534290868088
    ],
    [
      0.43928434779389,
      0.84633565481623,
      -3.09705104890389
    ],
    [
      -1.09949144750553,
      0.62534116405364,
      -2.19121865591853
    ],
    [
      -2.01208038254577,
      -1.17487013387709,
      2.40694956585117
    ],
    [
      0.34881310227374,
      0.78724789618852,
      1.14149686802745
    ],
    [
      -2.3597814477875,
      -1.22752644838763,
      3.08391842495278
    ],
    [
      -1.03614414862691,
      -0.51856845697638,
      0.26292492448802
    ],
    [
      -1.6842936695135,
      0.19639582826165,
      0.30989344636165
    ]
  ],
  "energies": -8393.757948313521,
  "forces": [
    [
      -0.002918469702133647,
      -0.0018279929842743466,
      0.0013158092442911284
    ],
    [
      -0.0009816426327712373,
      -0.002892251698428962,
      0.0035976040275216502
    ],
    [
      0.005140196723289633,
      0.0028888098137903277,
      0.0031846096497230047
    ],
    [
      -0.006952433471986785,
      0.003556562584536792,
      -0.005449270651621045
    ],
    [
      0.005902087409460036,
      -0.001440745995422374,
      -0.000431076176360007
    ],
    [
      0.0010810800550074542,
      0.0012993420472143411,
      0.0017378031523174805
    ],
    [
      0.0006116759267208867,
      0.002227982309929273,
      0.0014231027242491605
    ],
    [
      -0.003466998456292283,
      0.004381867735174183,
      -0.000762757507955348
    ],
    [
      0.00048434491272384106,
      0.001961503696606058,
      -0.002007641220705784
    ],
    [
      -0.0009940015152198976,
      -0.004613344787246787,
      0.0002858419012185384
    ],
    [
      -0.0002587294620788812,
      0.00020138583543052914,
      0.0006048416254721592
    ],
    [
      0.004264638431990861,
      -0.001116212948217415,
      -0.0011789195879309015
    ],
    [
      0.0005160661060485496,
      -0.0013678370119098678,
      -0.002106761780164589
    ],
    [
      -0.0005066325735745996,
      -0.001285710108650722,
      0.0017874606711757515
    ],
    [
      -0.0010144513513928425,
      0.0005440031494560699,
      -0.002436013213401637
    ],
    [
      -0.0009067354905757292,
      -0.002517361740831234,
      0.00043536683363803677
    ]
  ]
}