{
  "name": "system50",
  "subset": "sp",
  "atomic_number": [
    6,
    6,
    6,
    6,
    8,
    1,
    1,
    1,
    1,
    1,
    1,
    1,
    1,
    1,
    8,
    1
  ],
  "charge": [
    0,
    0,
    0,
    0,
    0,
    0,
    0,
    0,
    0,
    0,
    0,
    0,
    0,
    0,
    0,
    0
  ],
  "positition": [
    [
      1.55531693162154,
      0.41876467544588,
      0.00992971372211
    ],
    [
      0.13593300982448,
      0.83137970738795,
      -0.17807453443682
    ],
    [
      -0.8276067929292,
      -0.01287640181375,
      -0.9762125186244
    ],
    [
      -0.74496062055712,
      -1.52574886421983,
      -0.93146224575455
    ],
    [
      -1.63167874032276,
      0.55775673117864,
      -1.68175200162596
    ],
    [
      2.12870888682348,
      1.18203884648425,
      0.54884063736557
    ],
    [
      1.99945139302387,
      0.27993580000857,
      -0.9966431286496
    ],
    [
      1.66020808477504,
      -0.54212547797404,
      0.53337207924109
    ],
    [
      0.22475146605283,
      -1.90606775413946,
      -0.58159748029257
    ],
    [
      -0.96254071800431,
      -1.92369101837592,
      -1.93247530583689
    ],
    [
      -1.52334006231958,
      -1.88429001449256,
      -0.24095542509687
    ],
    [
      0.00340280706708,
      2.01839208637828,
      1.63410704365623
    ],
    [
      -0.05362540613131,
      1.88943938198566,
      -0.3508872243157
    ],
    [
      -0.5742906792848,
      1.09034302441469,
      1.73121519883885
    ],
    [
      -0.98555572175633,
      0.07533627489785,
      1.47130098645438
    ],
    [
      -0.40417383788291,
      -0.54858699716619,
      1.94129420535512
    ]
  ],
  "energies": -8389.946524666175,
  "forces": [
    [
      0.0032407046457382654,
      -0.00626526311164215,
      0.008185663298828371
    ],
    [
      -0.0019524941390752692,
      0.006237038824567861,
      -0.0016531369759633398
    ],
    [
      -0.004429565044834965,
      8.209111350045092e-05,
      -0.000646563125294289
    ],
    [
      0.003403637779307473,
      -0.0005682072079031564,
      -0.0021190235263285158
    ],
    [
      -0.0019242183785118238,
      0.0027534874506129517,
      -0.0037663370560379926
    ],
    [
      -0.003583825484644756,
      0.0024845407837576616,
      0.002461245610346399
    ],
    [
      -0.0005516587125382993,
      -0.0017645273034285376,
      -0.001759064428709113
    ],
    [
      7.942014849163718e-05,
      0.0006140196416947367,
      0.0015096601013867552
    ],
    [
      0.0036725381663023807,
      0.0007390106431067627,
      0.002379581454269
    ],
    [
      -0.0023401947219810464,
      1.3778285766558836e-05,
      -0.0030502617861390604
    ],
    [
      -0.0016617140739098978,
      -0.0028348907425440003,
      -0.000478407103792769
    ],
    [
      0.006917568642012566,
      0.0009149663123224998,
      0.00034774625384127934
    ],
    [
      -0.005031576656844799,
      -0.004238459303368896,
      -0.001971802816735342
    ],
    [
      -0.00268132280152158,
      -0.00390896202122909,
      -0.003490169342567388
    ],
    [
      0.00534680657793795,
      0.008368911028534074,
      0.0029572481627899876
    ],
    [
      0.0014959018702263617,
      -0.002627536296364212,
      0.001093627810708538
    ]
  ]
}