{
  "name": "system51",
  "subset": "prod",
  "atomic_number": [
    6,
    8,
    6,
    8,
    1,
    1,
    1,
    1,
    1,
    1
  ],
  "charge": [
    0,
    0,
    0,
    0,
    0,
    0,
    0,
    0,
    0,
    0
  ],
  "positition": [
    [
      0.765101686317,
      0.38992754903893,
      -0.14897370246027
    ],
    [
      -0.54292334968083,
      0.65685634392411,
      0.25858145047369
    ],
    [
      -1.49247266212055,
      -0.27976946693011,
      -0.20344451249438
    ],
    [
      1.3005138463969,
      -0.77525493400034,
      0.41086721018227
    ],
    [
      1.34528079479887,
      1.28997876662516,
      0.12737771107328
    ],
    [
      0.81977853006174,
      0.24315162094627,
      -1.24568253675555
    ],
    [
      -2.47347406606028,
      0.01757713160299,
      0.19384903783135
    ],
    [
      -1.54448207751581,
      -0.28973991779624,
      -1.31086072206157
    ],
    [
      1.32837971513073,
      -0.65182380114026,
      1.37065013856298
    ],
    [
      -1.25804041732777,
      -1.30295029227051,
      0.1387149256482
    ]
  ],
  "energies": -6257.5460807687,
  "forces": [
    [
      0.0009385755202974838,
      0.0036636111926113394,
      -0.003930328352903787
    ],
    [
      -0.0003794162822092329,
      0.007341437450027104,
      0.0008685430357959519
    ],
    [
      -0.005759328849738639,
      -0.006455098419518681,
      0.004472047694094168
    ],
    [
      -0.004839820580496237,
      -0.007926849041760858,
      -0.0008620084223542278
    ],
    [
      -0.001549976133271168,
      0.001361567479223995,
      -0.00044007946039861096
    ],
    [
      0.003225635357555333,
      0.0005420023168255791,
      0.002013102501341129
    ],
    [
      0.0002818574109279654,
      0.002538334230894087,
      -0.002678179936203077
    ],
    [
      -0.0007039381194035662,
      0.0005645623603657162,
      0.0015364215334964528
    ],
    [
      0.0009681330787272935,
      0.0006690893331142805,
      0.0011263294685864608
    ],
    [
      0.007818278134812165,
      -0.002298655873341223,
      -0.0021058474958117208
    ]
  ]
}