{
  "name": "system51",
  "subset": "sp",
  "atomic_number": [
    6,
    8,
    6,
    8,
    1,
    1,
    1,
    1,
    1,
    1
  ],
  "charge": [
    0,
    0,
    0,
    0,
    0,
    0,
    0,
    0,
    0,
    0
  ],
  "positition": [
    [
      1.1473012913982,
      -0.44224979007645,
      -0.10165663249395
    ],
    [
      1.05879044607176,
      0.74159725607401,
      0.42411825061759
    ],
    [
      -1.05652359100703,
      0.78044353839428,
      -0.09652760958842
    ],
    [
      -0.23596222104257,
      -1.05167044592045,
      0.02984172861404
    ],
    [
      1.82533657276272,
      -1.16834797207172,
      0.41318142228
    ],
    [
      1.30572667868849,
      -0.52959172107562,
      -1.20736679379364
    ],
    [
      -0.9767847473594,
      1.46766777618656,
      0.7433279143047
    ],
    [
      -0.73263187151803,
      1.17864166135225,
      -1.05736098397551
    ],
    [
      -0.35802152994947,
      -1.16932800802295,
      0.98860472704735
    ],
    [
      -1.97723102804468,
      0.19283770516007,
      -0.13616202301215
    ]
  ],
  "energies": -6254.074997650095,
  "forces": [
    [
      -0.0048003868484389626,
      0.0015637280395173095,
      -8.108462938128896e-05
    ],
    [
      0.004627406768557484,
      -0.00320613775522077,
      -0.007581075184146968
    ],
    [
      -2.2514637854896043e-06,
      -0.004123897571337959,
      0.0024902385544795552
    ],
    [
      0.0038446413456737667,
      0.0013480713463395618,
      -0.003276814198268476
    ],
    [
      -0.0010355287424725595,
      0.001029289343118002,
      -0.00030562633584333245
    ],
    [
      0.0012124253840939856,
      0.0014918084679976912,
      0.005177053592720868
    ],
    [
      -0.0017600443276195893,
      -0.002527028678067708,
      9.416038686725765e-05
    ],
    [
      0.0021139358270105837,
      0.0033353675804671987,
      -0.0006032755664189187
    ],
    [
      -0.002304387274094993,
      2.1643805148718756e-05,
      0.002781655430523775
    ],
    [
      -0.0018958085606194737,
      0.0010671517710711925,
      0.0013047692864412719
    ]
  ]
}