{
  "name": "system52",
  "subset": "prod",
  "atomic_number": [
    6,
    8,
    6,
    8,
    1,
    1,
    1,
    1,
    1,
    1
  ],
  "charge": [
    0,
    0,
    0,
    0,
    0,
    0,
    0,
    0,
    0,
    0
  ],
  "positition": [
    [
      -0.09069811082582,
      -0.93304231276448,
      0.11011672489308
    ],
    [
      -1.28532576040033,
      -0.43482035127552,
      -0.41982207688599
    ],
    [
      1.1414404949638,
      1.07472471869136,
      0.18406160827967
    ],
    [
      1.05430047116647,
      -0.24204044363031,
      -0.29630786270483
    ],
    [
      -0.13598427948658,
      -0.95826149797141,
      1.22345141961349
    ],
    [
      0.02947224756367,
      -1.95733777592191,
      -0.27175664848431
    ],
    [
      1.05856548902215,
      1.11497728758676,
      1.29129789038649
    ],
    [
      2.12379739542611,
      1.47481036848596,
      -0.10529320206375
    ],
    [
      -1.59390475906751,
      0.29795778956619,
      0.12782023447765
    ],
    [
      0.36190481163805,
      1.73162321723338,
      -0.2477420875115
    ]
  ],
  "energies": -6257.443277712955,
  "forces": [
    [
      0.0012832043113214027,
      0.0035249248492269713,
      -0.004251515314781102
    ],
    [
      -0.002663543467558845,
      -0.005461681933156071,
      -0.0009235171850148417
    ],
    [
      0.008733197395943276,
      0.005908937394439226,
      0.00024696388744031085
    ],
    [
      -0.0062342044402298345,
      -0.01085637479685136,
      0.0025722678072332963
    ],
    [
      -0.0005328212152789763,
      0.0028995490553918386,
      -0.0003655968587890017
    ],
    [
      0.003186846098264904,
      -0.0021759413782613587,
      -0.0022404991609680357
    ],
    [
      0.0003620846801846548,
      0.004626845291006923,
      -0.0009821045571999111
    ],
    [
      0.00010785542030719698,
      -0.0013329326897881244,
      0.0011772581923652752
    ],
    [
      -0.00139626446757123,
      0.0027346539128527947,
      0.001720602522297782
    ],
    [
      -0.002846353184097072,
      0.00013202168353497218,
      0.0030461442669609245
    ]
  ]
}