{
  "name": "system52",
  "subset": "sp",
  "atomic_number": [
    6,
    8,
    6,
    8,
    1,
    1,
    1,
    1,
    1,
    1
  ],
  "charge": [
    0,
    0,
    0,
    0,
    0,
    0,
    0,
    0,
    0,
    0
  ],
  "positition": [
    [
      1.24095990591836,
      -0.55418617839335,
      0.04195777804039
    ],
    [
      1.25085461537005,
      -0.76564294124569,
      1.31981418532617
    ],
    [
      -1.11442918433374,
      0.6528115364498,
      -0.28397020109058
    ],
    [
      -0.44555392074603,
      -0.57861599966402,
      -0.04451475041756
    ],
    [
      1.50353073831095,
      0.45208629751977,
      -0.36453974327124
    ],
    [
      1.51304377743916,
      -1.36715537621648,
      -0.66655598650607
    ],
    [
      -0.65650022054256,
      1.47908059191538,
      0.29030842742179
    ],
    [
      -1.08029593810225,
      0.88904325401008,
      -1.35851462894422
    ],
    [
      -0.04398377053174,
      -0.75105443222268,
      1.04872359782957
    ],
    [
      -2.16762600278221,
      0.5436332478472,
      0.01729132161178
    ]
  ],
  "energies": -6255.535232144421,
  "forces": [
    [
      -0.005255191274859268,
      0.01293736507111981,
      0.005044415255757347
    ],
    [
      0.00199214867748863,
      -0.002939799832673114,
      -0.00591448120749225
    ],
    [
      -0.0018589402240672763,
      0.0019259413777138247,
      -0.0012567506402832418
    ],
    [
      -0.003981895738755866,
      -0.018729875963687134,
      0.0016816524147814935
    ],
    [
      0.0023398300881033083,
      0.0038135959925768275,
      0.0008515214059917952
    ],
    [
      0.00398918625658382,
      -0.006388283825131536,
      5.687681712330465e-05
    ],
    [
      0.004025346922648719,
      0.003594903803356662,
      -0.0019386430910837773
    ],
    [
      -0.0003484005996450057,
      0.0015925785959466923,
      0.0021439965503668736
    ],
    [
      -0.002035446212245016,
      0.0019287687686507272,
      -0.0008248794787660159
    ],
    [
      0.0011333623104362246,
      0.00226480806900992,
      0.00015628960818938527
    ]
  ]
}