{
  "name": "system53",
  "subset": "prod",
  "atomic_number": [
    6,
    8,
    6,
    8,
    1,
    1,
    1,
    1,
    1,
    1
  ],
  "charge": [
    0,
    0,
    0,
    0,
    0,
    0,
    0,
    0,
    0,
    0
  ],
  "positition": [
    [
      1.67568958109957,
      -0.49782418006203,
      -0.00334657655769
    ],
    [
      0.78332839080375,
      0.51177954167064,
      0.39387557368941
    ],
    [
      -2.10476938977913,
      -0.35786992017883,
      -0.00315008641502
    ],
    [
      -1.62300772753166,
      0.12017336460305,
      -1.00099726303738
    ],
    [
      2.41273893516273,
      -0.64307383746308,
      0.80302491064711
    ],
    [
      1.17958160941221,
      -1.47523831425594,
      -0.17956095580705
    ],
    [
      2.23945794009541,
      -0.24241458672548,
      -0.92377545279219
    ],
    [
      -3.14456603167423,
      -0.76591068971223,
      0.00712279625765
    ],
    [
      0.11998816337171,
      0.61436980003486,
      -0.30933030514952
    ],
    [
      -1.52783847096035,
      -0.40954517791093,
      0.94949835916466
    ]
  ],
  "energies": -6257.019761186722,
  "forces": [
    [
      0.0017445412943007488,
      -0.002215148647535167,
      -0.0018170764908075746
    ],
    [
      -0.005121731727484312,
      0.001258302301157697,
      0.003027941420853632
    ],
    [
      0.015983847900970457,
      0.007506745563186952,
      0.004297333507844196
    ],
    [
      -0.009918711658290263,
      -0.0020175222794296226,
      -0.006869593498923295
    ],
    [
      -0.001277616018180345,
      -0.004252205758875927,
      0.0014544581009885876
    ],
    [
      0.0001601047141909622,
      -0.0005410276629659462,
      0.001812343295220164
    ],
    [
      0.0016207328975876695,
      0.0028149008767611797,
      4.841001951065574e-05
    ],
    [
      -0.004697818593647943,
      -0.0022003074162197807,
      0.0007326166690185312
    ],
    [
      0.0032794418658967997,
      0.004400190034743326,
      -0.0043543280815011385
    ],
    [
      -0.001772794891953278,
      -0.004753930918899813,
      0.0016678984516526683
    ]
  ]
}