{
  "name": "system53",
  "subset": "react",
  "atomic_number": [
    6,
    8,
    6,
    8,
    1,
    1,
    1,
    1,
    1,
    1
  ],
  "charge": [
    0,
    0,
    0,
    0,
    0,
    0,
    0,
    0,
    0,
    0
  ],
  "positition": [
    [
      1.79963900415232,
      -0.5158765756471,
      0.22826842330316
    ],
    [
      1.17898069352929,
      -0.50887675312107,
      1.26334518092648
    ],
    [
      -1.74240558881911,
      0.63227682172289,
      -0.29148275960642
    ],
    [
      -1.20291601749182,
      -0.66341323464817,
      -0.22940581628069
    ],
    [
      2.91327996676335,
      -0.42496624117495,
      0.21280770853119
    ],
    [
      1.28360453272434,
      -0.613983355663,
      -0.75516336697496
    ],
    [
      -0.96985422277761,
      1.42347001279988,
      -0.39195318158148
    ],
    [
      -2.39171513495933,
      0.69213930466347,
      -1.17998970881522
    ],
    [
      -0.62254960276773,
      -0.70685014621982,
      0.54934649994336
    ],
    [
      -2.3650336303537,
      0.88708016728785,
      0.59047202055459
    ]
  ],
  "energies": -6257.019529496274,
  "forces": [
    [
      -0.0056321580154805794,
      -0.0010127901615154845,
      0.007915407631833226
    ],
    [
      0.006120381643302988,
      0.003425061600853178,
      -0.013933021142770412
    ],
    [
      -0.007794764983258503,
      0.001973238880802978,
      0.000624964057343939
    ],
    [
      0.010559557986697835,
      -0.0031862814325461833,
      0.005285127453969066
    ],
    [
      -0.004790902613806863,
      -0.0017459557096781398,
      0.0012536051010172502
    ],
    [
      -0.0007219271525558963,
      -0.0004815972259909283,
      0.0004131025184057371
    ],
    [
      -0.0010073755206949913,
      -0.0015267838554161538,
      0.003852101916277589
    ],
    [
      0.0032123156023610203,
      0.0028376865089096426,
      -9.276386636921436e-06
    ],
    [
      -0.002351358401324323,
      0.002489199263081589,
      -0.001067301357864359
    ],
    [
      0.002406235465680546,
      -0.0027717761715722847,
      -0.004334713596808078
    ]
  ]
}