{
  "name": "system53",
  "subset": "sp",
  "atomic_number": [
    6,
    8,
    6,
    8,
    1,
    1,
    1,
    1,
    1,
    1
  ],
  "charge": [
    0,
    0,
    0,
    0,
    0,
    0,
    0,
    0,
    0,
    0
  ],
  "positition": [
    [
      1.26229167131091,
      -0.18660517863954,
      -0.02013972029871
    ],
    [
      0.85757844771684,
      -1.20940891917919,
      0.64910133332534
    ],
    [
      -1.18715938419295,
      0.44507921979558,
      -0.1459097079554
    ],
    [
      -1.3923833943046,
      -0.62934903500846,
      0.53349495409844
    ],
    [
      1.79045629923914,
      0.63173874208417,
      0.51544966817495
    ],
    [
      1.61819881350395,
      -0.33265998504512,
      -1.06282102083608
    ],
    [
      0.14894639475032,
      0.5130561161041,
      -0.32552459574265
    ],
    [
      -1.46662719133934,
      0.46297754290099,
      -1.22135739912438
    ],
    [
      -0.32673468710454,
      -1.12453386194038,
      0.72145544838297
    ],
    [
      -1.30456696957973,
      1.42970535892786,
      0.35625103997554
    ]
  ],
  "energies": -6255.7851279366005,
  "forces": [
    [
      0.0053661508910905166,
      0.008309241324680883,
      0.004341954183808888
    ],
    [
      -0.004889576624035053,
      -0.006219533981599256,
      0.004276096914044767
    ],
    [
      -0.0008638339057359399,
      0.0016192462342060167,
      0.0030245980608955433
    ],
    [
      0.0021404166489001684,
      0.002540618450536313,
      -0.0009512321879366651
    ],
    [
      -5.220964747003845e-05,
      -0.003321125621921685,
      -0.0009731144372104824
    ],
    [
      0.0011604035300129614,
      -0.00031015404885064926,
      -0.0022384005749880058
    ],
    [
      0.0011525078258774195,
      0.0016474053180992336,
      -0.005973852354823912
    ],
    [
      -0.003897869869981136,
      -0.00020617369267525676,
      -0.0042464484414003415
    ],
    [
      -0.0017900626791925967,
      -0.0001451973026752306,
      0.0012485813193287114
    ],
    [
      0.0016740779957211327,
      -0.003914318246581367,
      0.0014918129417175279
    ]
  ]
}