{
  "name": "system54",
  "subset": "prod",
  "atomic_number": [
    6,
    8,
    6,
    8,
    1,
    1,
    1,
    1,
    1,
    1
  ],
  "charge": [
    0,
    0,
    0,
    0,
    0,
    0,
    0,
    0,
    0,
    0
  ],
  "positition": [
    [
      1.61703804234683,
      -0.79297512621846,
      0.11467089390483
    ],
    [
      1.21426840893225,
      0.44447077926568,
      -0.41470480318378
    ],
    [
      -1.72690216536361,
      0.94025949334155,
      0.14814260677492
    ],
    [
      -1.55231168917279,
      0.30092346278059,
      -0.86048193459161
    ],
    [
      2.50651520751999,
      -0.6253678568174,
      0.74359145235146
    ],
    [
      1.89848336533533,
      -1.52894385213138,
      -0.66599056494425
    ],
    [
      0.39200313636249,
      0.30122171236198,
      -0.91283217341996
    ],
    [
      -2.7534982728671,
      1.17194622467335,
      0.52300713788446
    ],
    [
      0.84359047319463,
      -1.26723101056251,
      0.75422162063253
    ],
    [
      -0.86806950628801,
      1.32454017330662,
      0.74558376459143
    ]
  ],
  "energies": -6257.020006360303,
  "forces": [
    [
      0.003542483428255687,
      0.0002484773417189179,
      0.005386771345682068
    ],
    [
      0.005442327592700422,
      0.009863168318210748,
      0.005109188085548596
    ],
    [
      -0.00010734557051199487,
      -0.011031066305969745,
      -0.013653188681422403
    ],
    [
      -0.010431228407579958,
      0.005374165328778971,
      0.0021613308263389404
    ],
    [
      -0.001415295414646947,
      -0.0010498071078415734,
      -0.0024268966979713
    ],
    [
      -0.000674256222415532,
      -0.0015290628814296037,
      -0.0030561224619694966
    ],
    [
      -0.0012585411052372653,
      -0.00918026799489524,
      0.0016791313450982485
    ],
    [
      -0.0029392323901627705,
      0.0028500469340203157,
      0.0024013040380245015
    ],
    [
      -0.0006556198368606,
      0.002147174845489602,
      -0.0007525362922577061
    ],
    [
      0.008496704326914264,
      0.002307171264807272,
      0.003151024406466266
    ]
  ]
}