{
  "name": "system54",
  "subset": "sp",
  "atomic_number": [
    6,
    8,
    6,
    8,
    1,
    1,
    1,
    1,
    1,
    1
  ],
  "charge": [
    0,
    0,
    0,
    0,
    0,
    0,
    0,
    0,
    0,
    0
  ],
  "positition": [
    [
      1.3694593426771,
      -0.36925655140427,
      0.06583261455612
    ],
    [
      1.02237333745506,
      0.87485796731781,
      0.21677466024945
    ],
    [
      -1.36945967985695,
      0.36925651966923,
      -0.06583105281537
    ],
    [
      -1.0223728243205,
      -0.87485612542559,
      -0.21678661008224
    ],
    [
      1.6950981676595,
      -0.92516773528634,
      0.96662390721566
    ],
    [
      1.86118194631795,
      -0.65296315575598,
      -0.88472527050785
    ],
    [
      -0.15166484977901,
      0.96591336917102,
      0.13069011871858
    ],
    [
      -1.69509270241177,
      0.92517900768009,
      -0.9666171194337
    ],
    [
      0.15166576313003,
      -0.96591523881548,
      -0.13068792716643
    ],
    [
      -1.86118850087141,
      0.65295194284951,
      0.88472667926577
    ]
  ],
  "energies": -6254.933036363638,
  "forces": [
    [
      0.011392282724551577,
      -0.0016021870662928839,
      0.006840497710655959
    ],
    [
      -0.0010599140122840734,
      1.0115183395301357e-05,
      0.005763777064230233
    ],
    [
      -0.011395685271308888,
      0.0015757964901310427,
      -0.00687603812374761
    ],
    [
      0.001057059161963344,
      -7.552461837713073e-06,
      -0.005737016917672213
    ],
    [
      -0.0022252817772318825,
      0.006250195777497766,
      -0.002974002757799743
    ],
    [
      -0.0026264163751650482,
      -0.0007644619437911291,
      -0.0042535048859789005
    ],
    [
      0.00018576319438363606,
      -0.0012059279488067678,
      -0.0030209691027768336
    ],
    [
      0.002213641106794275,
      -0.006251184263893446,
      0.002965290574082939
    ],
    [
      -0.00017963255270097477,
      0.0012178448585887854,
      0.0030246982310822355
    ],
    [
      0.002638183852420101,
      0.0007773614264311116,
      0.004267268207923935
    ]
  ]
}