{
  "name": "system55",
  "subset": "prod",
  "atomic_number": [
    6,
    8,
    6,
    8,
    1,
    1,
    1,
    1,
    1,
    1
  ],
  "charge": [
    0,
    0,
    0,
    0,
    0,
    0,
    0,
    0,
    0,
    0
  ],
  "positition": [
    [
      1.87593075617552,
      0.56502507062822,
      -0.16834058599236
    ],
    [
      2.89306509204054,
      0.76640528388123,
      0.27731776595197
    ],
    [
      -1.75854104996041,
      0.1757192072553,
      0.11675696993841
    ],
    [
      -0.98545616231706,
      -0.60751769657923,
      -0.76139186750969
    ],
    [
      0.58271597544618,
      -2.51965038238026,
      1.11592939767504
    ],
    [
      -0.11736834137165,
      -0.18863361759004,
      -0.84694957830951
    ],
    [
      -1.91648039486455,
      1.20852542716105,
      -0.25356569997899
    ],
    [
      -2.74816344097098,
      -0.29807588728415,
      0.20999485772458
    ],
    [
      0.15277708963748,
      -2.14288926598776,
      0.60854317845377
    ],
    [
      -1.32437952381509,
      0.24157786089566,
      1.13509656204677
    ]
  ],
  "energies": -6256.440276209074,
  "forces": [
    [
      -0.004196750659063539,
      0.0005297939467672927,
      0.00019067729280307073
    ],
    [
      -0.002144037739442613,
      -0.0024404758774940844,
      0.0017800996022717492
    ],
    [
      0.006797851950599944,
      -0.0017619516235100425,
      -0.003200958267513081
    ],
    [
      -0.01100756457011498,
      0.005158051853379258,
      -0.002790481462697118
    ],
    [
      0.00021335133906594727,
      0.000727587539435015,
      -0.0006186128149934595
    ],
    [
      0.00595839513856685,
      -0.0031924228728629333,
      0.0009347063182813277
    ],
    [
      -0.0023841910312071253,
      0.001605613987109995,
      0.00018211932386547042
    ],
    [
      -0.0014520510854501493,
      -0.0017662550334607105,
      6.649747449939686e-05
    ],
    [
      0.004569940294590852,
      -0.0002476341740848353,
      0.002158357036777031
    ],
    [
      0.0036450552311693375,
      0.0013876941573375279,
      0.0012975955995497472
    ]
  ]
}