{
  "name": "system55",
  "subset": "sp",
  "atomic_number": [
    6,
    8,
    6,
    8,
    1,
    1,
    1,
    1,
    1,
    1
  ],
  "charge": [
    0,
    0,
    0,
    0,
    0,
    0,
    0,
    0,
    0,
    0
  ],
  "positition": [
    [
      1.85513599748509,
      -0.13641957376851,
      0.35442709472385
    ],
    [
      2.84761406715236,
      -0.03405675785472,
      0.9396009996393
    ],
    [
      -1.29733102774057,
      0.52402949727596,
      -0.33941561699668
    ],
    [
      -0.32232393107552,
      -0.42421768309308,
      -0.7578415880684
    ],
    [
      0.82245377020505,
      -1.21356899442577,
      0.93528004994636
    ],
    [
      0.76045629829952,
      0.0003238290095,
      -0.56873906087435
    ],
    [
      -1.0013442602445,
      1.53724940211185,
      -0.65925671721108
    ],
    [
      -2.26379526727876,
      0.27375256676566,
      -0.80099394651899
    ],
    [
      0.01133055113212,
      -1.04947465945126,
      0.13762103212541
    ],
    [
      -1.41219619793478,
      0.52238237343039,
      0.75931775323459
    ]
  ],
  "energies": -6254.168945355291,
  "forces": [
    [
      0.01040631498171736,
      0.005726289863100602,
      0.0019279919354831916
    ],
    [
      -0.0015152411440163536,
      -0.0019453428207829287,
      -0.002372023541692176
    ],
    [
      0.0026750637589373935,
      0.002029084634059052,
      -0.0029725620143240023
    ],
    [
      0.009824364352209132,
      0.0014986243601464002,
      0.007150042819388122
    ],
    [
      -0.008431090694904018,
      -0.004252042956611517,
      0.0028071982110654953
    ],
    [
      -0.006214159964211764,
      0.0002350663123555193,
      -0.004621414760767698
    ],
    [
      0.001184023279511699,
      0.002364148869182074,
      0.001489482750747323
    ],
    [
      -0.006612860241488865,
      -0.005258436367247148,
      0.0003093970646010103
    ],
    [
      -0.0037195824157111143,
      0.0018038743378806976,
      -0.0012602556197981961
    ],
    [
      0.0024031644884118354,
      -0.002201266334926884,
      -0.002457857101813405
    ]
  ]
}