{
  "name": "system56",
  "subset": "prod",
  "atomic_number": [
    6,
    8,
    6,
    8,
    1,
    1,
    1,
    1,
    1,
    1
  ],
  "charge": [
    0,
    0,
    0,
    0,
    0,
    0,
    0,
    0,
    0,
    0
  ],
  "positition": [
    [
      0.61957956534516,
      -0.37693829367339,
      0.5407327191526
    ],
    [
      1.3331615570637,
      0.73270308487799,
      0.01240788492704
    ],
    [
      -0.68351375506293,
      -0.57497735675793,
      -0.22278139862986
    ],
    [
      -1.43315575698935,
      0.61289834009779,
      -0.24372875322675
    ],
    [
      1.22660636598254,
      -1.30373697771927,
      0.53717910073339
    ],
    [
      0.39784803308855,
      -0.12128106765154,
      1.5892807928028
    ],
    [
      1.67801164605234,
      0.48167214017105,
      -0.8559174164729
    ],
    [
      -1.29130916122693,
      -1.36324724538461,
      0.25430395566953
    ],
    [
      -0.78577959392928,
      1.32430206281985,
      -0.37224928198881
    ],
    [
      -0.44737290032379,
      -0.93161868677997,
      -1.25247860296703
    ]
  ],
  "energies": -6257.601713169499,
  "forces": [
    [
      0.0022735072943658174,
      -0.003708526414176325,
      -0.0007935751127171427
    ],
    [
      -0.00017590075044808442,
      0.003940854398615142,
      -0.00461434895737293
    ],
    [
      -0.005740945100799322,
      0.0009161940141742851,
      -0.0018587638977992235
    ],
    [
      -0.004090476981540045,
      -0.004498541937143263,
      0.0074823093341069525
    ],
    [
      -0.003955634694781026,
      0.00026648452686093074,
      0.00031756705404241295
    ],
    [
      -0.003633641949112404,
      0.0015206904433100658,
      0.0008179579656915031
    ],
    [
      0.005217746599779121,
      0.0016655633755860897,
      0.0006763292516282176
    ],
    [
      0.0022904748795774623,
      0.0022585680525905568,
      -0.001847393810278646
    ],
    [
      0.005467636299992746,
      -0.0014564580594439377,
      -0.0009462893960037939
    ],
    [
      0.0023472378482442286,
      -0.0009048313314313686,
      0.0007662052032875635
    ]
  ]
}