{
  "name": "system56",
  "subset": "sp",
  "atomic_number": [
    6,
    8,
    6,
    8,
    1,
    1,
    1,
    1,
    1,
    1
  ],
  "charge": [
    0,
    0,
    0,
    0,
    0,
    0,
    0,
    0,
    0,
    0
  ],
  "positition": [
    [
      1.18125971966678,
      -0.05709625862181,
      -0.01097925877305
    ],
    [
      1.45684999758818,
      0.06950701596507,
      1.28215332729545
    ],
    [
      -0.73635277590673,
      0.29631778919767,
      -0.27422299764215
    ],
    [
      -1.46975022792721,
      -0.87637911116133,
      -0.2362693298731
    ],
    [
      1.59611317178726,
      0.68844309282303,
      -0.73158246018238
    ],
    [
      1.10361967225358,
      -1.06833198899122,
      -0.47414227612204
    ],
    [
      0.24774988339482,
      0.3279790402555,
      0.74769762742766
    ],
    [
      -0.63109206100469,
      0.64145738754521,
      -1.31073241506436
    ],
    [
      -1.58167707088696,
      -1.15686062201207,
      0.68279161584915
    ],
    [
      -1.16672030896503,
      1.13496365499994,
      0.32528616708482
    ]
  ],
  "energies": -6253.501770934545,
  "forces": [
    [
      -0.0018840051393395252,
      -0.005250709121803395,
      0.004779795653003587
    ],
    [
      -0.00983588094119885,
      0.00354111878943924,
      -0.0011085898838815867
    ],
    [
      0.004498431328276951,
      -0.0029884460851599837,
      0.004846638632371765
    ],
    [
      -0.0008498644327239387,
      0.0006631304925577685,
      3.794434330606567e-06
    ],
    [
      0.0026982403016398786,
      0.0030476556643568476,
      -0.0026345530431069763
    ],
    [
      -0.00218893614599166,
      -0.00022838334625023912,
      -0.0030600564043681195
    ],
    [
      -0.0006617659051633884,
      0.0007368990987658264,
      -0.00401861762526099
    ],
    [
      0.002000778843008425,
      0.0014932427322929787,
      0.0007651286823130242
    ],
    [
      0.00406228817569205,
      -0.00011792005581054841,
      0.0009193542087293975
    ],
    [
      0.002160712167449775,
      -0.0008965870371030203,
      -0.0004928962482147867
    ]
  ]
}