{
  "name": "system57",
  "subset": "prod",
  "atomic_number": [
    6,
    6,
    7,
    6,
    1,
    1,
    1,
    1,
    1,
    1,
    1
  ],
  "charge": [
    0,
    0,
    0,
    0,
    0,
    0,
    0,
    0,
    0,
    0,
    0
  ],
  "positition": [
    [
      1.92784594838914,
      -0.15004860384095,
      -0.13040424061709
    ],
    [
      0.6807543520486,
      0.32605630612406,
      0.03785816407532
    ],
    [
      -0.48459893346867,
      -0.40706159964986,
      0.14888655396428
    ],
    [
      -1.75983102486192,
      0.16860934558512,
      -0.21600123497574
    ],
    [
      0.52211118741361,
      1.40702998738294,
      0.14456291863991
    ],
    [
      2.78079773163525,
      0.52960216717395,
      -0.12764045095541
    ],
    [
      -0.38594690879185,
      -1.39687056909376,
      -0.05569442537626
    ],
    [
      2.12875973197858,
      -1.21976443307921,
      -0.24715930403968
    ],
    [
      -2.58035947826083,
      -0.44687286764441,
      0.18502396797945
    ],
    [
      -1.85460500253158,
      1.17145598265224,
      0.23154092644465
    ],
    [
      -1.91422860355035,
      0.27657328438991,
      -1.31020687513943
    ]
  ],
  "energies": -4708.221370625641,
  "forces": [
    [
      -0.001987129318097861,
      -0.0018082235648931432,
      -0.0011560945150569804
    ],
    [
      0.0006677208890648686,
      0.0036690186857645077,
      -0.0013782325998370137
    ],
    [
      -0.00023175411417008723,
      -0.0006837187055132539,
      0.0005976657274317498
    ],
    [
      0.006265699222193144,
      0.00021488433373004868,
      0.006154904259420719
    ],
    [
      -0.00047689663199405326,
      -0.003583328644632528,
      -0.0002807625322754749
    ],
    [
      -0.0018003139767994868,
      -0.0010228164875788538,
      0.0003262713187608857
    ],
    [
      0.0007661936333224682,
      5.9544336853623335e-05,
      0.003368542064252018
    ],
    [
      0.00020689576134134123,
      0.0023385340977464266,
      -0.0009627750021805997
    ],
    [
      -0.0017845096615895627,
      -0.0015504609919417642,
      -0.006464099595252534
    ],
    [
      -0.0001413018754048583,
      0.0021135291298819653,
      -0.0013259713246116165
    ],
    [
      -0.0014846039792879794,
      0.00025303796484917263,
      0.0011205518908164428
    ]
  ]
}