{
  "name": "system57",
  "subset": "sp",
  "atomic_number": [
    6,
    6,
    7,
    6,
    1,
    1,
    1,
    1,
    1,
    1,
    1
  ],
  "charge": [
    0,
    0,
    0,
    0,
    0,
    0,
    0,
    0,
    0,
    0,
    0
  ],
  "positition": [
    [
      -1.83553548860409,
      0.04596989146944,
      -0.35441754661091
    ],
    [
      -0.58542661152507,
      0.61856304847264,
      0.05503275917095
    ],
    [
      0.37773066208769,
      -0.16435195450784,
      -0.37443952166171
    ],
    [
      1.70160634063573,
      -0.26336999360286,
      0.2116859229007
    ],
    [
      -0.37346675226363,
      1.54800639692495,
      0.6105552486181
    ],
    [
      -2.69411982148379,
      0.68735297473544,
      -0.59425834278327
    ],
    [
      -0.64610970231106,
      -0.76587432212642,
      -0.93315368673772
    ],
    [
      -2.11661641591592,
      -0.8179892425341,
      0.26691597289678
    ],
    [
      1.75853763457753,
      -1.11484025270207,
      0.91258546487444
    ],
    [
      2.45549574169761,
      -0.42523089285081,
      -0.57485565436939
    ],
    [
      1.957904413105,
      0.65176434672162,
      0.77434938370205
    ]
  ],
  "energies": -4705.592754547295,
  "forces": [
    [
      0.00017209016958841142,
      0.0009003868707506713,
      0.0003202272718392048
    ],
    [
      -0.005644528262206067,
      -0.002929982228780065,
      -0.001105891716599282
    ],
    [
      0.001135833654980593,
      -0.0036515867592870365,
      -0.002842410654213245
    ],
    [
      0.0018409106703260792,
      0.0002754370058972493,
      0.0017887480226253614
    ],
    [
      0.002650841342812356,
      0.0025332005088261086,
      0.0012009950813328448
    ],
    [
      0.001116477206220193,
      -0.001783550280083856,
      0.0005767490817337576
    ],
    [
      0.0023786437214535386,
      0.0014964707525545837,
      0.0005040790565670206
    ],
    [
      -0.0030953786336291073,
      0.0016692060119746454,
      0.0006235318499313349
    ],
    [
      -0.002072673886202041,
      0.0007850317476465962,
      -0.0033797639019531736
    ],
    [
      7.972297304473302e-05,
      0.00045579131873190604,
      0.0020166615768706622
    ],
    [
      0.001438059552371366,
      0.0002495959259443371,
      0.00029707582310546025
    ]
  ]
}