{
  "name": "system58",
  "subset": "prod",
  "atomic_number": [
    6,
    6,
    7,
    6,
    1,
    1,
    1,
    1,
    1,
    1,
    1
  ],
  "charge": [
    0,
    0,
    0,
    0,
    0,
    0,
    0,
    0,
    0,
    0,
    0
  ],
  "positition": [
    [
      1.45654666016659,
      0.01610070342542,
      -0.22329294209955
    ],
    [
      0.13494144270535,
      0.26798315275111,
      0.46177363060424
    ],
    [
      -0.87857322980578,
      -0.78620141428366,
      0.53812441900748
    ],
    [
      -1.12076172185253,
      0.37627715841243,
      -0.32483556184502
    ],
    [
      0.20955049204427,
      0.86066847546151,
      1.38383232327572
    ],
    [
      1.96453225429516,
      0.96305777791595,
      -0.47089639253583
    ],
    [
      2.1336014235801,
      -0.56699659767685,
      0.42381821192467
    ],
    [
      1.31616659904378,
      -0.54679631403704,
      -1.16161539475251
    ],
    [
      -0.59032093897086,
      -1.58746289349694,
      -0.02761247061931
    ],
    [
      -1.9265227464021,
      1.04531553440284,
      -0.00086687107211
    ],
    [
      -1.04722823480399,
      0.25489741712525,
      -1.41320895188779
    ]
  ],
  "energies": -4707.7734230232545,
  "forces": [
    [
      0.00672260645120298,
      -0.0028343104445168843,
      0.0002196314646976406
    ],
    [
      -0.0031748168826883608,
      0.0021263683458593178,
      0.0008779749227637548
    ],
    [
      -0.005793636470193864,
      -0.0015017350866729717,
      -0.001160539078581812
    ],
    [
      -0.0015857993163097513,
      0.0004476493028950006,
      0.0012467559387911334
    ],
    [
      -0.0006857692632826209,
      0.0005064828839372994,
      -0.00040604000602326217
    ],
    [
      0.0016455061983174479,
      0.0001007924451261182,
      -0.0006845859900968019
    ],
    [
      -0.000268761341725496,
      0.0008559579476741606,
      -0.0029647365527321057
    ],
    [
      -0.0011324431924090493,
      -0.00021319424465098585,
      0.0005255310059834248
    ],
    [
      0.0018810350007443786,
      0.0005667610136883038,
      0.0012477675136949374
    ],
    [
      0.00204750422417913,
      -0.002809349041865689,
      -0.0016348354509093008
    ],
    [
      0.00034457623767135246,
      0.00275457759843527,
      0.0027330750497048485
    ]
  ]
}