{
  "name": "system58",
  "subset": "react",
  "atomic_number": [
    6,
    6,
    7,
    6,
    1,
    1,
    1,
    1,
    1,
    1,
    1
  ],
  "charge": [
    0,
    0,
    0,
    0,
    0,
    0,
    0,
    0,
    0,
    0,
    0
  ],
  "positition": [
    [
      -2.4935479357545,
      -0.03757714657291,
      1.20454538846857
    ],
    [
      -1.13077296528441,
      -0.07374841633809,
      1.82630717614062
    ],
    [
      -0.06589323687473,
      0.02999021625971,
      1.1477434757912
    ],
    [
      1.20289453087305,
      -0.0138796526447,
      1.83330263523914
    ],
    [
      -1.09969528236511,
      -0.19819211385825,
      2.93349666843339
    ],
    [
      -3.0907590883872,
      0.79023087894816,
      1.62541424162395
    ],
    [
      -2.40990161382661,
      0.0888186795525,
      0.11600909402514
    ],
    [
      -3.04552438044959,
      -0.96829566944228,
      1.42387474048288
    ],
    [
      1.81237111016902,
      -0.84088471844184,
      1.42973516392734
    ],
    [
      1.76543294519448,
      0.91318847404572,
      1.62729650991233
    ],
    [
      1.12091891670561,
      -0.13968453150803,
      2.93399190595543
    ]
  ],
  "energies": -4708.439750939849,
  "forces": [
    [
      -0.0013977555018285855,
      -0.0032458427386819464,
      -0.0009249537633031485
    ],
    [
      -0.004204768233498086,
      -0.0009662235716879555,
      0.005948992767865557
    ],
    [
      0.0017659674812615406,
      0.0031948269059214806,
      -0.0031937623148665063
    ],
    [
      0.005537038144263481,
      0.001920754948027079,
      0.0013906607992321119
    ],
    [
      -0.0008134821889719476,
      0.0009911842030081444,
      -0.0029039528412174677
    ],
    [
      0.0016139964011105481,
      0.001171295752264067,
      -0.00263160676435096
    ],
    [
      -0.003161195177116092,
      0.0013646055977918348,
      0.002221468162470251
    ],
    [
      0.000392341064506224,
      -0.0010106652474371047,
      -0.0005041228167461146
    ],
    [
      -0.0011202222239443255,
      -0.0011609039181478189,
      0.0021670840300491577
    ],
    [
      -0.00015193549608056588,
      -0.001027560430378286,
      0.0020065297841476907
    ],
    [
      0.001540014136213729,
      -0.0012314722205884335,
      -0.003576334986397887
    ]
  ]
}