{
  "name": "system58",
  "subset": "sp",
  "atomic_number": [
    6,
    6,
    7,
    6,
    1,
    1,
    1,
    1,
    1,
    1,
    1
  ],
  "charge": [
    0,
    0,
    0,
    0,
    0,
    0,
    0,
    0,
    0,
    0,
    0
  ],
  "positition": [
    [
      -1.7157896832726,
      -0.09307407566569,
      -0.46619893643704
    ],
    [
      -0.47283717636406,
      0.05123546613107,
      0.35211818637218
    ],
    [
      0.69569462370299,
      0.20861622272468,
      -0.19462838484551
    ],
    [
      1.97142602054307,
      0.12501012957959,
      0.37553539197864
    ],
    [
      -0.54235585990435,
      0.00204183696051,
      1.45185550590348
    ],
    [
      -2.49561697623331,
      0.62355902285795,
      -0.15055433031435
    ],
    [
      -1.4968323364772,
      0.08239793060188,
      -1.53080496189179
    ],
    [
      -2.16301351508946,
      -1.10136977289793,
      -0.37082605164277
    ],
    [
      1.37725488356139,
      -0.5799581269633,
      -0.72719949558509
    ],
    [
      2.74923777637879,
      0.62351698628457,
      -0.20776562552543
    ],
    [
      2.09283224315475,
      0.05802438038665,
      1.46846870198769
    ]
  ],
  "energies": -4705.339702658207,
  "forces": [
    [
      -0.002135721351376204,
      -0.004274061011564521,
      -0.002474640441758664
    ],
    [
      -0.0013258146415731917,
      0.00025266026976639307,
      0.003267887738798105
    ],
    [
      -0.002489962315135145,
      -3.565385017165439e-05,
      0.00222385784877208
    ],
    [
      0.0006896951324167108,
      -0.00021380549876249042,
      0.006013803598564385
    ],
    [
      -8.534427915286311e-05,
      0.001136707778699064,
      -0.002460638264311993
    ],
    [
      0.00022603942558812085,
      0.0031261276413534034,
      -0.0002555773922103689
    ],
    [
      -0.0009969212087672281,
      7.704172362250119e-05,
      0.0019432862466317122
    ],
    [
      -4.2349877481975506e-05,
      0.00013866711153127627,
      -0.0008743252415520082
    ],
    [
      0.002188949978527707,
      -0.0007995750909273272,
      -0.003038013101180175
    ],
    [
      0.0009856540168028988,
      0.000411660592222453,
      0.0001799630937482324
    ],
    [
      0.002985774605930499,
      0.0001802292543674927,
      -0.004525602697105494
    ]
  ]
}