{
  "name": "system59",
  "subset": "prod",
  "atomic_number": [
    6,
    6,
    7,
    6,
    1,
    1,
    1,
    1,
    1,
    1,
    1
  ],
  "charge": [
    0,
    0,
    0,
    0,
    0,
    0,
    0,
    0,
    0,
    0,
    0
  ],
  "positition": [
    [
      1.87159492420157,
      -0.12067198707241,
      0.0353296125616
    ],
    [
      0.53494296926188,
      0.50004365452862,
      0.29536104585478
    ],
    [
      -0.44089834291115,
      -0.20068617347975,
      -0.21218799145797
    ],
    [
      -1.84982173311459,
      0.15559716886302,
      -0.12028999291363
    ],
    [
      -0.26417958881355,
      -1.08281163940451,
      -0.72869500570041
    ],
    [
      2.3781464784525,
      -0.30297174043874,
      0.99896035741447
    ],
    [
      1.85986675177952,
      -1.07396063136535,
      -0.54664152337667
    ],
    [
      2.51098770720236,
      0.60698176843818,
      -0.49418965541237
    ],
    [
      -2.28465365702635,
      0.28798794453463,
      -1.12530781201959
    ],
    [
      -2.41848934424128,
      -0.6316595961167,
      0.40280475863255
    ],
    [
      -1.9232761647909,
      1.09637023151301,
      0.43945820641721
    ]
  ],
  "energies": -4706.980867471574,
  "forces": [
    [
      -0.0012043281054554488,
      0.001084193764013917,
      -0.0019052533545261166
    ],
    [
      -0.0027027424064577843,
      0.001700227659498655,
      -0.003903691722150919
    ],
    [
      0.004724134145013898,
      -0.003157096169882109,
      0.001093641488978384
    ],
    [
      -6.699889107559613e-05,
      0.004675438373076422,
      0.0034664537423355936
    ],
    [
      0.00036549925970566396,
      -0.0024357955952137096,
      -0.00497746727252817
    ],
    [
      0.0012967894558039699,
      -0.0002294558563035453,
      0.0027088728424521772
    ],
    [
      0.001517827262614468,
      0.00021980028334389864,
      0.0028423536785629087
    ],
    [
      -0.0024265567466857647,
      -0.0015620897324598068,
      0.0007253748478881117
    ],
    [
      -0.001976933453479294,
      0.0021950049783496786,
      -0.0012900150612634028
    ],
    [
      0.0005030212018028353,
      -0.0008446205131661857,
      0.002117494645429782
    ],
    [
      -2.9709767748397368e-05,
      -0.0016456075512116832,
      -0.000877764092288684
    ]
  ]
}