{
  "name": "system59",
  "subset": "sp",
  "atomic_number": [
    6,
    6,
    7,
    6,
    1,
    1,
    1,
    1,
    1,
    1,
    1
  ],
  "charge": [
    0,
    0,
    0,
    0,
    0,
    0,
    0,
    0,
    0,
    0,
    0
  ],
  "positition": [
    [
      -1.81649243009156,
      -0.10414142707173,
      -0.46351084706631
    ],
    [
      -0.48054945323926,
      -0.52955743624167,
      0.07329809364905
    ],
    [
      0.45240114884917,
      0.44525145922534,
      -0.07796498448917
    ],
    [
      1.82593259424252,
      0.08355620049183,
      0.28699638786088
    ],
    [
      -0.05996320634238,
      0.23619101951966,
      1.048380786149
    ],
    [
      -2.63127295998839,
      -0.39811233079713,
      0.2169441930371
    ],
    [
      -1.88542721186766,
      0.9669859132363,
      -0.7328428273582
    ],
    [
      -1.96593997918085,
      -0.70171086369661,
      -1.38257611356677
    ],
    [
      2.36360389230076,
      -0.08988144281929,
      -0.65850388712758
    ],
    [
      2.31795707168762,
      0.92900948671054,
      0.79285964228513
    ],
    [
      1.87975053363001,
      -0.83759057855725,
      0.89691955662689
    ]
  ],
  "energies": -4704.462173130663,
  "forces": [
    [
      0.0015847888726914234,
      0.001828172652976761,
      -0.0002186888982078721
    ],
    [
      0.007957815461984812,
      0.0034271140612390284,
      0.007189822570534848
    ],
    [
      -0.009846820728862013,
      -0.008454630277400163,
      0.0035178049498176232
    ],
    [
      0.0010019828885192124,
      0.0007687374315593671,
      0.002642290315853813
    ],
    [
      -0.0003731167704582465,
      0.0035978156293277283,
      0.0023425882135158405
    ],
    [
      -0.0003770173913573949,
      0.0009813791975215329,
      -0.0030480049744585937
    ],
    [
      -0.001277788333527165,
      -0.0019228866498183148,
      -0.0017245678321573302
    ],
    [
      -0.0013000889527388306,
      0.0009718265715402012,
      -0.0030504489624632695
    ],
    [
      0.0013797108299996638,
      0.00024512524000942364,
      -0.004465611091112319
    ],
    [
      -0.0003196525788174016,
      -0.0023213583045851327,
      0.0001163119335064278
    ],
    [
      0.0015701857255466661,
      0.0008787037277206283,
      -0.003301494733589223
    ]
  ]
}