{
  "name": "system5",
  "subset": "prod",
  "atomic_number": [
    7,
    5,
    7,
    5,
    1,
    1,
    1,
    1,
    1,
    1,
    1,
    1
  ],
  "charge": [
    0,
    0,
    0,
    0,
    0,
    0,
    0,
    0,
    0,
    0,
    0,
    0
  ],
  "positition": [
    [
      -1.40580158245599,
      -0.68092273746646,
      -0.03675328834756
    ],
    [
      -2.36839348684724,
      0.3209268346999,
      -0.1394853116925
    ],
    [
      1.56434309412178,
      0.51870464172537,
      0.45290318108387
    ],
    [
      2.19224750392152,
      -0.36857216211869,
      -0.4087755769584
    ],
    [
      -0.75866811363874,
      -0.91751532980918,
      -0.78322967312161
    ],
    [
      -2.41399503628832,
      0.98759235461211,
      -1.14493777236132
    ],
    [
      -3.12366468364136,
      0.50749312026914,
      0.78453733207667
    ],
    [
      -1.32947348933458,
      -1.30152631718252,
      0.7625601511537
    ],
    [
      0.556229696975,
      0.53556707802843,
      0.58098984813486
    ],
    [
      2.0636456207979,
      1.21183242648255,
      0.99914883062126
    ],
    [
      3.39325431942168,
      -0.34644838678774,
      -0.53133437862541
    ],
    [
      1.51749515696834,
      -1.1618035224529,
      -1.02901434196356
    ]
  ],
  "energies": -4458.982205494072,
  "forces": [
    [
      -0.0029656963456143495,
      0.0024083326632647643,
      -0.0012508104145150165
    ],
    [
      0.0049040476678894555,
      0.0003495015461014129,
      0.001349058187229095
    ],
    [
      -0.00555349063462908,
      -0.0059949287688843556,
      -0.0034941610319473536
    ],
    [
      -0.0036748708255318068,
      0.0005361135131244445,
      0.004221982747475899
    ],
    [
      0.005000793196335553,
      0.00027269147889115436,
      0.005216263381675964
    ],
    [
      -0.0013858025451775374,
      -0.00014671317379099088,
      0.00018818640787320788
    ],
    [
      0.00024608930092323594,
      -0.0016175503344333724,
      0.0005844662484523614
    ],
    [
      0.0009056654487816434,
      0.0019055662063822954,
      -0.00408275559821194
    ],
    [
      0.00017617339024779814,
      0.00030172226966568896,
      -0.0002027756196377836
    ],
    [
      0.0010699750996647952,
      -0.0002675953463542193,
      -0.0024968123001143355
    ],
    [
      0.0016955642436562862,
      0.0017833558532481864,
      -2.3475304912280406e-05
    ],
    [
      -0.0004184489221432015,
      0.000469503784252589,
      -9.168143185695975e-06
    ]
  ]
}