{
  "name": "system5",
  "subset": "sp",
  "atomic_number": [
    7,
    5,
    7,
    5,
    1,
    1,
    1,
    1,
    1,
    1,
    1,
    1
  ],
  "charge": [
    0,
    0,
    0,
    0,
    0,
    0,
    0,
    0,
    0,
    0,
    0,
    0
  ],
  "positition": [
    [
      0.60798235072729,
      1.01550846284788,
      -0.19282137972103
    ],
    [
      2.01593021225228,
      0.95465250110529,
      -0.09669094616742
    ],
    [
      -0.60798505668002,
      -1.01575846031022,
      0.19275951709097
    ],
    [
      -2.01588858086252,
      -0.95456980156889,
      0.09673818614787
    ],
    [
      0.03253460145462,
      -0.12573917420956,
      -0.56027884158969
    ],
    [
      2.50957033958022,
      -0.11974851377188,
      0.17306948926779
    ],
    [
      2.71736079888123,
      1.92372722769752,
      -0.27296939633627
    ],
    [
      0.16410789023713,
      1.90586499630861,
      -0.41821531358033
    ],
    [
      -0.03225798072177,
      0.12582439119974,
      0.56015049856304
    ],
    [
      -0.16442259342198,
      -1.90626802066424,
      0.41816818084459
    ],
    [
      -2.71760309199512,
      -1.92344372565291,
      0.27309394662864
    ],
    [
      -2.50932888945135,
      0.11995011701869,
      -0.17300394114819
    ]
  ],
  "energies": -4456.053170439471,
  "forces": [
    [
      0.0038788636054976223,
      -3.49229369100303e-05,
      0.0009696783632654295
    ],
    [
      0.0013897125763149634,
      -0.004629806739272731,
      -0.000175615203709531
    ],
    [
      -0.003990065779619335,
      0.00022365328740892127,
      -0.0010066476927573925
    ],
    [
      -0.0014009376536063456,
      0.004590157137377811,
      0.00015106985700316474
    ],
    [
      0.0011407927477087318,
      0.00010904141886257184,
      -0.0025443786891923043
    ],
    [
      -2.9210716587284255e-05,
      0.0013306238903978288,
      -0.0001302257164197701
    ],
    [
      -0.0002264473054242825,
      0.0020531988067328637,
      -2.1448812670311656e-05
    ],
    [
      -0.0018171118691897325,
      0.00011915089440842616,
      -0.00015056108707137155
    ],
    [
      -0.0011633370046742722,
      -0.0003950969787698712,
      0.0026642755635280123
    ],
    [
      0.0019496204682779847,
      -6.53915401024819e-05,
      0.0001392945635939143
    ],
    [
      0.00023376744236288085,
      -0.002032471342819697,
      3.78404707305429e-06
    ],
    [
      3.435354036113741e-05,
      -0.001268135845891544,
      0.00010077480735710617
    ]
  ]
}