{
  "name": "system60",
  "subset": "prod",
  "atomic_number": [
    6,
    6,
    7,
    6,
    1,
    1,
    1,
    1,
    1,
    1,
    1
  ],
  "charge": [
    0,
    0,
    0,
    0,
    0,
    0,
    0,
    0,
    0,
    0,
    0
  ],
  "positition": [
    [
      1.85153800992587,
      -0.11294324606001,
      -0.04861725313877
    ],
    [
      0.50180380899018,
      0.51807560988626,
      0.0239382381545
    ],
    [
      -0.61203066897267,
      -0.20250174521172,
      -0.11081254330925
    ],
    [
      -1.91847227920585,
      0.09546767523938,
      -0.09121739563283
    ],
    [
      0.37601098343355,
      1.59053557110295,
      0.18715412047506
    ],
    [
      2.47403193483888,
      0.29020517467256,
      -0.8718036088059
    ],
    [
      2.4423762159401,
      0.02204601037983,
      0.87880057172892
    ],
    [
      1.77047978437215,
      -1.20214340273984,
      -0.21644826356467
    ],
    [
      -2.63113547845191,
      -0.71200731667585,
      -0.23040664885155
    ],
    [
      -2.22548700556908,
      1.12863196739784,
      0.06137802396072
    ],
    [
      -0.42661330530124,
      -1.1957572979914,
      -0.26133424101621
    ]
  ],
  "energies": -4706.99256572953,
  "forces": [
    [
      0.0023897736679208033,
      -0.001342428545807388,
      0.0006693681435620451
    ],
    [
      0.0011229753099942829,
      0.002471404502498727,
      -0.00026007903422967083
    ],
    [
      -0.004901031403700129,
      0.0009940053718749296,
      -2.982238207532552e-05
    ],
    [
      0.004020837773007622,
      0.001095693743675965,
      -0.000670594559862153
    ],
    [
      0.00026908452941715963,
      -0.001844510215022413,
      0.00031503112338177877
    ],
    [
      -0.0020544847183645953,
      -0.003306465087750055,
      -0.00019664965736322754
    ],
    [
      -0.0015768062138404315,
      -0.000294702386176832,
      0.0004850980917405153
    ],
    [
      0.0014621447229993397,
      0.002661954474263682,
      -0.0018287809246083744
    ],
    [
      0.0017966235693106039,
      -0.0009118901928470803,
      -0.0007411580800505284
    ],
    [
      -0.0011797780279189103,
      -0.0006295145503269769,
      0.0006938126515948468
    ],
    [
      -0.0013493383346506042,
      0.0011064530398836418,
      0.0015637749364424962
    ]
  ]
}