{
  "name": "system60",
  "subset": "sp",
  "atomic_number": [
    6,
    6,
    7,
    6,
    1,
    1,
    1,
    1,
    1,
    1,
    1
  ],
  "charge": [
    0,
    0,
    0,
    0,
    0,
    0,
    0,
    0,
    0,
    0,
    0
  ],
  "positition": [
    [
      -1.74204906127648,
      -0.11269132186323,
      -0.35212358437281
    ],
    [
      -0.43632084745008,
      0.32792258326181,
      0.22812937082504
    ],
    [
      0.70195014164313,
      -0.06192767322656,
      -0.2635069087068
    ],
    [
      1.99238037087265,
      0.04405250378471,
      0.26877001269338
    ],
    [
      -0.4347014255133,
      0.9850325760241,
      1.11408767976461
    ],
    [
      -2.30965827657078,
      -0.76171735690908,
      0.34256000519618
    ],
    [
      -2.39668073961358,
      0.74844898275672,
      -0.57854000862261
    ],
    [
      -1.57772709316953,
      -0.67478223980172,
      -1.28436303782426
    ],
    [
      2.78655924973941,
      -0.04964258886406,
      -0.47575303278805
    ],
    [
      2.17979668225472,
      0.65415587726712,
      1.16651196682688
    ],
    [
      1.23645099908385,
      -1.09885134242982,
      -0.16577246299157
    ]
  ],
  "energies": -4705.339678728377,
  "forces": [
    [
      0.0006254175999756771,
      -0.003919036941145858,
      -0.0034742797695702277
    ],
    [
      -0.0006944373782879291,
      -0.0016392624280871875,
      0.009233725244557027
    ],
    [
      -0.004110669553111336,
      0.0017710287496369886,
      -0.0023989514270330455
    ],
    [
      0.0009006517972403214,
      -0.007272697304915691,
      0.0006831551710800093
    ],
    [
      0.0005577730534256928,
      9.743448130097564e-05,
      -0.0034819926168351964
    ],
    [
      0.0022757912054756414,
      0.0037828198854231755,
      -0.0013575737329613459
    ],
    [
      -0.0018489397118815866,
      0.00024417897113082463,
      0.0003434312225034487
    ],
    [
      0.0019017243609058313,
      0.0008589926723855725,
      0.0002248566666229727
    ],
    [
      -0.0012758016419651243,
      0.0011094941409313728,
      -3.503467706181791e-05
    ],
    [
      0.0009358383236662575,
      0.0028702002191323497,
      -0.0010622987106453942
    ],
    [
      0.0007326511218034818,
      0.00209684822269435,
      0.0013249644291159176
    ]
  ]
}