{
  "name": "system61",
  "subset": "prod",
  "atomic_number": [
    15,
    1,
    6,
    6,
    1,
    1,
    1,
    1,
    1,
    1,
    1,
    6,
    6,
    1,
    1,
    1
  ],
  "charge": [
    0,
    0,
    0,
    0,
    0,
    0,
    0,
    0,
    0,
    0,
    0,
    0,
    0,
    0,
    0,
    0
  ],
  "positition": [
    [
      -0.59858338284403,
      0.14038367806051,
      -0.2899381940817
    ],
    [
      -1.00828587165737,
      0.08380153116479,
      -1.69119712703186
    ],
    [
      -1.14118336109795,
      1.22988184690259,
      0.86320353550148
    ],
    [
      -1.00363832026539,
      -1.5797248822246,
      0.17619896280307
    ],
    [
      1.74026558394636,
      0.70449639584376,
      1.50189081885212
    ],
    [
      -0.80532921102341,
      2.26761255363254,
      0.77647355237913
    ],
    [
      -2.13869138532476,
      1.06997184218066,
      1.28205134285158
    ],
    [
      -0.54181474665525,
      -1.81522005021496,
      1.14512833133451
    ],
    [
      -2.09625156359593,
      -1.66890371482952,
      0.27557947816759
    ],
    [
      -0.65701804351988,
      -2.28159125415196,
      -0.59729008086957
    ],
    [
      1.94912675503674,
      -1.00022391563779,
      1.05011745324726
    ],
    [
      2.05574842613768,
      0.03546563208879,
      0.68873974698234
    ],
    [
      1.21521613787665,
      0.27684195694583,
      -0.56468876843304
    ],
    [
      3.12401096355906,
      0.20721755179664,
      0.48138561118357
    ],
    [
      1.37673175186085,
      1.29587711560549,
      -0.95773277441784
    ],
    [
      1.47658426756663,
      -0.41804028716278,
      -1.38104488846865
    ]
  ],
  "energies": -13605.137837735116,
  "forces": [
    [
      8.180659520323931e-05,
      -0.005587894414349765,
      0.0018633854046569132
    ],
    [
      -0.0010943699854028548,
      0.0021018010419303033,
      -0.0045031926517350605
    ],
    [
      -0.0002524600836592098,
      0.0030382590529270687,
      0.005977129483159589
    ],
    [
      0.007294932412413883,
      0.003643471842879487,
      0.0033957206321699536
    ],
    [
      -0.001359165040249528,
      0.0017346653777836195,
      -0.00038340190378528187
    ],
    [
      -0.0023712942739366988,
      -0.00048348816966404655,
      -0.0005063421417396726
    ],
    [
      -0.0037025477247019157,
      0.0022650828171143843,
      0.0003553264321731542
    ],
    [
      -0.003692640183613526,
      0.002836620632302991,
      -0.002716528199846138
    ],
    [
      0.0007500829454368193,
      -0.0014417645637273026,
      -0.0007889910411242947
    ],
    [
      -0.0017945688463538027,
      -0.002276919765582076,
      -0.002555311329188143
    ],
    [
      0.002486975567212329,
      0.0023586923193769016,
      0.00041285517826303194
    ],
    [
      0.004688098228883762,
      -0.0058465041658564585,
      0.0019306484508911533
    ],
    [
      -0.0022197844497275077,
      -0.0031382151695540273,
      0.0011063130175949546
    ],
    [
      -0.0011256218495212286,
      0.0009447598466181874,
      -0.002125315941834244
    ],
    [
      0.0016916964300359417,
      0.0007116049439184886,
      -0.000449962061784462
    ],
    [
      0.0006188596409154939,
      -0.0008601719860722255,
      -0.0010123340992024591
    ]
  ]
}