{
  "name": "system61",
  "subset": "react",
  "atomic_number": [
    15,
    1,
    6,
    6,
    1,
    1,
    1,
    1,
    1,
    1,
    1,
    6,
    6,
    1,
    1,
    1
  ],
  "charge": [
    0,
    0,
    0,
    0,
    0,
    0,
    0,
    0,
    0,
    0,
    0,
    0,
    0,
    0,
    0,
    0
  ],
  "positition": [
    [
      -0.52105577869669,
      -0.20585864282991,
      -0.2296326244461
    ],
    [
      -0.3839337677661,
      -0.13871417512049,
      1.19319993568014
    ],
    [
      1.24103144016823,
      0.23904300562023,
      -0.6476863702378
    ],
    [
      -0.42942572325115,
      -2.06469635729116,
      -0.37900635280115
    ],
    [
      1.39843445128595,
      0.09354334521154,
      -1.72847780212822
    ],
    [
      1.4004117360854,
      1.30435203981496,
      -0.42271894638
    ],
    [
      1.98127278829752,
      -0.36323683909155,
      -0.09763747889976
    ],
    [
      -0.36057172235677,
      -2.33159274383519,
      -1.44575539827669
    ],
    [
      0.43396343775696,
      -2.49992347461723,
      0.14900003490968
    ],
    [
      -1.35384280297568,
      -2.51276311143043,
      0.0174768347453
    ],
    [
      -1.10214797501308,
      2.80270717196216,
      -0.63153779375993
    ],
    [
      -0.56249335879941,
      3.51546044882363,
      0.00042023692891
    ],
    [
      -0.45592765862787,
      3.33054181441273,
      1.31719057673233
    ],
    [
      -0.11395402248864,
      4.3818945467241,
      -0.49693697336158
    ],
    [
      0.08333481291334,
      4.03530229942901,
      1.9587054074248
    ],
    [
      -0.90597885653195,
      2.46214667221758,
      1.8089167138701
    ]
  ],
  "energies": -13605.646301724506,
  "forces": [
    [
      0.0016836565384242778,
      0.00014153270906402748,
      0.006197707576690298
    ],
    [
      -0.001098351236103201,
      -0.0030140293862905712,
      -0.004060697999689345
    ],
    [
      -0.0010680445610000175,
      0.003444379277374992,
      -0.0047868109599284725
    ],
    [
      0.004303632299686244,
      0.0016874625427199797,
      -0.0026192554923682295
    ],
    [
      -0.0014398866298371582,
      -0.004155788920282672,
      0.0015440733941898517
    ],
    [
      0.0011053512706741611,
      -0.0033089229082907783,
      0.008583267720433706
    ],
    [
      0.0025168080280128036,
      0.0008286136978560595,
      -0.0038785020569439095
    ],
    [
      -0.0005689261398231485,
      -0.001967824034294216,
      -0.0002860031608209341
    ],
    [
      0.00036002347804739996,
      0.0024303740124141594,
      -0.0007836874719687167
    ],
    [
      -0.003830181306141722,
      0.003859601104853796,
      0.0023151091864598954
    ],
    [
      0.004953772035434944,
      -0.002424999223695661,
      -0.0008065744055893478
    ],
    [
      -0.010755554583809012,
      0.0034788715544731394,
      0.0017074922091827283
    ],
    [
      0.006990049382550344,
      -0.0021638335383442346,
      -0.004816144626678171
    ],
    [
      -0.00013459628359005837,
      0.0008450688621691474,
      -0.00020464733145781
    ],
    [
      -0.0007118891022612306,
      -0.0011207153615677235,
      0.0014484008385956643
    ],
    [
      -0.0023058641158618313,
      0.0014402104345936269,
      0.0004462719628279821
    ]
  ]
}