{
  "name": "system61",
  "subset": "sp",
  "atomic_number": [
    15,
    1,
    6,
    6,
    1,
    1,
    1,
    1,
    1,
    1,
    1,
    6,
    6,
    1,
    1,
    1
  ],
  "charge": [
    0,
    0,
    0,
    0,
    0,
    0,
    0,
    0,
    0,
    0,
    0,
    0,
    0,
    0,
    0,
    0
  ],
  "positition": [
    [
      0.28870661615394,
      -0.68169384910029,
      0.59903722956915
    ],
    [
      0.87424893922599,
      -1.17842549002509,
      1.78787462487657
    ],
    [
      1.5309693813462,
      -0.2160250296042,
      -0.53102214375107
    ],
    [
      -0.8078421111276,
      -2.02471149554507,
      0.00346805523903
    ],
    [
      0.96871564160745,
      1.10688536634855,
      -0.64248704714424
    ],
    [
      2.55453925400852,
      -0.22224849128374,
      -0.1400616864029
    ],
    [
      1.44725957456901,
      -0.63904711067367,
      -1.53931218149972
    ],
    [
      -1.18284270987976,
      -1.73288005414683,
      -0.98976094671147
    ],
    [
      -0.28108599912528,
      -2.98580874296599,
      -0.08509698191408
    ],
    [
      -1.6720268599115,
      -2.13764682933862,
      0.67733699738299
    ],
    [
      -0.54520203268226,
      2.20651317457129,
      -1.33384641091249
    ],
    [
      -0.09640904056762,
      2.02810973888925,
      -0.34891169042696
    ],
    [
      -0.84904938314379,
      1.23519408571779,
      0.57800817395772
    ],
    [
      0.43976159216095,
      2.89571250277226,
      0.05441058923923
    ],
    [
      -0.84302931609166,
      1.50421012105956,
      1.64078824954872
    ],
    [
      -1.82671354654257,
      0.84186210332481,
      0.26957516894953
    ]
  ],
  "energies": -13603.615416730017,
  "forces": [
    [
      0.002686690031196216,
      -0.0015075324619388197,
      0.0010249987886841064
    ],
    [
      0.0013092852752172922,
      -0.0017356587492756734,
      -0.00044599387228915676
    ],
    [
      0.005714944303906027,
      -0.002385953265446316,
      0.01387509130455723
    ],
    [
      0.0006469538815821095,
      -0.003783283866734533,
      -0.001421534865423572
    ],
    [
      -0.0006843942886306885,
      -4.8894312538513885e-05,
      -0.0057214161824259
    ],
    [
      -0.0008477674408279888,
      0.00043660816233760094,
      -0.001454110025016452
    ],
    [
      0.003801722945818039,
      0.0018300428735568417,
      -0.004440488634546996
    ],
    [
      -0.0038881228171641353,
      0.003927312962889602,
      -0.000992259232742738
    ],
    [
      -0.002672149464707108,
      -9.647828796342815e-05,
      -0.000631140516088378
    ],
    [
      0.0012952064788906564,
      0.0022807455673736076,
      -0.0014096251033088798
    ],
    [
      -0.00026808935815275756,
      0.0006510213670889666,
      0.0004962305578890677
    ],
    [
      -0.004499833196669973,
      -0.0003707003961035977,
      -0.01108654089474556
    ],
    [
      -0.0030076383946822305,
      -0.0015393838045153342,
      0.004526541921160902
    ],
    [
      1.603175501266497e-05,
      0.0029636781323251825,
      0.001202353909455711
    ],
    [
      0.0008336288920593941,
      -0.0010494521413124478,
      0.0017790033866455144
    ],
    [
      -0.00043646916849025537,
      0.00042792832310099615,
      0.004698890332370242
    ]
  ]
}