{
  "name": "system62",
  "subset": "prod",
  "atomic_number": [
    6,
    1,
    1,
    6,
    6,
    1,
    1,
    1,
    1
  ],
  "charge": [
    0,
    0,
    0,
    0,
    0,
    0,
    0,
    0,
    0
  ],
  "positition": [
    [
      -1.22342402262875,
      -0.17674290191516,
      -0.03947616842585
    ],
    [
      -1.74580386988652,
      -0.1166011072178,
      -1.01078443151315
    ],
    [
      -1.85744668613909,
      0.36014894749802,
      0.6882918195145
    ],
    [
      0.14302260259427,
      0.43572073437442,
      -0.12240322613473
    ],
    [
      1.29233825517257,
      -0.19833464547813,
      0.12576859827938
    ],
    [
      0.17823622226069,
      1.49399403359755,
      -0.4140172567602
    ],
    [
      2.25679829921257,
      0.31131736020897,
      0.04542623612554
    ],
    [
      -1.17781118301422,
      -1.23552090663911,
      0.26013264467636
    ],
    [
      1.31172538242848,
      -1.25356651442877,
      0.41992278423814
    ]
  ],
  "energies": -3203.9742662806175,
  "forces": [
    [
      -0.003921767247220095,
      -0.006074382598829937,
      -0.0012334990213628049
    ],
    [
      -0.000647745112928431,
      0.0017301858986752334,
      8.378300235186191e-06
    ],
    [
      0.001640425440978573,
      0.0007849199046506744,
      3.93907946312538e-05
    ],
    [
      -0.005716950021632891,
      -0.00412532119126536,
      -0.0010636377412724305
    ],
    [
      0.008302171304676614,
      0.0063787103732130335,
      0.000958870884580889
    ],
    [
      0.0020741558187535223,
      0.004723298947800214,
      -0.0006420577808861566
    ],
    [
      -0.0005976280350565725,
      -0.0009550834436514066,
      -0.0005530440744477838
    ],
    [
      0.0003637281294488665,
      0.0012523016544606403,
      0.001398240669031584
    ],
    [
      -0.0014963902255975198,
      -0.00371462959647516,
      0.0010873578152240614
    ]
  ]
}