{
  "name": "system62",
  "subset": "react",
  "atomic_number": [
    6,
    1,
    1,
    6,
    6,
    1,
    1,
    1,
    1
  ],
  "charge": [
    0,
    0,
    0,
    0,
    0,
    0,
    0,
    0,
    0
  ],
  "positition": [
    [
      0.00224130092588,
      -0.17418931461008,
      1.16137955341831
    ],
    [
      0.01053740582769,
      -0.50065368678363,
      0.11558296186305
    ],
    [
      0.97210569274664,
      -0.07729322938096,
      1.65773297096365
    ],
    [
      -1.14044871051647,
      0.09213211841423,
      1.80005796982814
    ],
    [
      -2.51338135328065,
      -0.01083179200358,
      1.20540497896322
    ],
    [
      -1.09405455204508,
      0.41615722734127,
      2.8483863119424
    ],
    [
      -3.14068060454944,
      -0.72210498174872,
      1.77152123139776
    ],
    [
      -3.03616011579616,
      0.96145171638721,
      1.24088772075545
    ],
    [
      -2.4789440633124,
      -0.34330205761573,
      0.15607230086803
    ]
  ],
  "energies": -3203.97428394429,
  "forces": [
    [
      0.007288707308393976,
      -0.0009937509869090329,
      0.007709368510707545
    ],
    [
      -0.001273076375253463,
      -0.001125513503225869,
      -0.00512198133019797
    ],
    [
      -0.0008203091368650811,
      0.0005804529103821507,
      -0.0007379356647942363
    ],
    [
      -0.004849836570724122,
      0.0010392937119587235,
      -0.00542242118493249
    ],
    [
      -0.003552448664903352,
      -0.0007609778930574806,
      -0.00608966024922872
    ],
    [
      0.001946782535817328,
      0.00123975790968079,
      0.005946129587169958
    ],
    [
      0.0015090810374892493,
      0.0006029157662154865,
      0.0009707404346391161
    ],
    [
      -0.000884021335100522,
      0.0005679296830070692,
      0.0022730766345539347
    ],
    [
      0.000635121098301852,
      -0.0011501074437856357,
      0.00047268305639459223
    ]
  ]
}