{
  "name": "system62",
  "subset": "sp",
  "atomic_number": [
    6,
    1,
    1,
    6,
    6,
    1,
    1,
    1,
    1
  ],
  "charge": [
    0,
    0,
    0,
    0,
    0,
    0,
    0,
    0,
    0
  ],
  "positition": [
    [
      1.29268081830162,
      0.02326636225358,
      -0.23920352861299
    ],
    [
      1.36532729574097,
      -0.1845542941705,
      -1.30888140480387
    ],
    [
      2.16778519602404,
      0.3990388838224,
      0.28950224320419
    ],
    [
      0.04193451856069,
      -0.05741601632116,
      0.4425289246045
    ],
    [
      -1.25659928954753,
      -0.38362244858837,
      -0.05072571185383
    ],
    [
      0.08495095789698,
      0.17057515716151,
      1.51611554274226
    ],
    [
      -2.1201651702637,
      -0.28246263450954,
      0.60551958901217
    ],
    [
      -0.1619667741893,
      0.94335503360416,
      -0.15141943360506
    ],
    [
      -1.41394755252378,
      -0.62818004325209,
      -1.10343622068736
    ]
  ],
  "energies": -3200.4154475713717,
  "forces": [
    [
      -0.00515194748837288,
      -0.002787747145701649,
      0.003823596556184585
    ],
    [
      0.0017165021780900542,
      0.0010269377091458203,
      -0.0005729319188494969
    ],
    [
      0.00043960092664226683,
      0.0005463299979919141,
      -0.002617377558478085
    ],
    [
      0.003577632879371251,
      4.3930900356739425e-06,
      -0.0006248728860189876
    ],
    [
      0.002278731724960143,
      0.0015903648759584468,
      0.0005449925614489576
    ],
    [
      -0.0002357720802263361,
      0.0014576510514004368,
      -0.00018601860779087447
    ],
    [
      0.0008784402924709238,
      -0.0006262806679497237,
      -0.0019508364973205405
    ],
    [
      -0.0026634490566436668,
      -0.001309619415809246,
      0.0008621198025515458
    ],
    [
      -0.0008397397362462255,
      9.797076203866225e-05,
      0.0007213281368963592
    ]
  ]
}