{
  "name": "system63",
  "subset": "prod",
  "atomic_number": [
    6,
    1,
    1,
    6,
    6,
    1,
    1,
    1,
    1
  ],
  "charge": [
    0,
    0,
    0,
    0,
    0,
    0,
    0,
    0,
    0
  ],
  "positition": [
    [
      -0.75296830594274,
      -0.44282012282759,
      0.0155270889952
    ],
    [
      -1.318317344282,
      -0.70096666005989,
      -0.88486805028004
    ],
    [
      -0.04662189653323,
      1.49945105680831,
      -0.85515040370857
    ],
    [
      0.00125727313404,
      0.86220605194774,
      0.03314825945648
    ],
    [
      0.75202919605638,
      -0.44122406380111,
      -0.06484745973846
    ],
    [
      0.05083991143166,
      1.41731051290819,
      0.97483948145468
    ],
    [
      1.31673312407871,
      -0.77906900329597,
      0.8091490557429
    ],
    [
      -1.22056049792626,
      -0.7815600569572,
      0.944900030748
    ],
    [
      1.21866253998346,
      -0.6980017147225,
      -1.0205910026702
    ]
  ],
  "energies": -3203.640320612766,
  "forces": [
    [
      -0.0024310457902986292,
      0.0034395970251355776,
      0.0018201597065282526
    ],
    [
      -0.0013845209015773742,
      6.121951353322992e-06,
      -0.003888637706321912
    ],
    [
      -0.0008703536067782077,
      -0.003087270299246146,
      0.0004297290210463706
    ],
    [
      0.0009288203427938831,
      0.0006821403051639115,
      0.0009560312037699512
    ],
    [
      0.0015281608869507698,
      0.003392084886338388,
      -0.0036434478801962234
    ],
    [
      -0.00013914497680074812,
      -0.000918350244291523,
      -0.0005689728824821336
    ],
    [
      0.00232638918251893,
      -0.001840695109020836,
      0.004558887584068358
    ],
    [
      -0.00039159081654737386,
      -0.0016075258081423517,
      0.002376577068577172
    ],
    [
      0.00043328583400495206,
      -6.610260444620905e-05,
      -0.0020403261149898352
    ]
  ]
}