{
  "name": "system63",
  "subset": "sp",
  "atomic_number": [
    6,
    1,
    1,
    6,
    6,
    1,
    1,
    1,
    1
  ],
  "charge": [
    0,
    0,
    0,
    0,
    0,
    0,
    0,
    0,
    0
  ],
  "positition": [
    [
      1.14949819319778,
      0.86675996344392,
      -0.47939122761574
    ],
    [
      1.39225210792394,
      0.20746267403222,
      -1.35215620273866
    ],
    [
      0.95277371097311,
      -1.05856934156418,
      0.61062181933367
    ],
    [
      0.56844010989186,
      -0.02377737965069,
      0.52903688656848
    ],
    [
      -0.86954946111253,
      -0.09305263489865,
      -0.10727425863955
    ],
    [
      0.49168205323265,
      0.42637016551494,
      1.53276037340526
    ],
    [
      -1.57450277045344,
      -0.39162359277183,
      0.68192467718926
    ],
    [
      -1.19825449891588,
      0.88841910214518,
      -0.48737413414122
    ],
    [
      -0.91233944473745,
      -0.8219889562509,
      -0.92814793336149
    ]
  ],
  "energies": -3200.4002676574733,
  "forces": [
    [
      -0.0011049148001686972,
      0.002539425715690149,
      -0.002795043319956983
    ],
    [
      0.0018130243804987778,
      -1.930795775113367e-06,
      -0.00022715014223727523
    ],
    [
      0.0005952053872097387,
      -0.0022990610278078283,
      -0.00135747716231935
    ],
    [
      -0.003579296897462299,
      0.0009276389722245463,
      -0.0019493248428142814
    ],
    [
      0.003944347808165001,
      0.0001516989545719497,
      0.0015716332053131961
    ],
    [
      -0.0007307654231812067,
      -0.0014268537583551429,
      0.0023357990094199513
    ],
    [
      -0.0028661492401090287,
      -0.0004976454874871292,
      8.241656376306659e-05
    ],
    [
      0.0011895797423932281,
      -0.00043017227926469057,
      0.0005498101920705307
    ],
    [
      0.0007389690940765536,
      0.0010368988320281184,
      0.0017893354168977361
    ]
  ]
}