{
  "name": "system64",
  "subset": "prod",
  "atomic_number": [
    14,
    1,
    1,
    1,
    1
  ],
  "charge": [
    0,
    0,
    0,
    0,
    0
  ],
  "positition": [
    [
      -4.19097121e-06,
      9.713905244e-05,
      4.389212242e-05
    ],
    [
      0.64703101515441,
      -1.34185739029516,
      -0.06513164005174
    ],
    [
      1.0509026338081,
      1.05612188007925,
      0.06312837726755
    ],
    [
      -0.83959336989596,
      0.206315022508,
      -1.21493422008985
    ],
    [
      -0.85833607809533,
      0.07932334865547,
      1.21689359075162
    ]
  ],
  "energies": -7938.830355819948,
  "forces": [
    [
      0.0002600308517528071,
      -0.0022630730370442197,
      0.000500978511609733
    ],
    [
      8.935180652949261e-05,
      0.0006669414847939782,
      0.0004292560922953395
    ],
    [
      7.637565358747819e-05,
      0.0004366851925941025,
      -0.00021271298552508604
    ],
    [
      -0.0005503456500551439,
      0.00028513376793263536,
      -1.0089369517621936e-05
    ],
    [
      0.00012458728676329885,
      0.0008743125917235038,
      -0.0007074323002844316
    ]
  ]
}