{
  "name": "system64",
  "subset": "react",
  "atomic_number": [
    14,
    1,
    1,
    1,
    1
  ],
  "charge": [
    0,
    0,
    0,
    0,
    0
  ],
  "positition": [
    [
      0.54723760700027,
      -0.05484551505126,
      -0.70289797476259
    ],
    [
      0.60018066247123,
      -1.25539059318789,
      0.23458026782785
    ],
    [
      0.97283138268473,
      0.95866131382269,
      0.35264593679644
    ],
    [
      -1.18371913155508,
      0.21686268079771,
      -0.33213004470414
    ],
    [
      -0.93653053060115,
      0.13471212361874,
      0.44780181484245
    ]
  ],
  "energies": -7936.54851989954,
  "forces": [
    [
      -0.0033429635453736703,
      0.0010415714009984292,
      -0.0012400798632428434
    ],
    [
      0.0010679147202806141,
      0.00042303227382711024,
      -0.00047122950882414556
    ],
    [
      -0.0009206156948792613,
      0.0004292139262003253,
      0.0012714136941361595
    ],
    [
      0.0014352574610914718,
      0.00019377197564471004,
      0.0003953105346144979
    ],
    [
      0.0017604070588808458,
      -0.002087589525248508,
      4.45846290956607e-05
    ]
  ]
}