{
  "name": "system64",
  "subset": "sp",
  "atomic_number": [
    14,
    1,
    1,
    1,
    1
  ],
  "charge": [
    0,
    0,
    0,
    0,
    0
  ],
  "positition": [
    [
      0.39129185991423,
      -0.03830142751412,
      -0.52058420657815
    ],
    [
      0.59204875515446,
      -1.3464516639207,
      0.17575269647482
    ],
    [
      0.99626059367091,
      1.05315426791575,
      0.30359903423577
    ],
    [
      -1.1231761139117,
      0.21730406125472,
      -0.53274525145928
    ],
    [
      -0.85642509482789,
      0.11429476226435,
      0.57397772732685
    ]
  ],
  "energies": -7936.312070416726,
  "forces": [
    [
      -0.0015106009709483098,
      -0.0008227496795912623,
      0.0017184609474696648
    ],
    [
      0.0002310758056830967,
      -7.546203772148162e-05,
      0.00022521636398227063
    ],
    [
      0.0003592283900460469,
      0.0005675037026032916,
      -0.0012214543791661343
    ],
    [
      0.0007152502028324657,
      0.0010452094094009466,
      -0.0010170451833010205
    ],
    [
      0.0002050468294970359,
      -0.000714501343269427,
      0.00029482194248281734
    ]
  ]
}