{
  "name": "system65",
  "subset": "prod",
  "atomic_number": [
    1,
    8,
    8,
    16,
    17,
    17,
    8,
    1
  ],
  "charge": [
    0,
    0,
    0,
    0,
    0,
    0,
    0,
    0
  ],
  "positition": [
    [
      -1.26366087043912,
      -1.30394512668771,
      1.14769466818051
    ],
    [
      -0.99210505144091,
      -0.96612133746688,
      0.27989232390517
    ],
    [
      -3.34477184344676,
      0.18472806823482,
      -1.28446316376703
    ],
    [
      -2.82307369496485,
      0.9375209860799,
      -0.13988900870124
    ],
    [
      3.67097463477518,
      -0.77610093196303,
      0.08105728832105
    ],
    [
      1.59573593869648,
      -0.83885347044185,
      0.17902121913039
    ],
    [
      -3.39571217477474,
      0.6481457144899,
      1.17843107125667
    ],
    [
      -1.27187693840526,
      -1.64682990224515,
      -0.35169739832551
    ]
  ],
  "energies": -42029.274718831606,
  "forces": [
    [
      -0.000285143795235718,
      0.0022801333876648956,
      -0.004697754676018549
    ],
    [
      0.0063090395401093485,
      -0.0015017555526556736,
      0.010911024112872439
    ],
    [
      -0.0034266768708246247,
      -0.008332406657372744,
      0.0019154837747737677
    ],
    [
      0.0018691679703674387,
      0.011492882953990912,
      -0.004183795332058696
    ],
    [
      0.004160398034422192,
      -0.005041438637981747,
      0.003105900719841296
    ],
    [
      0.0009377465451539183,
      0.005458698630511749,
      -0.004739433186992591
    ],
    [
      -0.007881878850006152,
      -0.002212457525076053,
      0.004879902230598852
    ],
    [
      -0.0016826467632928223,
      -0.0021436542850883193,
      -0.007191327025951714
    ]
  ]
}