{
  "name": "system65",
  "subset": "react",
  "atomic_number": [
    1,
    8,
    8,
    16,
    17,
    17,
    8,
    1
  ],
  "charge": [
    0,
    0,
    0,
    0,
    0,
    0,
    0,
    0
  ],
  "positition": [
    [
      -1.72553593658861,
      -2.73243918709445,
      1.96481224619867
    ],
    [
      -0.97371445312841,
      -2.94966314166987,
      2.53357314823646
    ],
    [
      0.73098729320522,
      -4.33553100615774,
      0.57697526650621
    ],
    [
      0.56393500160194,
      -3.01151848443208,
      0.01663783647659
    ],
    [
      1.73665076806416,
      -2.93859338509947,
      -1.72098653777469
    ],
    [
      1.62959793728626,
      -1.63976036564593,
      1.15332652506618
    ],
    [
      -0.72614926545262,
      -2.45157586004411,
      -0.32825832479069
    ],
    [
      -0.93693234498795,
      -3.91567256985634,
      2.49836284008126
    ]
  ],
  "energies": -42029.296755261465,
  "forces": [
    [
      -0.0006882947038415686,
      -0.004922436918989951,
      -0.0051255144890056895
    ],
    [
      0.0006564995141623168,
      0.005290971520471831,
      0.0061366703543849046
    ],
    [
      0.00029786072953752934,
      0.0008810094417868984,
      0.006509161575396995
    ],
    [
      -0.004376032256156621,
      0.007097074799272632,
      -0.0003675253919931631
    ],
    [
      -0.002661769200555955,
      -0.004584091544610019,
      -0.006657054937049781
    ],
    [
      -0.006509820497764692,
      -0.005506511228446948,
      0.002200345982770098
    ],
    [
      0.010316721440050474,
      0.006492234767884554,
      -2.091782840553535e-05
    ],
    [
      0.0029648396025545552,
      -0.004748247494934638,
      -0.00267516845426599
    ]
  ]
}