{
  "name": "system65",
  "subset": "sp",
  "atomic_number": [
    1,
    8,
    8,
    16,
    17,
    17,
    8,
    1
  ],
  "charge": [
    0,
    0,
    0,
    0,
    0,
    0,
    0,
    0
  ],
  "positition": [
    [
      -1.44423136611042,
      0.46425145731494,
      1.06556436200346
    ],
    [
      -0.80037627890711,
      0.26068296056583,
      1.76540747748554
    ],
    [
      0.25589299254244,
      -1.68549787426567,
      -0.35918359399901
    ],
    [
      0.16924359219024,
      -0.40704694779579,
      -1.07751157989335
    ],
    [
      2.29779074077708,
      0.69952951388904,
      -2.16406936045661
    ],
    [
      1.27181398383269,
      1.15622963125993,
      0.41477130944387
    ],
    [
      -1.15816187174954,
      0.19087074004556,
      -1.27272221036687
    ],
    [
      -0.59197179257537,
      -0.67901948101382,
      1.62774359578297
    ]
  ],
  "energies": -42026.95285652677,
  "forces": [
    [
      0.0004625466356855824,
      -0.0005804178405323949,
      0.003494328565041935
    ],
    [
      -0.003573848575187861,
      0.0025208591613023264,
      0.004334014359539782
    ],
    [
      0.0027145129176147954,
      -0.0006016966518489055,
      0.004045517794107697
    ],
    [
      0.0037485440952274786,
      0.005071420582731255,
      -0.005556180522958583
    ],
    [
      0.01212282235343619,
      -0.0014217953696154522,
      -0.003700808167594312
    ],
    [
      -0.0026458258914986857,
      -0.0023192044913050484,
      -0.0018341794703218685
    ],
    [
      -0.012749104512625857,
      0.0012537146300201528,
      -0.0005001026909630479
    ],
    [
      -7.963997782844899e-05,
      -0.003922878683778188,
      -0.0002825955747010493
    ]
  ]
}