{
  "name": "system66",
  "subset": "prod",
  "atomic_number": [
    6,
    6,
    7,
    6,
    1,
    1,
    1,
    1,
    1,
    1,
    1
  ],
  "charge": [
    0,
    0,
    0,
    0,
    0,
    0,
    0,
    0,
    0,
    0,
    0
  ],
  "positition": [
    [
      2.36724583297008,
      -0.48058788502815,
      0.09490993724111
    ],
    [
      -0.86353613446344,
      1.80056069829118,
      -0.64240468328868
    ],
    [
      -1.10260880260229,
      0.69519021547623,
      -0.32901825626469
    ],
    [
      -1.37753881478983,
      -0.64092219804074,
      0.04943932767147
    ],
    [
      2.14702560909404,
      -1.50030588367926,
      -0.25462317109715
    ],
    [
      3.43642739053472,
      -0.27186706340613,
      -0.05380941901596
    ],
    [
      1.76897119185621,
      0.24614408123247,
      -0.47208455523652
    ],
    [
      2.12781222487716,
      -0.39769195340386,
      1.16535300169238
    ],
    [
      -2.14431392837552,
      -0.66278805675232,
      0.83935966185345
    ],
    [
      -1.74475207836522,
      -1.21257948731547,
      -0.81691222705239
    ],
    [
      -0.46138449073593,
      -1.11969846737391,
      0.42696538349702
    ]
  ],
  "energies": -4707.5693399050115,
  "forces": [
    [
      0.00118595782909771,
      -0.012160750241680786,
      -1.4277645460074494e-05
    ],
    [
      -0.0020969382113117585,
      -0.00200314862897029,
      0.0002631388014877557
    ],
    [
      0.005786802940276142,
      0.003411574723940821,
      -0.0026239677591743337
    ],
    [
      -0.0014834090332929307,
      -0.0008289285551728545,
      0.0017301966973093225
    ],
    [
      -0.0002929501792407239,
      7.605385429162596e-05,
      -0.002277785456081544
    ],
    [
      -0.0027161754958879647,
      0.0031758368908111675,
      -0.0006284395720144504
    ],
    [
      -0.0019125237663258387,
      0.0048826499173317646,
      0.005405222354685138
    ],
    [
      -0.002358535070695739,
      0.003240730973836616,
      -0.000951069591360525
    ],
    [
      0.004536111259314039,
      0.0005239958001704385,
      -0.003197773390365765
    ],
    [
      -0.0027084564265528787,
      -0.0014916200061218046,
      0.0019237801596560789
    ],
    [
      0.002060115280444802,
      0.0011736042431219598,
      0.0003709764811818065
    ]
  ]
}