{
  "name": "system66",
  "subset": "react",
  "atomic_number": [
    6,
    6,
    7,
    6,
    1,
    1,
    1,
    1,
    1,
    1,
    1
  ],
  "charge": [
    0,
    0,
    0,
    0,
    0,
    0,
    0,
    0,
    0,
    0,
    0
  ],
  "positition": [
    [
      -2.49354793998164,
      -0.03757721804034,
      1.20454536791666
    ],
    [
      -1.13077300292356,
      -0.07374767173633,
      1.82630727732501
    ],
    [
      -0.06589323325389,
      0.02998966045042,
      1.14774343863779
    ],
    [
      1.20289452965476,
      -0.01388009817953,
      1.83330257549028
    ],
    [
      -1.09969536950108,
      -0.19818944906753,
      2.93349699960517
    ],
    [
      -3.04552373277319,
      -0.96829618010633,
      1.42387457829569
    ],
    [
      -3.09075972858942,
      0.79023030968799,
      1.62541426346802
    ],
    [
      -2.40990159357708,
      0.08881868736943,
      0.11600908513453
    ],
    [
      1.81237159330124,
      -0.84088440445006,
      1.42973427721518
    ],
    [
      1.765432473907,
      0.91318853745224,
      1.62729742036517
    ],
    [
      1.12091900373683,
      -0.13968617337995,
      2.93399171654648
    ]
  ],
  "energies": -4708.439750965101,
  "forces": [
    [
      -0.001381410329317004,
      -0.0032454909088989133,
      -0.00091148652962042
    ],
    [
      -0.004206313415192087,
      -0.0009652650643573891,
      0.005947136585509791
    ],
    [
      0.0017642016988997206,
      0.0031936736632228427,
      -0.0031846392174115818
    ],
    [
      0.005545969180297823,
      0.0019250416972280099,
      0.001388432012578209
    ],
    [
      -0.000813838749585153,
      0.0009870396358227188,
      -0.002910956835287594
    ],
    [
      0.0003922032533664215,
      -0.0010036604820359723,
      -0.0005079475386742375
    ],
    [
      0.0016090545861969516,
      0.0011686546120541657,
      -0.002632802327410814
    ],
    [
      -0.0031686660835553997,
      0.0013626425089585889,
      0.002214454603895647
    ],
    [
      -0.0011219726311080857,
      -0.0011612816646526657,
      0.0021695883875605983
    ],
    [
      -0.00015802505153162188,
      -0.0010278865491277738,
      0.002003477215978998
    ],
    [
      0.001538795998866423,
      -0.0012334681167004836,
      -0.0035752542488138466
    ]
  ]
}