{
  "name": "system66",
  "subset": "sp",
  "atomic_number": [
    6,
    6,
    7,
    6,
    1,
    1,
    1,
    1,
    1,
    1,
    1
  ],
  "charge": [
    0,
    0,
    0,
    0,
    0,
    0,
    0,
    0,
    0,
    0,
    0
  ],
  "positition": [
    [
      -1.75720607854599,
      -0.06272897679662,
      -0.23504166718347
    ],
    [
      -0.26830099436456,
      0.48047120747852,
      -0.8170196315324
    ],
    [
      0.9913443150672,
      0.54217107065949,
      -0.74548381063142
    ],
    [
      1.82146221378097,
      -0.00226218609779,
      0.29875925042948
    ],
    [
      -0.48358163042424,
      -0.17175701092799,
      0.32258686752244
    ],
    [
      -2.0208186569283,
      -0.83155231725082,
      0.54194519837883
    ],
    [
      -2.2225306102707,
      0.88347363955412,
      0.06790028035158
    ],
    [
      -2.23477798138481,
      -0.40465805155754,
      -1.16754527802402
    ],
    [
      2.5580588835815,
      -0.70220265506994,
      -0.13137331604856
    ],
    [
      2.39361145784283,
      0.8052650066091,
      0.78699069572116
    ],
    [
      1.22273908164611,
      -0.53621972660054,
      1.07828141101636
    ]
  ],
  "energies": -4703.0964793701,
  "forces": [
    [
      0.0016138629094243813,
      0.0038282821349378696,
      -0.0007233577144623534
    ],
    [
      -0.006909775833433272,
      0.009619523365246659,
      -0.003499203017047642
    ],
    [
      0.0005455337272830178,
      -0.003662643892107301,
      -0.0014522319368601066
    ],
    [
      0.003520336663868756,
      0.0032068737078449687,
      0.005486510204075569
    ],
    [
      0.0001482233884793712,
      -0.004864293730620408,
      -0.0040434370001628805
    ],
    [
      -0.0027876083061205044,
      -0.0033273952060296247,
      0.0019251794569457449
    ],
    [
      0.0014459525311373523,
      0.0008358938284264613,
      0.0027147696679957777
    ],
    [
      0.0017031146486113158,
      -0.0037938475533989976,
      -0.0009287393530382155
    ],
    [
      -0.0014728658640332354,
      -0.0026011557989275205,
      0.0026449646747190546
    ],
    [
      0.0024071618342191813,
      0.001172149409999836,
      -0.001998115025666937
    ],
    [
      -0.00021393914471485857,
      -0.00041338765376775383,
      -0.00012633918516700442
    ]
  ]
}