{
  "name": "system67",
  "subset": "prod",
  "atomic_number": [
    6,
    6,
    1,
    1,
    6,
    1,
    1,
    1,
    6,
    1,
    1,
    1,
    8,
    1,
    1
  ],
  "charge": [
    0,
    0,
    0,
    0,
    0,
    0,
    0,
    0,
    0,
    0,
    0,
    0,
    0,
    0,
    0
  ],
  "positition": [
    [
      -1.39595709364414,
      0.32760183752831,
      0.22838680193153
    ],
    [
      0.07260685571999,
      -0.11680191657143,
      0.20160410573765
    ],
    [
      -1.7402404574553,
      0.65123866939359,
      -0.76705590903824
    ],
    [
      -2.03601417737575,
      -0.50088264264377,
      0.56852383020242
    ],
    [
      0.9847549170691,
      1.04525111926211,
      -0.21406488226431
    ],
    [
      0.74604013374204,
      1.406914777665,
      -1.22716270634232
    ],
    [
      2.03810951468346,
      0.72627824816597,
      -0.19385892115344
    ],
    [
      0.87132289692013,
      1.89617403397747,
      0.47989481294313
    ],
    [
      0.25909739777461,
      -1.31327277310697,
      -0.73143195505071
    ],
    [
      -0.3704082038202,
      -2.15290376672545,
      -0.39932091214732
    ],
    [
      1.30809081757845,
      -1.64613047469042,
      -0.71421706959066
    ],
    [
      -0.01279320319213,
      -1.05544954313058,
      -1.76651390813757
    ],
    [
      0.45598963544879,
      -0.5879107422553,
      1.4956768236714
    ],
    [
      0.35379853893318,
      0.14491346665833,
      2.1175384965836
    ],
    [
      -1.53439767238221,
      1.17497980647316,
      0.92200150265487
    ]
  ],
  "energies": -6350.274395272899,
  "forces": [
    [
      -0.002898363056836464,
      -0.0029663668379471425,
      -0.00872514886542434
    ],
    [
      0.006476862243771989,
      -0.000866216958591114,
      -0.0021029310932766843
    ],
    [
      0.001910902068596006,
      0.003667825590963874,
      0.002547357466694722
    ],
    [
      -0.0012656021778018616,
      -0.0008296737123470627,
      0.0029537705912367923
    ],
    [
      -0.001976987395227673,
      0.0022445291597879835,
      -0.005110058404034102
    ],
    [
      -0.00022198330435809082,
      -0.0013957868079900264,
      0.002007872002942886
    ],
    [
      0.0009935421104725114,
      -0.002084395700661518,
      -0.0009298749579678417
    ],
    [
      -0.0045787798507678406,
      -0.0023571969656659103,
      -0.002015064664577167
    ],
    [
      -0.000442698334853462,
      0.001332278909627136,
      -0.004411772392556854
    ],
    [
      -0.0007527674858713449,
      0.0007283368617966576,
      0.0011018295789874024
    ],
    [
      0.0022511034710655017,
      -0.0001989179875867228,
      0.0021818446829854126
    ],
    [
      -0.0014803144018733585,
      0.005700974470939557,
      0.002686473492871698
    ],
    [
      9.798454315264251e-05,
      -0.003656096423148804,
      0.005953385343680561
    ],
    [
      -0.0004997056611830423,
      0.000988855606122019,
      0.004308859044273588
    ],
    [
      0.0023868070774482864,
      -0.000308145451488028,
      -0.0004465424943229451
    ]
  ]
}