{
  "name": "system67",
  "subset": "react",
  "atomic_number": [
    6,
    6,
    1,
    1,
    6,
    1,
    1,
    1,
    6,
    1,
    1,
    1,
    8,
    1,
    1
  ],
  "charge": [
    0,
    0,
    0,
    0,
    0,
    0,
    0,
    0,
    0,
    0,
    0,
    0,
    0,
    0,
    0
  ],
  "positition": [
    [
      -1.55777489115969,
      0.30400492065676,
      -0.49378497498101
    ],
    [
      -0.24829162666159,
      0.02279427413032,
      -0.59321920809706
    ],
    [
      -1.91666243896113,
      1.33567542947679,
      -0.42441064230894
    ],
    [
      -2.31381507681405,
      -0.48720677429486,
      -0.49308003696414
    ],
    [
      0.80692586295381,
      1.09824081414844,
      -0.57903736699651
    ],
    [
      0.36955383496742,
      2.10792467805798,
      -0.56926500679587
    ],
    [
      1.47114195612914,
      1.01371488234804,
      -1.45628579448017
    ],
    [
      1.43608864961735,
      0.97668522192571,
      0.31900566790538
    ],
    [
      0.26809765383056,
      -1.38995916458643,
      -0.67494909322725
    ],
    [
      -0.54762928470719,
      -2.12553137583994,
      -0.73480504561878
    ],
    [
      0.87602793097754,
      -1.61431742984494,
      0.21813866958022
    ],
    [
      0.92151476511996,
      -1.5194065566273,
      -1.55505453463975
    ],
    [
      0.33763434657377,
      -0.24417419506564,
      2.44699221643727
    ],
    [
      0.45474534403387,
      0.6442364048509,
      2.80915005659263
    ],
    [
      -0.35755710589976,
      -0.12268110933583,
      1.78060499359397
    ]
  ],
  "energies": -6349.605151096391,
  "forces": [
    [
      0.00019015731286065182,
      -0.00012895759682325173,
      0.0024254298835075442
    ],
    [
      0.00022721827647617012,
      -0.0003607948604758243,
      0.006802045882969776
    ],
    [
      0.0009621606113230025,
      -0.000988022928589623,
      -0.0040334642044713535
    ],
    [
      0.004705594330100962,
      0.0010374535732878905,
      -0.00174068150252287
    ],
    [
      -0.0036112629626704924,
      0.00031184213246909553,
      0.002680396227294677
    ],
    [
      0.0002518629706161551,
      -0.0009371787426891053,
      0.0017001201359563688
    ],
    [
      -0.0003662860173321483,
      -0.001066116953393064,
      0.0027066821081279217
    ],
    [
      -7.000970452581086e-05,
      0.0001488013210914011,
      -0.0024230035846939464
    ],
    [
      0.00047715585063425633,
      -0.004336686044457535,
      -0.0028906369941002533
    ],
    [
      0.0012153988651234925,
      0.0030449172850180784,
      0.001831804902107764
    ],
    [
      0.004326489151397626,
      0.003022364440567334,
      -0.002685802486318234
    ],
    [
      -0.00219534606092069,
      -0.0007991160461344104,
      -0.00026255778355170037
    ],
    [
      -0.0003193179240047767,
      -0.008619016958539815,
      -0.009687657912673947
    ],
    [
      0.003970261187544242,
      0.006311988030014249,
      -0.004991603764414081
    ],
    [
      -0.009764077069330185,
      0.003358526176868269,
      0.010568928424295465
    ]
  ]
}