{
  "name": "system67",
  "subset": "sp",
  "atomic_number": [
    6,
    6,
    1,
    1,
    6,
    1,
    1,
    1,
    6,
    1,
    1,
    1,
    8,
    1,
    1
  ],
  "charge": [
    0,
    0,
    0,
    0,
    0,
    0,
    0,
    0,
    0,
    0,
    0,
    0,
    0,
    0,
    0
  ],
  "positition": [
    [
      -1.47721150435957,
      0.27045393665048,
      0.0546490000156
    ],
    [
      -0.08957279254704,
      -0.00972693370309,
      -0.16205144236993
    ],
    [
      -1.80345157049582,
      1.31187397563887,
      -0.04515066551235
    ],
    [
      -2.20258985085276,
      -0.48516209883194,
      -0.26506433707605
    ],
    [
      0.87107729395162,
      1.12607667187074,
      -0.38014911090157
    ],
    [
      0.84226178757022,
      1.40004559806908,
      -1.45042135745163
    ],
    [
      1.90556395760489,
      0.85185452471436,
      -0.12764001390586
    ],
    [
      0.57697653212699,
      2.01644326832909,
      0.19447459848733
    ],
    [
      0.32753803702542,
      -1.35885719597707,
      -0.67213129472031
    ],
    [
      -0.31577518688043,
      -2.14727390981051,
      -0.25846274225965
    ],
    [
      1.37349166650624,
      -1.58674473128353,
      -0.42470811572669
    ],
    [
      0.21576473241589,
      -1.36496592286532,
      -1.77180924058649
    ],
    [
      0.15357532373563,
      -0.37139291736775,
      1.76244214770853
    ],
    [
      0.62518133883711,
      0.34016139618014,
      2.22768620815345
    ],
    [
      -1.0028297646384,
      0.00721433838646,
      1.31833636614563
    ]
  ],
  "energies": -6347.417624958111,
  "forces": [
    [
      0.005430995917463962,
      0.007477515100525906,
      0.0033859611866347847
    ],
    [
      -0.0007423360567634371,
      0.0042795189497655045,
      0.003779002311162378
    ],
    [
      -0.000217408437315252,
      -0.003569956078975313,
      0.0010088149271969878
    ],
    [
      -0.002567923568161358,
      -0.004345559179244332,
      -0.0006900332839298978
    ],
    [
      0.003828885264362774,
      -0.0015137519609534132,
      -0.001919886583580122
    ],
    [
      0.0008224267490099342,
      -0.0008177968089332413,
      0.001095277173510465
    ],
    [
      -0.001585271108836598,
      -0.0036692290534409747,
      -0.0014634922896895127
    ],
    [
      -0.0023726957309531827,
      0.0021739086125272047,
      0.0006630046627595981
    ],
    [
      0.004700670564332914,
      0.0016238047490315206,
      0.0010539005614923114
    ],
    [
      -0.0004647313536279886,
      -0.0014633009995999363,
      -0.005470411600375686
    ],
    [
      -0.0008208760651547536,
      0.0014310201799190819,
      -0.0007934869238720825
    ],
    [
      -0.002803113704854431,
      -0.0022662477840443194,
      0.00044109324645129973
    ],
    [
      0.001118629425416198,
      9.397465036092683e-05,
      0.0008444194014617947
    ],
    [
      0.00041691212224613544,
      0.002020022728863964,
      0.001623011717912851
    ],
    [
      -0.004744162988723573,
      -0.0014539196605240833,
      -0.0035571737358041622
    ]
  ]
}