{
  "name": "system68",
  "subset": "prod",
  "atomic_number": [
    6,
    6,
    6,
    6,
    6,
    6,
    1,
    1,
    1,
    1,
    1,
    1,
    1,
    1,
    1,
    1
  ],
  "charge": [
    0,
    0,
    0,
    0,
    0,
    0,
    0,
    0,
    0,
    0,
    0,
    0,
    0,
    0,
    0,
    0
  ],
  "positition": [
    [
      -0.49880705898803,
      1.65891231167891,
      0.6729287763613
    ],
    [
      -0.25025301229909,
      0.65612043509711,
      -0.18998884345452
    ],
    [
      0.24800338235293,
      -0.65688384441255,
      0.19023397958645
    ],
    [
      0.49655681419112,
      -1.65967355965962,
      -0.67268631584732
    ],
    [
      -1.00961813668942,
      3.01562655590356,
      0.30008066385133
    ],
    [
      1.0073683976586,
      -3.01638994419559,
      -0.29984727206063
    ],
    [
      -0.31554492833411,
      1.48150189406705,
      1.7414046018819
    ],
    [
      -0.42938822977684,
      0.8204028911157,
      -1.26115408655112
    ],
    [
      0.4271390737678,
      -0.82116780646876,
      1.26139886876741
    ],
    [
      0.31329472654998,
      -1.48225848073959,
      -1.74116139344638
    ],
    [
      -0.30522308745019,
      3.80897351363362,
      0.60952034429718
    ],
    [
      -1.96587121423292,
      3.23818873050989,
      0.80726464270901
    ],
    [
      -1.1700883434908,
      3.10640966699437,
      -0.78570426776724
    ],
    [
      1.96362026834885,
      -3.23894767736979,
      -0.80703547205035
    ],
    [
      0.30297176388303,
      -3.80973356771702,
      -0.6092918124921
    ],
    [
      1.16784059450914,
      -3.1071821184373,
      0.78593658621508
    ]
  ],
  "energies": -6376.05100140474,
  "forces": [
    [
      0.0026624316710462817,
      -0.0024711612246993224,
      -0.00042819268394790833
    ],
    [
      0.0011749343777313892,
      0.0010378042717854477,
      -0.004110019423917111
    ],
    [
      -0.001171870239597602,
      -0.0010434696980271413,
      0.004099183868783939
    ],
    [
      -0.002655584462858715,
      0.0024449240919856793,
      0.00043287682288331434
    ],
    [
      -0.002181323983134055,
      -0.0003754405850921324,
      0.0007036661995127918
    ],
    [
      0.002159801996862273,
      0.0003937850475721917,
      -0.0007133486662135269
    ],
    [
      0.0009191746942931847,
      -0.0009026510872087994,
      -0.0018315292284060921
    ],
    [
      0.000786386462004095,
      0.00019281547377476003,
      0.004035273078525394
    ],
    [
      -0.0007849104944123968,
      -0.00018392480406308429,
      -0.00403508158274755
    ],
    [
      -0.0009234112555566354,
      0.000904636647485364,
      0.0018365012280730703
    ],
    [
      -3.587887313724233e-05,
      0.0012993528458484303,
      -0.0015227701059694063
    ],
    [
      -0.002177565184295942,
      0.0016350895787648617,
      -0.002577990980456333
    ],
    [
      0.0013150880498001844,
      0.0010431275870147884,
      0.002842065303610665
    ],
    [
      0.002172998030563167,
      -0.0016402219124370286,
      0.0025874717183878714
    ],
    [
      4.845825340958662e-05,
      -0.0012946993030429428,
      0.001519358406084154
    ],
    [
      -0.0013087290427175745,
      -0.001039966878239005,
      -0.0028374640056253423
    ]
  ]
}