{
  "name": "system68",
  "subset": "react",
  "atomic_number": [
    6,
    6,
    6,
    6,
    6,
    6,
    1,
    1,
    1,
    1,
    1,
    1,
    1,
    1,
    1,
    1
  ],
  "charge": [
    0,
    0,
    0,
    0,
    0,
    0,
    0,
    0,
    0,
    0,
    0,
    0,
    0,
    0,
    0,
    0
  ],
  "positition": [
    [
      -0.19212759072851,
      0.74433745524192,
      0.1865969099088
    ],
    [
      1.31571703000854,
      0.95055654890566,
      0.15064009992389
    ],
    [
      1.58747307029651,
      -0.32365749833781,
      -0.17328330519349
    ],
    [
      0.12788609163021,
      -0.75645096327225,
      -0.18703100516984
    ],
    [
      -0.91386702222038,
      0.99510699455757,
      1.50447609138541
    ],
    [
      -0.446191481006,
      -1.28866856779573,
      -1.49439061850855
    ],
    [
      -0.71890614711967,
      1.26056062766868,
      -0.63744287861974
    ],
    [
      1.93908264360505,
      1.83024831801764,
      0.33929529704134
    ],
    [
      2.51441608158343,
      -0.87096601016983,
      -0.37167883912958
    ],
    [
      -0.12787050401332,
      -1.44035177526183,
      0.64353920486795
    ],
    [
      -0.41206508482312,
      0.46897793672418,
      2.3337456110331
    ],
    [
      -1.95859914276024,
      0.64459368793757,
      1.45948910961203
    ],
    [
      -0.93225231905515,
      2.06991581996369,
      1.75133682695329
    ],
    [
      -0.02706166363781,
      -2.27901169187869,
      -1.73951876486321
    ],
    [
      -0.21338787906346,
      -0.60961874125518,
      -2.33146537537153
    ],
    [
      -1.54225908269611,
      -1.39555914104559,
      -1.4343083538699
    ]
  ],
  "energies": -6375.391612331881,
  "forces": [
    [
      -0.0012991241204940117,
      -0.001903675982618116,
      -0.002949177315093935
    ],
    [
      0.004928075965711227,
      -0.0005236063294342951,
      0.003080131579360243
    ],
    [
      0.0024733890857560176,
      -0.010872606275172605,
      -0.0031512084974664504
    ],
    [
      -0.0031796940600636245,
      0.002887882005433814,
      -0.00496721350666206
    ],
    [
      -0.0041310306347964836,
      0.0002875391893869939,
      0.007275627488564707
    ],
    [
      0.007502896570043164,
      -0.002790229545990442,
      0.0031893656252861367
    ],
    [
      0.00011433388085165829,
      -0.0009811554601076222,
      -0.0009948561499749414
    ],
    [
      -0.0012874254973867932,
      0.002481774842190932,
      -0.0006570220652080903
    ],
    [
      0.0009744117645411082,
      0.00191486444739773,
      -0.0006999216960093302
    ],
    [
      0.00046437371315137424,
      0.00141880306810939,
      0.002274461739353084
    ],
    [
      -0.0001483907673077507,
      0.003615543901177842,
      -0.0006223130440971564
    ],
    [
      -0.0017986323723614937,
      0.0007677401005681473,
      2.4868791508365336e-05
    ],
    [
      -0.001572301332230903,
      -0.0008746383505185221,
      -6.589537351583442e-05
    ],
    [
      -0.00093878696783736,
      0.00205959288366523,
      -0.00021239704834488213
    ],
    [
      -0.00146992452179566,
      0.0014768491201941983,
      -0.0015320158450543417
    ],
    [
      -0.0006321708086246028,
      0.00103532212860699,
      7.564905977948971e-06
    ]
  ]
}