{
  "name": "system68",
  "subset": "sp",
  "atomic_number": [
    6,
    6,
    6,
    6,
    6,
    6,
    1,
    1,
    1,
    1,
    1,
    1,
    1,
    1,
    1,
    1
  ],
  "charge": [
    0,
    0,
    0,
    0,
    0,
    0,
    0,
    0,
    0,
    0,
    0,
    0,
    0,
    0,
    0,
    0
  ],
  "positition": [
    [
      -0.17490839928854,
      0.95614803451072,
      0.48005271918634
    ],
    [
      1.24879571606933,
      0.79573409319449,
      0.43780239043891
    ],
    [
      1.46336024117264,
      -0.26000457934811,
      -0.42013576194426
    ],
    [
      0.20984048955666,
      -0.95350197316442,
      -0.47539070448175
    ],
    [
      -0.95202137882846,
      1.34668136345689,
      1.70739053396893
    ],
    [
      -0.34565014422058,
      -1.6007806110664,
      -1.71447643830845
    ],
    [
      -0.66128279068823,
      1.19691898489968,
      -0.46866536148672
    ],
    [
      1.97277139013456,
      1.34257324232488,
      1.05521581652807
    ],
    [
      2.34753455676375,
      -0.48610743699795,
      -1.02946278513015
    ],
    [
      -0.15388892061692,
      -1.3668700574165,
      0.46853636355491
    ],
    [
      -0.54380212140746,
      0.88983944766754,
      2.62270215228952
    ],
    [
      -2.01063246862042,
      1.05346644359557,
      1.62001774379123
    ],
    [
      -0.93928907623802,
      2.44562179709482,
      1.84670992659691
    ],
    [
      0.20659345221115,
      -2.53329286692209,
      -1.94473913438848
    ],
    [
      -0.26383383423694,
      -0.94761426035875,
      -2.59827183327301
    ],
    [
      -1.40358671176249,
      -1.87881162147037,
      -1.58728562734202
    ]
  ],
  "energies": -6374.036460084953,
  "forces": [
    [
      -0.0009671952944897644,
      -0.00013301387231948303,
      -0.002116407994308026
    ],
    [
      -0.000701849920681089,
      0.00018539172137097443,
      -0.00028651321630440463
    ],
    [
      -0.0004685988587159308,
      -0.00020113283886044397,
      0.0005347676947845524
    ],
    [
      -0.0005948273835945565,
      0.0070163178313028445,
      0.004284971231539108
    ],
    [
      -0.002384995169492286,
      -0.004558294019147932,
      0.004376058070034301
    ],
    [
      0.0031372872069313123,
      0.0009805726938212859,
      -0.0041108886625392084
    ],
    [
      -0.0006883001031586131,
      -4.522503951920555e-05,
      -0.0013253027348953058
    ],
    [
      0.0015486891417760276,
      -0.0020893959824653963,
      -0.0009429324606199932
    ],
    [
      0.0018010300805057886,
      -0.0012810665931483173,
      -0.0013744308635728804
    ],
    [
      0.0013435797830454095,
      0.00136566787485379,
      0.0005902240801486167
    ],
    [
      0.0010271063221038098,
      0.004851479454345595,
      -0.0002958566573168121
    ],
    [
      -6.573514235478048e-05,
      0.0008477545338891491,
      -0.0004431767657656719
    ],
    [
      -0.0006079597053543247,
      -0.0009494077329962949,
      0.002235650574262074
    ],
    [
      -0.0033491689547418806,
      -0.0021747676181579517,
      -0.00277642251528838
    ],
    [
      0.0024206143097686545,
      -0.0033169522583786884,
      0.002449203847785486
    ],
    [
      -0.0014496764658139777,
      -0.0004979279489016572,
      -0.0007989433194110534
    ]
  ]
}