{
  "name": "system69",
  "subset": "prod",
  "atomic_number": [
    6,
    6,
    6,
    6,
    6,
    6,
    1,
    1,
    1,
    1,
    1,
    1,
    1,
    1,
    1,
    1
  ],
  "charge": [
    0,
    0,
    0,
    0,
    0,
    0,
    0,
    0,
    0,
    0,
    0,
    0,
    0,
    0,
    0,
    0
  ],
  "positition": [
    [
      1.47645898147958,
      0.08164988823451,
      0.23366776879569
    ],
    [
      0.65140023287841,
      1.33211201445399,
      0.0643798339542
    ],
    [
      -0.66645487743185,
      1.31930133838826,
      -0.1769445396288
    ],
    [
      -1.48010012158388,
      0.05381014546532,
      -0.2754272331885
    ],
    [
      0.72832298715621,
      -1.17264497154767,
      -0.23579532882956
    ],
    [
      -0.72017213668881,
      -1.16553907644567,
      0.2622397439596
    ],
    [
      1.17335193139377,
      2.29248172106369,
      0.14486496708488
    ],
    [
      2.42960040429207,
      0.18813191091216,
      -0.31377689979547
    ],
    [
      1.76379544235085,
      -0.02417049845813,
      1.29847818562462
    ],
    [
      0.7277439370149,
      -1.20278732904871,
      -1.3404383049773
    ],
    [
      1.25403201296051,
      -2.07990687714479,
      0.104561466203
    ],
    [
      -0.71951532367487,
      -1.13478713443225,
      1.3668375884388
    ],
    [
      -1.23735176933591,
      -2.0951125738772,
      -0.02709228931641
    ],
    [
      -2.43375484282584,
      0.18177991512955,
      0.26661325780893
    ],
    [
      -1.76749355947028,
      -0.11358866194575,
      -1.33232079937801
    ],
    [
      -1.19708629851487,
      2.26879818925273,
      -0.31125241675569
    ]
  ],
  "energies": -6376.616241099001,
  "forces": [
    [
      -0.0006533828740980298,
      -0.001390737058157607,
      0.0021072305437281865
    ],
    [
      0.004145663709584287,
      0.003155684325608073,
      -0.0020123066934308364
    ],
    [
      -0.0051573235626430555,
      0.0008750931787019373,
      0.0010115317606896462
    ],
    [
      0.0013192368335951114,
      -0.0008253338441508274,
      -0.0021639622992002286
    ],
    [
      0.0020977645639299026,
      0.0008614707532207297,
      0.0022788043329188754
    ],
    [
      -0.004350880180480654,
      -0.002612409826842675,
      -0.0002567676073752452
    ],
    [
      0.0012346258331189586,
      -0.0008004373361483003,
      0.0010965071893552693
    ],
    [
      0.004066967172420746,
      -0.002173723390241545,
      -0.0017616668481024952
    ],
    [
      0.0005879398090843233,
      0.0021210833914920265,
      -0.0004768423302912057
    ],
    [
      0.005795461027978369,
      -0.0004706088958964305,
      -0.00044842212514130343
    ],
    [
      -0.002077164523898986,
      -0.00080401132407729,
      -0.00581017581243078
    ],
    [
      -0.004736224398584078,
      0.0018474098025415108,
      0.0010980711915258264
    ],
    [
      0.001976287283784236,
      -0.0004340788137015544,
      0.004444293764667557
    ],
    [
      -0.0029654070450648986,
      -0.0011222860486070022,
      0.0006434423714646349
    ],
    [
      0.0005241464154049465,
      0.0018719584402601712,
      0.0010496807638227322
    ],
    [
      -0.001807710269819446,
      -9.907407391015562e-05,
      -0.0007994180993564999
    ]
  ]
}