{
  "name": "system69",
  "subset": "sp",
  "atomic_number": [
    6,
    6,
    6,
    6,
    6,
    6,
    1,
    1,
    1,
    1,
    1,
    1,
    1,
    1,
    1,
    1
  ],
  "charge": [
    0,
    0,
    0,
    0,
    0,
    0,
    0,
    0,
    0,
    0,
    0,
    0,
    0,
    0,
    0,
    0
  ],
  "positition": [
    [
      -0.53185346237214,
      -1.39220533263128,
      0.62430528433052
    ],
    [
      -1.39982599972029,
      -0.79224340559391,
      -0.27114479918658
    ],
    [
      -1.45165253828193,
      0.60629495800523,
      -0.43327863030823
    ],
    [
      -0.63635611573883,
      1.45693853379487,
      0.29236876756233
    ],
    [
      1.48459669154029,
      -0.65856867698212,
      -0.11830536757891
    ],
    [
      1.43282620316248,
      0.71697028736317,
      -0.28495993636196
    ],
    [
      -1.89803330973441,
      -1.41498343940507,
      -1.02189979469273
    ],
    [
      -0.25980748132618,
      -0.88917137968624,
      1.55265377585326
    ],
    [
      -0.42700039549834,
      -2.48070444813152,
      0.64211707168284
    ],
    [
      1.97559814238836,
      -1.08277748864846,
      0.76095675004964
    ],
    [
      1.42878913215802,
      -1.31699726293722,
      -0.98643809055382
    ],
    [
      1.33297074780679,
      1.14295776761637,
      -1.28440794063411
    ],
    [
      1.88421514317553,
      1.37426030095163,
      0.46189458381101
    ],
    [
      -0.6120455321482,
      2.52523807670891,
      0.05940716998685
    ],
    [
      -0.3339252466901,
      1.20171634347254,
      1.30843155188335
    ],
    [
      -1.98849597872107,
      1.0032751661031,
      -1.30170039584344
    ]
  ],
  "energies": -6373.8351691372345,
  "forces": [
    [
      -0.0045159893416629295,
      0.0018935041835269483,
      -0.004321873095279049
    ],
    [
      0.005595553988353228,
      0.0008107711147508033,
      0.004385139978413485
    ],
    [
      0.005345308498857403,
      -0.0013372471040611498,
      -0.005436112310295329
    ],
    [
      -0.002932995356223299,
      0.0022232499370949364,
      0.0007133390502869809
    ],
    [
      -0.0012336949908604868,
      0.001830145923379291,
      0.001637786306229288
    ],
    [
      -0.006377386563517856,
      -0.0007468321966215604,
      0.0016639807586272463
    ],
    [
      -0.0020289346873114153,
      -0.0024892635920875194,
      0.00033766300354964114
    ],
    [
      0.002664510922329085,
      -0.001985164120959864,
      0.0015050647683612145
    ],
    [
      -0.0019717037264120585,
      0.0021369913221671376,
      -0.00014158881053922317
    ],
    [
      -0.00037978796091016294,
      -3.1326066161185354e-05,
      -0.0021604496577972776
    ],
    [
      -0.0011484546871272808,
      0.002588032630295694,
      -0.001080135894433606
    ],
    [
      0.0010052824882982073,
      -0.000797937092402227,
      -0.00012773992227454913
    ],
    [
      0.0040421953115088475,
      0.001238377484289746,
      0.0030240340636636946
    ],
    [
      3.442779382601606e-05,
      -0.0021569728575750896,
      -0.0014974244776329109
    ],
    [
      0.002319787051903116,
      -0.0017085091319815095,
      -0.00043871348460841945
    ],
    [
      -0.0004181180725635413,
      -0.001467820690764787,
      0.0019370299294170815
    ]
  ]
}