{
  "name": "system6",
  "subset": "prod",
  "atomic_number": [
    7,
    5,
    7,
    5,
    1,
    1,
    1,
    1,
    1,
    1,
    1,
    1
  ],
  "charge": [
    0,
    0,
    0,
    0,
    0,
    0,
    0,
    0,
    0,
    0,
    0,
    0
  ],
  "positition": [
    [
      1.78482810304745,
      -0.04074882758445,
      0.08372689920237
    ],
    [
      1.62991128732295,
      1.30148067056635,
      -0.22710853045713
    ],
    [
      -1.79651304180103,
      0.0389687447678,
      0.14435153655321
    ],
    [
      -1.64750315936604,
      -1.32122593371378,
      -0.07868599978424
    ],
    [
      -2.63130392692723,
      0.44178692695567,
      0.55595173535664
    ],
    [
      2.52875191485863,
      2.07977634551921,
      -0.01725219085205
    ],
    [
      -2.53214817750957,
      -2.08518867802442,
      0.22335466192037
    ],
    [
      1.06367831812946,
      -0.73960970486919,
      -0.07089572919106
    ],
    [
      2.63567624735587,
      -0.41874900139961,
      0.48587050841124
    ],
    [
      -1.08640551983332,
      0.72730131117018,
      -0.08869466181654
    ],
    [
      0.58430115106205,
      1.67816409001287,
      -0.7103112527549
    ],
    [
      -0.62133619633921,
      -1.72787194340063,
      -0.57895697658791
    ]
  ],
  "energies": -4458.970745598634,
  "forces": [
    [
      0.006040066442311574,
      0.0023042784650010298,
      -0.0014399261219846836
    ],
    [
      -0.0014976197786437206,
      -0.006360766128681139,
      0.0011239918728385948
    ],
    [
      -0.005954910984989067,
      0.00018652043574361046,
      -0.00041099987008240744
    ],
    [
      0.0021320692019052368,
      0.005182617974600729,
      -0.0005528578237207823
    ],
    [
      0.0022829526539151985,
      0.0001657637126742696,
      0.0013749395820826064
    ],
    [
      -0.0002501904164619702,
      -0.00024960873003904263,
      0.0009376949173985593
    ],
    [
      -0.0009030300164211891,
      -0.0009378739176141012,
      0.0014848142441203122
    ],
    [
      0.001252932706067975,
      0.0028851309762665403,
      -0.0018113212816367405
    ],
    [
      -0.0026497853906646525,
      3.4431804747249114e-05,
      0.0017181200191648547
    ],
    [
      -8.49672525569557e-06,
      -0.0035407962702344482,
      -0.001636826821879447
    ],
    [
      -0.0005859013355007225,
      0.0015142024696831928,
      -0.0005693905839331097
    ],
    [
      0.00014191390084736922,
      -0.001183901563478896,
      -0.00021823813236775694
    ]
  ]
}