{
  "name": "system6",
  "subset": "sp",
  "atomic_number": [
    7,
    5,
    7,
    5,
    1,
    1,
    1,
    1,
    1,
    1,
    1,
    1
  ],
  "charge": [
    0,
    0,
    0,
    0,
    0,
    0,
    0,
    0,
    0,
    0,
    0,
    0
  ],
  "positition": [
    [
      0.62555456895794,
      1.79124976445973,
      0.77136095626394
    ],
    [
      0.64409181394489,
      0.42828189471018,
      0.39219034296462
    ],
    [
      -0.74046945872006,
      -1.85115561098288,
      -0.82007415123199
    ],
    [
      -0.76607841814022,
      -0.42383531892171,
      -0.44115432780726
    ],
    [
      -0.04754650519619,
      -2.10836272413531,
      -1.51731798677186
    ],
    [
      1.62263460736748,
      -0.24200836181921,
      0.61171278144312
    ],
    [
      0.26091844472878,
      0.22855618574393,
      -0.9264850092329
    ],
    [
      -0.15576440346932,
      2.41378866877801,
      0.60618226851232
    ],
    [
      1.42812801433082,
      2.23504743309465,
      1.19552556550737
    ],
    [
      -0.66520583785888,
      -2.50965372084532,
      -0.04988105561132
    ],
    [
      -0.47766019684983,
      -0.25352588354436,
      0.8269216011958
    ],
    [
      -1.72860262909541,
      0.29161767346226,
      -0.64898098523184
    ]
  ],
  "energies": -4458.126583843185,
  "forces": [
    [
      0.011156542731695106,
      0.005943262035598658,
      -0.012985260047206489
    ],
    [
      0.0011687437779185005,
      -0.0028341783926485956,
      0.004179421833830584
    ],
    [
      -0.001119888751839244,
      -0.0022610854198849718,
      -0.003184082265002925
    ],
    [
      -0.002192495067254992,
      0.0016503254230231007,
      -0.004750384596042918
    ],
    [
      0.001029628060273927,
      -0.0018068310553163327,
      0.002241301396636714
    ],
    [
      -0.0011518384648301027,
      0.00047399277644338676,
      0.0020363295405134963
    ],
    [
      -0.0023126790824133333,
      0.00015431232686562212,
      0.0014771119383790974
    ],
    [
      -0.0006627788170409367,
      -0.0007029032503033704,
      0.0031224506550240317
    ],
    [
      -0.006540791545974685,
      -0.0005606256411754702,
      0.004013750835143278
    ],
    [
      0.0005291077707040373,
      0.0010555032844793873,
      -0.0025607804773997525
    ],
    [
      0.00126112403566722,
      -0.001019371569038261,
      0.002509468813487315
    ],
    [
      -0.0011646732070876183,
      -9.239979813421377e-05,
      0.00390067391529958
    ]
  ]
}