{
  "name": "system70",
  "subset": "prod",
  "atomic_number": [
    6,
    6,
    6,
    6,
    6,
    6,
    1,
    1,
    1,
    1,
    1,
    1,
    1,
    1,
    1,
    1
  ],
  "charge": [
    0,
    0,
    0,
    0,
    0,
    0,
    0,
    0,
    0,
    0,
    0,
    0,
    0,
    0,
    0,
    0
  ],
  "positition": [
    [
      -1.32079973217601,
      0.42567773495474,
      -0.23631001264401
    ],
    [
      0.0452560299562,
      1.04726493821129,
      -0.4973776338658
    ],
    [
      1.08682218603532,
      -0.0471865565388,
      -0.3764137510888
    ],
    [
      1.03842753635559,
      1.06846591197701,
      0.63883663510874
    ],
    [
      -1.01780113872525,
      -0.90484492295815,
      0.48790070024425
    ],
    [
      0.36564398034658,
      -1.34606339980396,
      -0.03954774637912
    ],
    [
      0.12745408242045,
      1.81858223535424,
      -1.2694584651686
    ],
    [
      -1.99411576893326,
      1.0759991034116,
      0.34771581508966
    ],
    [
      -1.81576790233182,
      0.23295050117392,
      -1.20411543944536
    ],
    [
      -0.97250304016204,
      -0.74026613166639,
      1.57642313707908
    ],
    [
      -1.79641128922781,
      -1.66520837673018,
      0.3206966163454
    ],
    [
      0.25308703570688,
      -1.94124088779108,
      -0.9626295847099
    ],
    [
      0.90967970532839,
      -1.97429427656022,
      0.68626995277231
    ],
    [
      1.83250661383491,
      1.81880817893873,
      0.58870869451625
    ],
    [
      0.69657505341507,
      0.85610172190859,
      1.65742228708079
    ],
    [
      1.94153364815682,
      -0.08825277388137,
      -1.05858320493491
    ]
  ],
  "energies": -6376.130576363217,
  "forces": [
    [
      -0.004711775673941774,
      0.005102911559461599,
      -0.0027047839653654105
    ],
    [
      0.0048912585370054495,
      5.6733092445786764e-05,
      -0.0019569522266037454
    ],
    [
      0.0017588345720692187,
      0.003548674079490643,
      0.002049299574229527
    ],
    [
      -0.0017135284399502116,
      0.0015938642504680883,
      -0.00027391640395131665
    ],
    [
      0.0009392090401640385,
      -0.0030667291889041157,
      -0.0007961201965057191
    ],
    [
      0.0003394043604295932,
      -0.004540098886350704,
      -0.00653210749012858
    ],
    [
      -0.004859088017658504,
      -0.005207351783182981,
      0.005930332573893562
    ],
    [
      0.002554403061217124,
      -0.0013018802404459273,
      2.293645307123926e-05
    ],
    [
      0.0008419222430397469,
      -0.00017552284967703647,
      -0.0008146678789949199
    ],
    [
      0.004816853942671616,
      -0.000495844892385889,
      0.0002753428520924066
    ],
    [
      0.004356852185086341,
      0.007493818364052808,
      0.0034242651758780813
    ],
    [
      0.0014029560211617142,
      0.0006397945414473033,
      0.0015997026605434742
    ],
    [
      -0.0020862708577600395,
      0.00355334299749419,
      -0.0008159739480769511
    ],
    [
      -0.005559357892484103,
      -0.0047772249096035314,
      -0.00021949781874527243
    ],
    [
      0.0012323319461281196,
      -0.0023826689894433143,
      -0.0031943132508933138
    ],
    [
      -0.004204005181444531,
      -4.18172991331194e-05,
      0.004006453940979005
    ]
  ]
}