{
  "name": "system70",
  "subset": "sp",
  "atomic_number": [
    6,
    6,
    6,
    6,
    6,
    6,
    1,
    1,
    1,
    1,
    1,
    1,
    1,
    1,
    1,
    1
  ],
  "charge": [
    0,
    0,
    0,
    0,
    0,
    0,
    0,
    0,
    0,
    0,
    0,
    0,
    0,
    0,
    0,
    0
  ],
  "positition": [
    [
      -0.42804478498648,
      -1.38508230517836,
      0.68483704989551
    ],
    [
      -1.10071485649969,
      -0.60426680553676,
      -0.22102693556366
    ],
    [
      -0.58779003438624,
      0.75706033882977,
      -0.48555160659263
    ],
    [
      -1.22857976845672,
      1.51039388267709,
      0.51984141726658
    ],
    [
      1.56076843807813,
      -0.80693125265878,
      -0.23175022522195
    ],
    [
      1.26499895021707,
      0.56108859871158,
      -0.49447385459873
    ],
    [
      -1.90177399787348,
      -0.99602141804911,
      -0.8539780677383
    ],
    [
      0.0717221491701,
      -0.91499106485333,
      1.53492950725288
    ],
    [
      -0.70053901993915,
      -2.43463321222519,
      0.83753497216545
    ],
    [
      2.12219157084918,
      -1.10374692399931,
      0.65581899862326
    ],
    [
      1.57651015915315,
      -1.5302162997931,
      -1.05029769851843
    ],
    [
      1.45085067573309,
      0.89917963640325,
      -1.52006877092591
    ],
    [
      1.63077722712194,
      1.28270446206193,
      0.24381090730115
    ],
    [
      -1.6935514381268,
      2.48299494816447,
      0.32487174909442
    ],
    [
      -1.2382782533714,
      1.15524998374773,
      1.55212854165613
    ],
    [
      -0.79854701668273,
      1.12721743169812,
      -1.49662598409578
    ]
  ],
  "energies": -6372.073083430263,
  "forces": [
    [
      -0.0025994064716271695,
      0.004711479020036729,
      -0.0017176124319406045
    ],
    [
      -0.0020534839420948805,
      -0.0063085581267172475,
      -0.0037449133373364213
    ],
    [
      0.0019514180808993338,
      0.00029250522409418996,
      0.005552866267890467
    ],
    [
      -0.0011193287141065614,
      0.0003656191245440519,
      -0.0010056168345784298
    ],
    [
      0.00032682096923601585,
      0.0029043180921600113,
      -0.004591699799390525
    ],
    [
      0.0015527732880326218,
      -0.007660232000233035,
      -0.0028062275167050283
    ],
    [
      -4.513541085626685e-05,
      -0.0011923011524498574,
      0.001203024504632638
    ],
    [
      0.0019575779303161026,
      -0.0028681348518076605,
      0.0011346431827053813
    ],
    [
      0.000207746385175152,
      -0.0008461195178439402,
      0.00044332959214906476
    ],
    [
      -0.0007564660180468278,
      0.0023469064330218304,
      0.0003455635927815568
    ],
    [
      -0.0012675456234054793,
      0.0018744666030045764,
      0.0012014262553653988
    ],
    [
      -0.0012849273619454707,
      -0.0018292458829390066,
      0.0010073713555075567
    ],
    [
      0.001810404220492249,
      0.003458227342886593,
      0.004174231753177074
    ],
    [
      3.4841021557155164e-05,
      0.0035368162536637123,
      -0.0009088607646085789
    ],
    [
      -0.00018153738033220747,
      -0.0005470061981741539,
      0.0004964013305738751
    ],
    [
      0.0014662491295503678,
      0.0017612593282208032,
      -0.0007839265845806875
    ]
  ]
}