{
  "name": "system71",
  "subset": "prod",
  "atomic_number": [
    6,
    6,
    6,
    6,
    6,
    6,
    1,
    1,
    1,
    1,
    1,
    1,
    1,
    1,
    1,
    1
  ],
  "charge": [
    0,
    0,
    0,
    0,
    0,
    0,
    0,
    0,
    0,
    0,
    0,
    0,
    0,
    0,
    0,
    0
  ],
  "positition": [
    [
      2.01941430090698,
      -1.13335696310904,
      0.11756543054908
    ],
    [
      1.89774481382909,
      0.18402380143563,
      0.35370959141274
    ],
    [
      0.86602013819262,
      1.0934620363664,
      -0.15547380083022
    ],
    [
      -0.42631797622971,
      0.82394331512803,
      -0.42903099747883
    ],
    [
      -1.15917546025768,
      -0.4742660499573,
      -0.24625290714199
    ],
    [
      -2.6083588658927,
      -0.27541284673637,
      0.20904478319297
    ],
    [
      2.66751180124613,
      0.66262548961817,
      0.9735271517331
    ],
    [
      1.33623768386619,
      -1.67374282904796,
      -0.54185386578364
    ],
    [
      2.83813298668443,
      -1.70858081746072,
      0.55890685227311
    ],
    [
      -1.15533655471371,
      -1.03445532105083,
      -1.20189531726989
    ],
    [
      -0.61655552543004,
      -1.11154430078302,
      0.47158837837891
    ],
    [
      -2.65005566861753,
      0.24319565520861,
      1.18082059405978
    ],
    [
      -3.12915625885158,
      -1.23972796072567,
      0.31812798178218
    ],
    [
      -1.0364546045698,
      1.65603124366038,
      -0.80398590929424
    ],
    [
      -3.17621610740282,
      0.33208903440178,
      -0.5156230970202
    ],
    [
      1.19587829724011,
      2.13047551305189,
      -0.29260886856284
    ]
  ],
  "energies": -6375.709017384856,
  "forces": [
    [
      0.00028404840236255665,
      0.0004838758920499087,
      -0.0029740197785039506
    ],
    [
      0.0063260771621763716,
      -0.001046189976798295,
      -0.0008497036873422138
    ],
    [
      0.0009443060982981813,
      0.0014817468149742308,
      0.0019061408994040985
    ],
    [
      -0.0009332582214499926,
      0.0008072764196492672,
      0.0019648928736259244
    ],
    [
      -0.0006172942503491254,
      -0.007312950344767917,
      7.267928113881316e-05
    ],
    [
      -0.00046041555095915166,
      0.00587215529269354,
      0.0029863314554950215
    ],
    [
      -0.0015772401646646078,
      0.0005909812700865241,
      0.0001731199993260325
    ],
    [
      -0.001522065263695797,
      0.0005372882502471263,
      0.0028054995345012284
    ],
    [
      0.0009453757287157304,
      0.0019498092386862737,
      -0.0009965994094713758
    ],
    [
      -0.001218207744116243,
      -0.001457428239583734,
      -0.0032926547146136308
    ],
    [
      -0.001282804916126311,
      3.1025298490773136e-05,
      0.0017609934247118785
    ],
    [
      3.9080153923960206e-05,
      0.0010257484195781515,
      -0.0018831772440593682
    ],
    [
      -0.0016168436923874152,
      -0.0014903405736705262,
      -0.00061563054079048
    ],
    [
      -0.0002557808179077789,
      0.001735563669873623,
      -0.0007075379212102353
    ],
    [
      0.00100645367729826,
      -0.001371442521565984,
      -0.0009947409131225917
    ],
    [
      -6.143101249517307e-05,
      -0.0018371190127870957,
      0.0006444064838005143
    ]
  ]
}