{
  "name": "system71",
  "subset": "sp",
  "atomic_number": [
    6,
    6,
    6,
    6,
    6,
    6,
    1,
    1,
    1,
    1,
    1,
    1,
    1,
    1,
    1,
    1
  ],
  "charge": [
    0,
    0,
    0,
    0,
    0,
    0,
    0,
    0,
    0,
    0,
    0,
    0,
    0,
    0,
    0,
    0
  ],
  "positition": [
    [
      -1.05346261651819,
      -1.85173935124537,
      -0.01525321404416
    ],
    [
      -1.65160286281243,
      -0.74020487507915,
      -0.47052016204171
    ],
    [
      -1.57584891676437,
      0.59795088550875,
      0.14106719518978
    ],
    [
      -0.48846773107233,
      1.15072060907111,
      0.71100575228502
    ],
    [
      1.54119796284441,
      0.38581223317373,
      0.60967724276397
    ],
    [
      2.00061212276803,
      0.38605978439748,
      -0.74222689047025
    ],
    [
      -2.28879265208743,
      -0.82014203991647,
      -1.36154440166209
    ],
    [
      -0.47227722938872,
      -1.84698811326973,
      0.91081961584749
    ],
    [
      -1.15522931085299,
      -2.80734025880193,
      -0.53698338449068
    ],
    [
      1.88352945935809,
      1.16778303755695,
      1.29042740554786
    ],
    [
      1.28319996765143,
      -0.55649083718508,
      1.09068091011565
    ],
    [
      1.85401994808336,
      -0.49320783004165,
      -1.36921287126261
    ],
    [
      2.49230269482315,
      1.2679657546405,
      -1.15378428731956
    ],
    [
      -0.5485554216759,
      2.16874991346415,
      1.12389107575782
    ],
    [
      0.69054513295463,
      0.8109183647719,
      -0.2892265349349
    ],
    [
      -2.51117054731074,
      1.1801527229548,
      0.06118254871836
    ]
  ],
  "energies": -6370.571041312354,
  "forces": [
    [
      0.0025772355902907735,
      -0.005315435620312195,
      -0.00566789023288248
    ],
    [
      -3.247668633440195e-05,
      0.00400390088677003,
      -0.003547610825409413
    ],
    [
      -0.005776973920684199,
      0.0018008025378589132,
      0.00571633676206077
    ],
    [
      0.0024626043870471983,
      -0.005240907767283546,
      0.002469432311959606
    ],
    [
      0.0006276730232603327,
      -0.0007992325685384373,
      -0.0005095064500601525
    ],
    [
      0.0034661410447456163,
      0.0005111192003503113,
      -0.00212179646129637
    ],
    [
      0.0008220671030727034,
      0.0006586474653267533,
      -0.00037371645460465563
    ],
    [
      0.0019186421695565321,
      -0.0002969442854578428,
      0.002577407957059661
    ],
    [
      -0.002148303405596037,
      -0.001163882541384035,
      0.00257972817214885
    ],
    [
      0.0014835969809481465,
      0.00513323278700977,
      0.0014924853880888703
    ],
    [
      -0.0022275534498897385,
      -0.0010837841358274744,
      -0.0008434727726287261
    ],
    [
      -0.0008240965777945634,
      -0.00034053466888630906,
      0.0017360114018117796
    ],
    [
      0.00017137267748629795,
      -0.003009182187980421,
      -0.001487345906749378
    ],
    [
      -0.001593112819801695,
      0.004124375025230895,
      0.0024946016654501155
    ],
    [
      -0.0013381763008134748,
      0.0008153884564210587,
      -0.002032658210611504
    ],
    [
      0.0004113593617534369,
      0.00020243839372180423,
      -0.002482007527044516
    ]
  ]
}