{
  "name": "system72",
  "subset": "prod",
  "atomic_number": [
    6,
    6,
    6,
    6,
    6,
    6,
    1,
    1,
    1,
    1,
    1,
    1,
    1,
    1,
    1,
    1
  ],
  "charge": [
    0,
    0,
    0,
    0,
    0,
    0,
    0,
    0,
    0,
    0,
    0,
    0,
    0,
    0,
    0,
    0
  ],
  "positition": [
    [
      -2.20302629846201,
      -0.59492319980253,
      0.63776068159273
    ],
    [
      -1.58141087211494,
      0.18849184851075,
      -0.48067985679662
    ],
    [
      -0.36984520908176,
      0.76207985805116,
      -0.50342523782703
    ],
    [
      0.66324192998533,
      0.75908225910205,
      0.58808170635411
    ],
    [
      1.89683943767384,
      -0.06255899732607,
      0.29025806985405
    ],
    [
      2.04367623370482,
      -0.91618487021653,
      -0.72634912933858
    ],
    [
      -2.20315529806041,
      0.29392430631687,
      -1.37900883986627
    ],
    [
      -3.15204473529516,
      -0.13295416963861,
      0.96302302788804
    ],
    [
      -2.45329841346766,
      -1.61756752365587,
      0.30463087302052
    ],
    [
      2.72625829202963,
      0.07124729544787,
      0.99715213987052
    ],
    [
      -1.54827751199644,
      -0.68081596266403,
      1.51686410805165
    ],
    [
      1.24087154670828,
      -1.08692485407955,
      -1.45009483495349
    ],
    [
      2.97090843622828,
      -1.47915956668228,
      -0.86428745723373
    ],
    [
      0.9861832740868,
      1.80010007716831,
      0.78187559941705
    ],
    [
      0.23258115597843,
      0.41313341061358,
      1.54431000994876
    ],
    [
      -0.07003296791701,
      1.28077108885485,
      -1.42212585998175
    ]
  ],
  "energies": -6375.638511655622,
  "forces": [
    [
      0.0026413549484534367,
      0.0015110782705750436,
      -0.00024954918328535185
    ],
    [
      0.005251881030712386,
      0.0030877869367542045,
      6.844529097871717e-05
    ],
    [
      -0.006353633682287421,
      0.001971314049987647,
      -0.010745803931447317
    ],
    [
      0.0007218140754303643,
      -0.0006792991845350954,
      0.000692428318126704
    ],
    [
      -0.003186870626590906,
      0.003910373454126589,
      0.005193492713349024
    ],
    [
      0.0016137594996474623,
      -0.005250667727039387,
      0.0024025949890188083
    ],
    [
      0.0003336462202009354,
      0.0019046838551330899,
      0.0015759791927354152
    ],
    [
      0.0008722025900445801,
      -0.0026873892170424453,
      0.0024533280518323434
    ],
    [
      -0.002476043081482691,
      -0.0007578235606180164,
      0.0011984883584063182
    ],
    [
      -0.0018459318294891964,
      -0.0013519768523350838,
      -0.005703222078070013
    ],
    [
      -0.0011737602062514454,
      -0.00125469344906722,
      -4.1700005398086015e-05
    ],
    [
      0.004435483159114341,
      -0.0007574661258296704,
      0.0025412926966800033
    ],
    [
      0.0008567528814093124,
      0.0010130254688944906,
      -0.00038342092995010535
    ],
    [
      0.0020406527993820614,
      0.0011077264559530705,
      0.001954634376929642
    ],
    [
      -0.0020226897343736117,
      -0.0018689873760678172,
      0.00023312970588682463
    ],
    [
      -0.001708618969516815,
      0.00010231505253266734,
      -0.0011901171544163908
    ]
  ]
}