{
  "name": "system72",
  "subset": "sp",
  "atomic_number": [
    6,
    6,
    6,
    6,
    6,
    6,
    1,
    1,
    1,
    1,
    1,
    1,
    1,
    1,
    1,
    1
  ],
  "charge": [
    0,
    0,
    0,
    0,
    0,
    0,
    0,
    0,
    0,
    0,
    0,
    0,
    0,
    0,
    0,
    0
  ],
  "positition": [
    [
      -0.94011161965122,
      -1.74676930373689,
      0.44744094158768
    ],
    [
      -1.57529302062126,
      -0.80762230069986,
      -0.35204898202382
    ],
    [
      -1.32244296228106,
      0.56514032467379,
      -0.2670708115706
    ],
    [
      -0.26757663689214,
      1.05073663543884,
      0.57827027622667
    ],
    [
      1.24285815248068,
      0.23660633370837,
      0.23373818981421
    ],
    [
      1.90931898131981,
      0.74186076063466,
      -0.87623216076973
    ],
    [
      -2.19081646047359,
      -1.16610889224181,
      -1.18557145598123
    ],
    [
      -0.56087776296504,
      -1.49549574805356,
      1.44022221564037
    ],
    [
      -1.021336675423,
      -2.81450445746039,
      0.22746998162026
    ],
    [
      1.85615407583973,
      0.20861161524594,
      1.14829094006038
    ],
    [
      0.70912716938941,
      -0.7873243041068,
      0.13219605803642
    ],
    [
      1.38226813139671,
      0.88597931520929,
      -1.82538272408764
    ],
    [
      2.96497402337586,
      1.02382261347993,
      -0.84445070985768
    ],
    [
      -0.0852577072058,
      2.13034875695167,
      0.52168094710811
    ],
    [
      -0.33394136380262,
      0.74327104824561,
      1.63243902039717
    ],
    [
      -1.76704632448645,
      1.23144760271121,
      -1.01099172620054
    ]
  ],
  "energies": -6372.864918824884,
  "forces": [
    [
      -0.0026507367503278935,
      -0.0005149059727929214,
      0.0028771140188967987
    ],
    [
      0.004910117014468145,
      -0.0018909333372827595,
      -0.0039011963635012196
    ],
    [
      0.00011583375970455343,
      -0.003732880779325517,
      0.0058674064133756665
    ],
    [
      -0.0035006112103549147,
      -0.00314430549633609,
      0.0033360355016966367
    ],
    [
      0.007883584622815677,
      0.004219325563581065,
      -0.004615724343401399
    ],
    [
      -0.006441410122369529,
      -0.002547038649878761,
      -0.00030590890010199465
    ],
    [
      -0.0003618463903257575,
      0.0007725184961525301,
      0.0012704383717896542
    ],
    [
      0.0006611158273912305,
      0.00085563753677412,
      -0.0005141762936609074
    ],
    [
      -4.766249692136142e-05,
      0.003303217424258821,
      -0.0018268612359997522
    ],
    [
      -0.002972636370633015,
      0.004045251479222236,
      -0.0025452940534085823
    ],
    [
      -0.003457951926295256,
      0.0024989742895030875,
      -0.0009770285306912084
    ],
    [
      0.001952821389110233,
      -0.0018326165994367873,
      0.0018434092685660059
    ],
    [
      0.004653245945893914,
      -0.00036275213861548924,
      0.0005733270974350872
    ],
    [
      0.0015622438958169441,
      -0.0019129230072547287,
      -0.0005899840419394384
    ],
    [
      -0.0016107071885891056,
      -0.0009160969293116181,
      0.0011541310662692647
    ],
    [
      -0.000695399485163192,
      0.0011595279150545448,
      -0.0016456872039936061
    ]
  ]
}