{
  "name": "system73",
  "subset": "prod",
  "atomic_number": [
    6,
    6,
    6,
    6,
    6,
    6,
    1,
    1,
    1,
    1,
    1,
    1,
    1,
    1,
    1,
    1
  ],
  "charge": [
    0,
    0,
    0,
    0,
    0,
    0,
    0,
    0,
    0,
    0,
    0,
    0,
    0,
    0,
    0,
    0
  ],
  "positition": [
    [
      -1.10852706038576,
      1.58387567420203,
      0.84229730290449
    ],
    [
      -0.77942718671632,
      0.80775152805946,
      -0.19373980945325
    ],
    [
      0.56850215697617,
      0.19073470000761,
      -0.47456275609911
    ],
    [
      1.66660169924693,
      0.5855899201847,
      0.52426184236173
    ],
    [
      -0.50414544912155,
      -2.10402575866509,
      -0.2127186487013
    ],
    [
      0.5000542447977,
      -1.31747135326748,
      -0.60850369235217
    ],
    [
      -1.54882690615347,
      0.57383870187718,
      -0.94032539419664
    ],
    [
      -0.39313437227103,
      1.85105412825533,
      1.62487078632562
    ],
    [
      -2.1191729437234,
      1.98914851287025,
      0.94337858192793
    ],
    [
      -0.45315560126373,
      -3.18990335064499,
      -0.33193144179543
    ],
    [
      -1.40807310281791,
      -1.6946443104825,
      0.24817112163167
    ],
    [
      1.39238518196347,
      -1.77792303331917,
      -1.05241326737426
    ],
    [
      2.62867541314705,
      0.12860915542318,
      0.24438895166418
    ],
    [
      1.80492842361006,
      1.67765601953827,
      0.55449820750145
    ],
    [
      1.41634913378429,
      0.23753055832395,
      1.53886623311789
    ],
    [
      0.88231536892748,
      0.56998690763726,
      -1.46903601746278
    ]
  ],
  "energies": -6375.5573509325895,
  "forces": [
    [
      0.002838361372118138,
      0.002286306092598437,
      -0.003462782823810138
    ],
    [
      0.002699368141837374,
      0.00475156869198181,
      -0.0013172162548908582
    ],
    [
      0.000729005451512968,
      0.004864278663954751,
      -0.0008244228508102523
    ],
    [
      0.007099399436659593,
      -0.002705046372173773,
      0.005840899674764268
    ],
    [
      -0.001117729847774517,
      -0.00022116687619889528,
      -5.721928809012725e-05
    ],
    [
      0.00169224752032895,
      -0.0058877038859638225,
      0.0025696924872692707
    ],
    [
      -0.0003386463991606795,
      0.002771703409347352,
      -0.0008185039651998697
    ],
    [
      -0.003944834877984482,
      -0.005661739382327452,
      0.0011038976202595804
    ],
    [
      -0.0022522965144440676,
      0.0008458587051196572,
      0.0031316609643047416
    ],
    [
      -0.0010457792173263762,
      0.00017865039121954656,
      0.0033491469975192338
    ],
    [
      0.002334397449559333,
      -0.0035969140462254303,
      0.0002833698367652306
    ],
    [
      -0.0005828498986175062,
      -0.0008703437337413265,
      -0.003210564732398657
    ],
    [
      -0.0011063039158890795,
      0.002124424334612962,
      -0.0064714552134174244
    ],
    [
      8.259217012218058e-05,
      0.00046778376753047954,
      0.0010187079158403914
    ],
    [
      -0.007798575512696109,
      0.0017890101723233886,
      -0.0019011466339820696
    ],
    [
      0.0007116447960204838,
      -0.001136670240590088,
      0.0007659362144546132
    ]
  ]
}