{
  "name": "system73",
  "subset": "sp",
  "atomic_number": [
    6,
    6,
    6,
    6,
    6,
    6,
    1,
    1,
    1,
    1,
    1,
    1,
    1,
    1,
    1,
    1
  ],
  "charge": [
    0,
    0,
    0,
    0,
    0,
    0,
    0,
    0,
    0,
    0,
    0,
    0,
    0,
    0,
    0,
    0
  ],
  "positition": [
    [
      -1.54624378037474,
      -1.48643446758673,
      0.80524107414228
    ],
    [
      -0.86137702554669,
      -0.99131051240151,
      -0.22922222458568
    ],
    [
      -0.49272452956958,
      0.44903341780232,
      -0.4398548386988
    ],
    [
      -0.62822037823434,
      1.37416410676962,
      0.68205650357618
    ],
    [
      2.00034075998268,
      -0.39221630810343,
      -0.5918925404019
    ],
    [
      1.10314661326604,
      0.7032423997865,
      -0.61650340760327
    ],
    [
      -0.55661760373914,
      -1.66954839241259,
      -1.03450587786226
    ],
    [
      -1.89144547728958,
      -0.85043899539831,
      1.62531064004159
    ],
    [
      -1.79405364649199,
      -2.55005115536729,
      0.86169625949847
    ],
    [
      2.97897013886657,
      -0.28658079191898,
      -0.11630211976143
    ],
    [
      1.66069107193357,
      -1.41378011305953,
      -0.77296639739216
    ],
    [
      1.17979096919955,
      1.49242969702195,
      -1.37992130707323
    ],
    [
      1.25401260151436,
      1.37191707474313,
      0.33456694812102
    ],
    [
      -0.85018752444825,
      2.42990183047779,
      0.51587858523768
    ],
    [
      -0.5624813607352,
      1.01403531882666,
      1.71057897591386
    ],
    [
      -0.99360082833324,
      0.80563689082038,
      -1.35416027315235
    ]
  ],
  "energies": -6371.594381701517,
  "forces": [
    [
      0.0025689826056330867,
      0.002152737581863316,
      -0.0077553481176392365
    ],
    [
      0.0019542331819622023,
      0.0009827890877570195,
      0.003176327611597412
    ],
    [
      0.004385500344259656,
      0.0005789267548529722,
      0.00035167999055163397
    ],
    [
      0.002043900102918825,
      0.004083925758770651,
      0.0013728830593534567
    ],
    [
      -0.006155770772673261,
      -0.002592962515289726,
      0.004802202047407257
    ],
    [
      0.001358814444596105,
      -0.0018231956653692748,
      0.002105693538142852
    ],
    [
      -0.0035570040944048315,
      -0.0026409528278887894,
      -0.003901311703197703
    ],
    [
      -0.0005835689333816324,
      -0.002352936338875061,
      0.0030446413542060706
    ],
    [
      0.0019214593789241513,
      0.00018672710103124712,
      -0.00023009868356424338
    ],
    [
      0.00384107507105484,
      0.002283474587896167,
      0.00026411263259431525
    ],
    [
      -0.0010271731707910273,
      0.00020519369092064632,
      -0.0009968236611059575
    ],
    [
      -0.0023087597953038307,
      -0.0023116928071665378,
      0.0010434499519533784
    ],
    [
      -0.001644894224297004,
      0.00014682640518272412,
      -0.0014571591993287163
    ],
    [
      -0.0026454477336173027,
      0.001159314513476119,
      -0.0025151197387060895
    ],
    [
      0.0014462910940270762,
      0.0007737647613705351,
      0.00015437069091176977
    ],
    [
      -0.0015976370361084496,
      -0.0008319404484864781,
      0.0005404997640251953
    ]
  ]
}