{
  "name": "system74",
  "subset": "prod",
  "atomic_number": [
    6,
    6,
    6,
    6,
    6,
    6,
    1,
    1,
    1,
    1,
    1,
    1,
    1,
    1,
    1,
    1
  ],
  "charge": [
    0,
    0,
    0,
    0,
    0,
    0,
    0,
    0,
    0,
    0,
    0,
    0,
    0,
    0,
    0,
    0
  ],
  "positition": [
    [
      0.41993683686918,
      -0.53992718589538,
      1.09219130484996
    ],
    [
      -0.20616257275787,
      -0.43917309542738,
      -0.27601565761013
    ],
    [
      -1.47315852613764,
      0.29470530887547,
      -0.52879752836553
    ],
    [
      -2.3079198512709,
      0.78360831236993,
      0.39440646886969
    ],
    [
      2.38796132553654,
      -0.08666868083234,
      -0.58666916838499
    ],
    [
      1.07574831868996,
      0.31720147689479,
      0.0427687617271
    ],
    [
      -0.05829247322011,
      -1.30661086779568,
      -0.93154388097678
    ],
    [
      -0.07573553383672,
      -0.04453362600313,
      1.93082855604113
    ],
    [
      0.9035219480821,
      -1.48558115111641,
      1.35582924931076
    ],
    [
      2.5081014292059,
      0.35826452534247,
      -1.58872687181531
    ],
    [
      3.24305258285779,
      0.23872002849541,
      0.02984255834848
    ],
    [
      2.45461947278092,
      -1.18170795819648,
      -0.69598168666033
    ],
    [
      0.93803411591089,
      1.39691261687478,
      0.17394833375639
    ],
    [
      -3.20477916203111,
      1.34075680269597,
      0.11059658385115
    ],
    [
      -2.13143641181762,
      0.64365917897118,
      1.46525679565125
    ],
    [
      -1.71199949886132,
      0.45201231474676,
      -1.58901081859286
    ]
  ],
  "energies": -6375.435840044027,
  "forces": [
    [
      0.000610366155250025,
      -0.0028113647868956357,
      0.005476706792673038
    ],
    [
      0.003710201899388334,
      0.0009800817673467728,
      -0.0016235601856804383
    ],
    [
      -0.003850049558735874,
      -0.0004718116066236098,
      -0.0022809187568955686
    ],
    [
      -0.00471513075813116,
      0.0010263120568555302,
      0.0005541753085017073
    ],
    [
      -0.0028219946023383784,
      0.004826523245323176,
      -0.0008592872179858666
    ],
    [
      -0.000822770505528434,
      -0.004565610350853566,
      -0.0007040502709318908
    ],
    [
      0.0030590185527880325,
      -0.000502437407075157,
      0.0010179317511597279
    ],
    [
      -0.0004160694174106566,
      0.0011464209443738521,
      0.000850596065894502
    ],
    [
      0.0009432218125915113,
      -0.0001535932406794288,
      0.00022821679017493305
    ],
    [
      0.00476249089329803,
      0.00021363560025282346,
      -0.0019520843566226249
    ],
    [
      0.0015225522306711438,
      -0.003338593389579918,
      -0.0015061180465614288
    ],
    [
      0.0014513336447701027,
      0.0006599059689967258,
      0.00013073104107306824
    ],
    [
      0.0008200976893252051,
      -0.0001419087586406602,
      7.788771947027378e-05
    ],
    [
      0.00022439777609625726,
      0.0017700501877002564,
      0.00048089125243184306
    ],
    [
      -0.003155339334959962,
      0.002757272731815616,
      -0.0030108697059561293
    ],
    [
      -0.0013223262713859076,
      -0.0013948832708491796,
      0.003119751767832788
    ]
  ]
}