{
  "name": "system74",
  "subset": "react",
  "atomic_number": [
    6,
    6,
    6,
    6,
    6,
    6,
    1,
    1,
    1,
    1,
    1,
    1,
    1,
    1,
    1,
    1
  ],
  "charge": [
    0,
    0,
    0,
    0,
    0,
    0,
    0,
    0,
    0,
    0,
    0,
    0,
    0,
    0,
    0,
    0
  ],
  "positition": [
    [
      -0.90853070887193,
      -1.53322722668642,
      0.34064503027162
    ],
    [
      -1.47201010430542,
      -0.6530371509181,
      -0.50165371614629
    ],
    [
      -1.72181360368268,
      0.76937616890576,
      -0.22652686739674
    ],
    [
      -1.02139141734611,
      1.54272343775978,
      0.61759145573713
    ],
    [
      2.62936824170063,
      -0.48963630254694,
      0.28612465468757
    ],
    [
      2.20315793537973,
      0.39787981775667,
      -0.61301461545885
    ],
    [
      -1.80104809058193,
      -1.01066632496972,
      -1.48529741240964
    ],
    [
      -0.60828974895407,
      -1.24710692657164,
      1.35295063085177
    ],
    [
      -0.74288781537947,
      -2.57302405968268,
      0.04697082544054
    ],
    [
      3.61192089025297,
      -0.40668800134976,
      0.76215086148673
    ],
    [
      2.00677896505466,
      -1.33963288766188,
      0.58318828846557
    ],
    [
      1.21653506308601,
      0.30887308882533,
      -1.07628877131879
    ],
    [
      2.81903129989267,
      1.2511400172558,
      -0.91581631925057
    ],
    [
      -1.28577116141739,
      2.59190791389249,
      0.77400099653598
    ],
    [
      -0.15090004071264,
      1.1614699792277,
      1.15920819427206
    ],
    [
      -2.54714370411507,
      1.22247845676359,
      -0.78980623576806
    ]
  ],
  "energies": -6374.521498700648,
  "forces": [
    [
      -0.002818159853107173,
      0.0037715034311185734,
      -0.002985675207074813
    ],
    [
      0.0009965121462235233,
      -0.006831106395699089,
      0.004236556995418952
    ],
    [
      -0.0029603988956847555,
      0.005190239444852477,
      -0.0032027205531743393
    ],
    [
      0.006343701767139231,
      -0.0036578247702457817,
      -0.0007154808308033664
    ],
    [
      -0.004805088779409583,
      -0.0024953073304767983,
      0.0027920820259573764
    ],
    [
      0.001939273834158709,
      0.004576919451802574,
      0.00020241566516815025
    ],
    [
      -0.0032466129384028275,
      0.0014768456234936361,
      -0.001286325682215862
    ],
    [
      0.00010196414834684189,
      0.005050432974580677,
      0.004695052240704676
    ],
    [
      0.0027152713931043798,
      -3.106787596232405e-05,
      -0.0026868563301611866
    ],
    [
      0.002355292395145013,
      0.0004121863828584531,
      0.0024714815327552286
    ],
    [
      0.0010997132523942266,
      -0.004442415419400876,
      -0.003083835202320368
    ],
    [
      0.0003604308436628907,
      -0.0016120703875876744,
      -0.002146914135609453
    ],
    [
      0.0011009563808661391,
      0.0013179229483588825,
      -0.0022589629740658117
    ],
    [
      -0.0042846138995948965,
      0.00018549034889565397,
      0.0008240619193213444
    ],
    [
      -0.00036512547269998327,
      0.0001949320060562042,
      0.002476356653247809
    ],
    [
      0.0014668837292803314,
      -0.003106680484066656,
      0.0006687636771633964
    ]
  ]
}