{
  "name": "system74",
  "subset": "sp",
  "atomic_number": [
    6,
    6,
    6,
    6,
    6,
    6,
    1,
    1,
    1,
    1,
    1,
    1,
    1,
    1,
    1,
    1
  ],
  "charge": [
    0,
    0,
    0,
    0,
    0,
    0,
    0,
    0,
    0,
    0,
    0,
    0,
    0,
    0,
    0,
    0
  ],
  "positition": [
    [
      -1.02270817005151,
      -1.30952963485722,
      0.29179639107253
    ],
    [
      -1.52576561097888,
      -0.49384267891554,
      -0.6503958303623
    ],
    [
      -1.83534454924658,
      0.93503184747405,
      -0.49467718244998
    ],
    [
      -1.3377255386845,
      1.7570182179506,
      0.44355406612825
    ],
    [
      2.58521446440828,
      -0.6726851813212,
      0.07525786017667
    ],
    [
      1.83520535265853,
      0.43073097550383,
      0.64814300011816
    ],
    [
      -1.75419544271682,
      -0.918847214865,
      -1.63576084325907
    ],
    [
      -0.80601031454675,
      -0.96013393169854,
      1.30527374920023
    ],
    [
      -0.82269601808166,
      -2.36300636323195,
      0.07600933953052
    ],
    [
      3.14862638805093,
      -0.55996009622006,
      -0.87201505517066
    ],
    [
      3.09350374709862,
      -1.34608618641825,
      0.78506640844519
    ],
    [
      1.61694725924749,
      -1.19165645111908,
      -0.19696666216922
    ],
    [
      1.59313366335264,
      1.1189753457482,
      -0.19748147698478
    ],
    [
      -1.64019234470618,
      2.80715332651849,
      0.48247241412772
    ],
    [
      -0.59640197544045,
      1.42159068740181,
      1.17615205566263
    ],
    [
      -2.53159091036315,
      1.34524733804987,
      -1.2364282340659
    ]
  ],
  "energies": -6371.258133875495,
  "forces": [
    [
      -0.006039705356556464,
      0.004659564535231791,
      0.0005053568435121519
    ],
    [
      -0.0006278217873004254,
      -0.0040391792015857225,
      0.0004810847022482374
    ],
    [
      0.0012299793865587299,
      0.0033982766174367536,
      -0.004713323529583265
    ],
    [
      0.001980145944276638,
      -0.006263573691049959,
      -0.0011087108285833835
    ],
    [
      0.0065559475831847985,
      0.0009644659654348029,
      0.004961137526636716
    ],
    [
      -0.006149713921656874,
      -0.004611902963907637,
      -0.003597589063700127
    ],
    [
      0.0003155143365462281,
      -0.0006587207417723573,
      0.000746619463530007
    ],
    [
      -0.0008085611999955228,
      0.0027194072699604672,
      0.0013550899442767415
    ],
    [
      -0.0003437354868744231,
      -0.002189436328438249,
      -0.002371250976556208
    ],
    [
      0.0009240369078469252,
      -0.00043682228382496566,
      9.808749013095764e-05
    ],
    [
      0.001899161793614444,
      0.002617270240624067,
      -0.0027997986784553098
    ],
    [
      0.0006846790126161685,
      -0.0013939023949194286,
      0.0007495169427443544
    ],
    [
      0.0025223982751924117,
      0.003221570751684233,
      -0.0014524478066977524
    ],
    [
      -0.0006084526887115212,
      0.0013195681973954426,
      0.0010436538918714596
    ],
    [
      -0.0016067632703094669,
      0.00021102726732172592,
      0.0018744955536283484
    ],
    [
      7.28903173021525e-05,
      0.00048238820022691403,
      0.0042280773937115965
    ]
  ]
}