{
  "name": "system75",
  "subset": "prod",
  "atomic_number": [
    6,
    6,
    6,
    6,
    6,
    6,
    1,
    1,
    1,
    1,
    1,
    1,
    1,
    1,
    1,
    1
  ],
  "charge": [
    0,
    0,
    0,
    0,
    0,
    0,
    0,
    0,
    0,
    0,
    0,
    0,
    0,
    0,
    0,
    0
  ],
  "positition": [
    [
      -1.61400932894556,
      1.7457090802821,
      -0.5236559085368
    ],
    [
      -1.47009372843696,
      0.83955848594988,
      0.44913867069804
    ],
    [
      -0.31272204697589,
      -0.07247881332971,
      0.64900499203119
    ],
    [
      -0.20406397508041,
      -1.36745087165728,
      -0.14569730287964
    ],
    [
      0.78339602699766,
      -0.25269658666797,
      -0.3684170571638
    ],
    [
      2.22177227759107,
      -0.39066714618949,
      0.07668663582279
    ],
    [
      -2.28059846063746,
      0.72274517727011,
      1.1809190411681
    ],
    [
      -0.83644789550008,
      1.91830128252419,
      -1.27429058551412
    ],
    [
      -2.51984174214396,
      2.35278151745292,
      -0.60368083849815
    ],
    [
      0.65407449133282,
      0.3001930937744,
      -1.30501815686032
    ],
    [
      2.6839081916697,
      0.59542578838394,
      0.25016701711776
    ],
    [
      2.29318202214933,
      -0.9626400894819,
      1.01655238838008
    ],
    [
      2.82655618799671,
      -0.91800880126694,
      -0.68009405110071
    ],
    [
      0.13505850652259,
      -2.2651512548173,
      0.3811617680106
    ],
    [
      -0.96262400896929,
      -1.54524959635692,
      -0.91332378915934
    ],
    [
      0.00011448242974,
      -0.16349626587004,
      1.69687517648431
    ]
  ],
  "energies": -6375.423424226829,
  "forces": [
    [
      -0.0005556764729062797,
      -0.0016887314850695717,
      0.0004554080186438135
    ],
    [
      0.002618928550865668,
      0.0005291263854923241,
      -0.004806251740878901
    ],
    [
      0.004389694276629488,
      -0.003730626693014606,
      -0.0013893329271936344
    ],
    [
      0.0014507144202381994,
      -0.0013183389528816447,
      0.004011832894884937
    ],
    [
      0.00032473647290236907,
      0.001164523157495848,
      -0.0030451283726034848
    ],
    [
      0.00020102418403268184,
      -0.001333929403714539,
      0.004863002985314371
    ],
    [
      0.003569588308351482,
      0.001908673230520036,
      -0.003948450672054016
    ],
    [
      -0.00615655002267795,
      0.0011590952497820455,
      0.0017333478415806271
    ],
    [
      0.0006413573609103172,
      0.0006461799794723979,
      0.001301618502124437
    ],
    [
      -0.0052904057748897025,
      0.003492748673452646,
      0.0003976494673361085
    ],
    [
      0.0004400328205837599,
      0.0019482931104601781,
      -4.468320519827316e-05
    ],
    [
      -0.001734569629894697,
      0.0010260995808743123,
      -0.000829647178560444
    ],
    [
      -0.0014460349607108985,
      -0.0016657528659033182,
      0.0012212916283237932
    ],
    [
      0.002407965406861604,
      -0.0012463557722650351,
      -0.0020245823749749444
    ],
    [
      -0.0019726256726529234,
      -0.0007054025684522361,
      0.0010926574763025405
    ],
    [
      0.0011118208866230828,
      -0.00018560142056056942,
      0.0010112679654854723
    ]
  ]
}