{
  "name": "system75",
  "subset": "sp",
  "atomic_number": [
    6,
    6,
    6,
    6,
    6,
    6,
    1,
    1,
    1,
    1,
    1,
    1,
    1,
    1,
    1,
    1
  ],
  "charge": [
    0,
    0,
    0,
    0,
    0,
    0,
    0,
    0,
    0,
    0,
    0,
    0,
    0,
    0,
    0,
    0
  ],
  "positition": [
    [
      -0.99223262466484,
      -1.56270936148097,
      0.19410519661694
    ],
    [
      -1.78742429237611,
      -0.69686988584292,
      -0.45618805286074
    ],
    [
      -1.86717524526103,
      0.75764635927286,
      -0.24736685792134
    ],
    [
      -1.10615591236669,
      1.49642981969856,
      0.57759085941002
    ],
    [
      2.15560340622757,
      0.01678718016848,
      0.97073042870363
    ],
    [
      2.11241693345628,
      0.1477985806777,
      -0.47207904529699
    ],
    [
      -2.46352057836625,
      -1.09158543374871,
      -1.22435713737714
    ],
    [
      -0.29327609581534,
      -1.24030737682243,
      0.97308443428209
    ],
    [
      -1.01857947627654,
      -2.62979330782932,
      -0.04473539660146
    ],
    [
      3.23153203347561,
      -0.09761866163293,
      1.25139558765794
    ],
    [
      2.08716545394257,
      -0.98121045479932,
      -0.57165516332856
    ],
    [
      1.15509861183683,
      0.48590896483086,
      -0.90057941586578
    ],
    [
      2.99024726961961,
      0.49256873321532,
      -1.05253551311066
    ],
    [
      -1.25876945223832,
      2.57672080400084,
      0.65444610342162
    ],
    [
      -0.30874512254723,
      1.05778020673562,
      1.18760373155348
    ],
    [
      -2.63618490864614,
      1.26845383355637,
      -0.83945975928306
    ]
  ],
  "energies": -6371.270445248428,
  "forces": [
    [
      0.0036300919752887454,
      0.0027667428253792675,
      0.0014739171881949001
    ],
    [
      -0.004109116966639673,
      -0.003045275593981565,
      -0.0021035889357809727
    ],
    [
      -0.0037147447819054426,
      0.0070900541958748365,
      -0.003932334944805793
    ],
    [
      0.0049992135618566,
      -0.0017928841565917843,
      0.0015930968275388302
    ],
    [
      -0.002925222550828103,
      -0.006170394128690385,
      0.0031529265601500096
    ],
    [
      0.0021771682059380034,
      0.001587090267304058,
      0.0018077499162331727
    ],
    [
      0.0034230757834662778,
      -0.0007740321046973385,
      0.001691359666918566
    ],
    [
      -0.0020873676904510797,
      -0.0029849782323774685,
      -0.001074182710304474
    ],
    [
      -0.0004953529888921015,
      0.0011871505639438737,
      -1.4499891634039552e-05
    ],
    [
      -5.8631492318633114e-05,
      0.002537397629364101,
      0.00038277542874191856
    ],
    [
      0.00040839986752617854,
      0.0007899005946469911,
      -0.0027990594348188164
    ],
    [
      -0.0004897225296560293,
      0.0016828096169792977,
      -0.002069022199529678
    ],
    [
      0.00045133333404756386,
      -0.0023123775434119144,
      -0.0022681673183867395
    ],
    [
      0.0006802197423801492,
      -0.0013132251311536306,
      -0.0011060620264854858
    ],
    [
      -0.0017964994364406477,
      0.003002729489891572,
      0.003141996954056129
    ],
    [
      -9.284279924219827e-05,
      -0.0022507085495902463,
      0.00212309389147113
    ]
  ]
}