{
  "name": "system76",
  "subset": "prod",
  "atomic_number": [
    6,
    6,
    6,
    6,
    6,
    6,
    1,
    1,
    1,
    1,
    1,
    1,
    1,
    1,
    1,
    1
  ],
  "charge": [
    0,
    0,
    0,
    0,
    0,
    0,
    0,
    0,
    0,
    0,
    0,
    0,
    0,
    0,
    0,
    0
  ],
  "positition": [
    [
      2.18925602076157,
      -0.44727787280226,
      0.0737159492464
    ],
    [
      1.69761926350966,
      0.96186547965876,
      -0.15188145201285
    ],
    [
      0.78177739110238,
      -0.20884670997462,
      -0.40655947964318
    ],
    [
      -0.40096932885937,
      -0.46393885638094,
      0.51223793603377
    ],
    [
      -1.59849371869457,
      0.37541966102992,
      0.1632509009515
    ],
    [
      -2.802149429344,
      -0.09548366788658,
      -0.17355258813773
    ],
    [
      2.08697404837501,
      1.51948764468688,
      -1.00837005839516
    ],
    [
      2.32376142076262,
      -0.78407748798537,
      1.10670818391478
    ],
    [
      2.91637747115921,
      -0.86323220524075,
      -0.62946112977534
    ],
    [
      1.49797089362756,
      1.58014785951882,
      0.72950559705558
    ],
    [
      -1.43446049642862,
      1.46124140233109,
      0.17752503081161
    ],
    [
      -3.63073893842843,
      0.57258632634538,
      -0.4254006589763
    ],
    [
      -3.00479901430184,
      -1.17195545574006,
      -0.20712696522347
    ],
    [
      -0.67353736854489,
      -1.53343950710693,
      0.49083864739949
    ],
    [
      -0.08846518646412,
      -0.23921674822154,
      1.54980540753931
    ],
    [
      0.58285597176783,
      -0.44092386223175,
      -1.45915932078844
    ]
  ],
  "energies": -6375.328079225071,
  "forces": [
    [
      -0.0015406424624515077,
      -0.002145097239712945,
      0.0015191723610454208
    ],
    [
      0.0020608239279513757,
      0.00022835933214490788,
      -0.0006136531052005156
    ],
    [
      -0.0023595569814350284,
      0.004973258067804412,
      -0.0012452524089714748
    ],
    [
      -0.0012435533210306711,
      -0.0007827630060465641,
      0.008101222145439816
    ],
    [
      0.0007284120922808109,
      0.006963017418945683,
      -0.005013316475132702
    ],
    [
      0.002984551223532349,
      -0.008836470544429974,
      -0.00047410266540075913
    ],
    [
      -0.0005894804656364212,
      0.0015218563872592757,
      -0.00011479544532586245
    ],
    [
      -3.846699719597332e-05,
      -0.00013714645816327657,
      -0.0004414265642901803
    ],
    [
      0.0005758257985191478,
      -0.0010849896747683434,
      -0.0003195375990753873
    ],
    [
      0.002658806415316403,
      0.0017799964496051656,
      0.0005061111538143023
    ],
    [
      -0.001551139403272889,
      -0.002645666380246571,
      -0.0009202413422308427
    ],
    [
      -0.0014847318659688335,
      0.0011738445898635407,
      -0.000621052792076903
    ],
    [
      0.0011188241607842696,
      0.004146347674498657,
      -0.00020832981994836058
    ],
    [
      0.00015112158760265777,
      -0.001383517759892573,
      -0.000287612568676732
    ],
    [
      0.001581186654047601,
      -0.0037255536489857943,
      -0.000483718026303941
    ],
    [
      -0.0030519802087770904,
      -4.5475413563869105e-05,
      0.0006165340779313269
    ]
  ]
}