{
  "name": "system76",
  "subset": "sp",
  "atomic_number": [
    6,
    6,
    6,
    6,
    6,
    6,
    1,
    1,
    1,
    1,
    1,
    1,
    1,
    1,
    1,
    1
  ],
  "charge": [
    0,
    0,
    0,
    0,
    0,
    0,
    0,
    0,
    0,
    0,
    0,
    0,
    0,
    0,
    0,
    0
  ],
  "positition": [
    [
      -1.60487473977116,
      -1.72612636839725,
      0.56678417871611
    ],
    [
      -0.84039451641922,
      -0.97270171565993,
      -0.30633744420424
    ],
    [
      -1.02180489971194,
      0.49613955793971,
      -0.14067603259812
    ],
    [
      0.07125836821243,
      1.1076695316033,
      0.62359143543838
    ],
    [
      1.33700753211596,
      0.35680520921572,
      0.12386286715414
    ],
    [
      1.83301516955615,
      0.83947518063949,
      -1.07628421374632
    ],
    [
      -0.6870592545143,
      -1.37267146173127,
      -1.32021090202001
    ],
    [
      -1.86668066508782,
      -1.33047999827312,
      1.5521919364389
    ],
    [
      -2.03706105086427,
      -2.69259060020777,
      0.2863842320466
    ],
    [
      0.58953684919817,
      -0.77115409695577,
      -0.02510858731923
    ],
    [
      2.06808314511708,
      -0.02264884543823,
      0.85627825455468
    ],
    [
      2.81713297073971,
      0.55208929246298,
      -1.45792356748174
    ],
    [
      1.21183573993335,
      1.48222111343388,
      -1.70669818847224
    ],
    [
      0.13296599211933,
      2.20759936656685,
      0.52345602556607
    ],
    [
      0.01364294515898,
      0.89902674299171,
      1.7164334705399
    ],
    [
      -2.01660358578244,
      0.9473470918097,
      -0.21574346461286
    ]
  ],
  "energies": -6370.986324668867,
  "forces": [
    [
      0.00226960471942812,
      0.00038449369711374696,
      0.0027975181612019135
    ],
    [
      0.0020919682685274633,
      -0.007586862943486269,
      -0.0009136329895449107
    ],
    [
      -0.0008774699066428594,
      0.010775683392017113,
      -0.0003131143658309812
    ],
    [
      -0.001092717331588634,
      -0.0068435976385484406,
      1.624150562432704e-05
    ],
    [
      -0.00014481472249607742,
      0.0023212524779710605,
      -0.009020951529570708
    ],
    [
      -0.0038142731697783424,
      0.003087021724973831,
      0.004041950182515026
    ],
    [
      0.0009936333846415968,
      0.0010215150979049278,
      0.0022815363873433924
    ],
    [
      -0.002557758556783046,
      0.0036916895438592243,
      0.0023968414767761887
    ],
    [
      -0.0010467588591265167,
      -0.002320151737202922,
      -0.002723591380715485
    ],
    [
      -0.0005127934514327101,
      0.0017810931794520711,
      0.0006384770566663781
    ],
    [
      0.0022852219611579684,
      0.0026347430990669427,
      0.0030987407626416846
    ],
    [
      0.00311981110889821,
      -0.0008046847988899741,
      -0.0012803432903526228
    ],
    [
      -0.0010167133567020857,
      -0.002843071633463626,
      0.002778604970659834
    ],
    [
      0.0006053253014352123,
      -0.0021777202732502867,
      -0.0021507880684557817
    ],
    [
      -0.0012534461039858062,
      -0.004616960221361851,
      -0.0025942563973418565
    ],
    [
      0.0009511796860061657,
      0.0014955566738899832,
      0.0009467674155394671
    ]
  ]
}