{
  "name": "system77",
  "subset": "prod",
  "atomic_number": [
    6,
    6,
    6,
    6,
    6,
    6,
    1,
    1,
    1,
    1,
    1,
    1,
    1,
    1,
    1,
    1
  ],
  "charge": [
    0,
    0,
    0,
    0,
    0,
    0,
    0,
    0,
    0,
    0,
    0,
    0,
    0,
    0,
    0,
    0
  ],
  "positition": [
    [
      -3.08994133808147,
      0.26103293839449,
      0.39681303697025
    ],
    [
      -1.883853915411,
      0.1032898497298,
      -0.0904053156471
    ],
    [
      -0.67410131182931,
      -0.04002521449876,
      -0.57658002239333
    ],
    [
      0.52633428131741,
      0.77731215067505,
      -0.15368973069047
    ],
    [
      1.58550177470943,
      -0.02996938728316,
      0.61754984895551
    ],
    [
      2.21147844208256,
      -1.17455325620882,
      -0.1794094667239
    ],
    [
      1.46398144783384,
      -1.93446896383445,
      -0.45854351113639
    ],
    [
      -3.81078095384657,
      0.94410389582388,
      -0.06819427686654
    ],
    [
      -3.42348232567526,
      -0.28564187890134,
      1.28678930524728
    ],
    [
      2.37938407259309,
      0.66543323446156,
      0.94230439902166
    ],
    [
      1.12568201728176,
      -0.42676393745184,
      1.53970853105612
    ],
    [
      2.99526379401818,
      -1.68415253952267,
      0.4036136926358
    ],
    [
      2.67510925269371,
      -0.806584894725,
      -1.11077717029083
    ],
    [
      0.99463281652716,
      1.21246950225551,
      -1.0564708590653
    ],
    [
      0.18680825858307,
      1.62175200320043,
      0.46656485317858
    ],
    [
      -0.51260031279659,
      -0.81919050211469,
      -1.33396731425131
    ]
  ],
  "energies": -6375.238781453112,
  "forces": [
    [
      -0.003973770075136295,
      0.0038403392726968424,
      0.0012854082096948338
    ],
    [
      -0.000558455681366319,
      -0.002690236971117916,
      6.199562679182654e-05
    ],
    [
      0.0002618331952043284,
      0.0015696213169382812,
      -0.00030841078935421487
    ],
    [
      0.0024506217598634383,
      -0.004290896184953407,
      -0.0012114332467315417
    ],
    [
      0.004053649628375318,
      -0.000371796868840168,
      0.006229121523164142
    ],
    [
      0.001712235740605624,
      -0.0002366870844881441,
      -0.005811638667395369
    ],
    [
      -0.004918989686456338,
      -0.0020056173509892367,
      0.0029853246628434573
    ],
    [
      0.0016683105480983316,
      -0.0006348114346138331,
      -0.0012968263254260737
    ],
    [
      -0.0005532397868351303,
      -0.002595511609999535,
      -0.0001301092968598772
    ],
    [
      0.0018773670646988151,
      0.0024689897222281583,
      0.0020419360370663043
    ],
    [
      0.0015934774536794335,
      1.377304071571561e-05,
      -0.0005485455691745744
    ],
    [
      -0.003365015641735087,
      0.001621734496610458,
      -0.0013626566500270388
    ],
    [
      0.001225412952734894,
      0.0021982968133965426,
      -0.00029049585540056233
    ],
    [
      0.0033558134571409774,
      0.0015206854039474913,
      -0.001495048983821599
    ],
    [
      -0.0034094316064506914,
      -0.0005950252557087206,
      -0.0020140900107175346
    ],
    [
      -0.0014198193738433663,
      0.00018714274559953947,
      0.0018654690782374864
    ]
  ]
}