{
  "name": "system77",
  "subset": "sp",
  "atomic_number": [
    6,
    6,
    6,
    6,
    6,
    6,
    1,
    1,
    1,
    1,
    1,
    1,
    1,
    1,
    1,
    1
  ],
  "charge": [
    0,
    0,
    0,
    0,
    0,
    0,
    0,
    0,
    0,
    0,
    0,
    0,
    0,
    0,
    0,
    0
  ],
  "positition": [
    [
      -1.94447144283888,
      -1.63594577798423,
      -0.43305206345249
    ],
    [
      -1.16391461027343,
      -0.57362976911034,
      -0.24236223118827
    ],
    [
      -1.14664629749409,
      0.70960891019253,
      0.31640222082221
    ],
    [
      -0.08134069285674,
      1.04560482093826,
      1.16557764372354
    ],
    [
      1.57530662575366,
      0.82353621680123,
      0.0402967304524
    ],
    [
      1.50514159669888,
      -0.37348640085712,
      -0.70739022829004
    ],
    [
      0.04356855392002,
      -0.69956320562665,
      -0.63270353759277
    ],
    [
      -2.93046416695831,
      -1.71547937735322,
      0.03687495069584
    ],
    [
      -1.61696366817998,
      -2.47734074248929,
      -1.05148709379882
    ],
    [
      1.54713629163283,
      1.76853272083839,
      -0.51072550310577
    ],
    [
      2.23629912522835,
      0.84875626452721,
      0.91118668008681
    ],
    [
      1.95014353310056,
      -1.28736111726966,
      -0.29970782322103
    ],
    [
      1.47178913661686,
      -0.32281423291786,
      -1.80043184684466
    ],
    [
      -0.00069821439997,
      2.07794986289102,
      1.52155979970373
    ],
    [
      0.22777640498543,
      0.29802956075572,
      1.90311897944472
    ],
    [
      -1.67266217493516,
      1.513602266664,
      -0.21715667743539
    ]
  ],
  "energies": -6372.938790969299,
  "forces": [
    [
      -0.0016537358373566755,
      0.0006658988509616516,
      0.0018564038306080387
    ],
    [
      -0.00014751731207615182,
      -0.001186828507537686,
      -0.0010528345820415255
    ],
    [
      0.004865445944877705,
      -0.002322359235121049,
      0.004461137165587179
    ],
    [
      -0.009671635773587829,
      0.00857656742509182,
      -0.0019007216820196339
    ],
    [
      -0.001865519317597034,
      -0.0017634793731233006,
      -0.005547937154227442
    ],
    [
      0.003700430266823264,
      0.001955320295882562,
      -0.005374044949719912
    ],
    [
      0.001400367794258849,
      0.0003867040232455642,
      -0.004628667740486677
    ],
    [
      -0.00209018628821451,
      0.0008236826815765521,
      0.0026993168226144178
    ],
    [
      -0.0006017859719794417,
      0.0006603960727181651,
      -1.8256119368797893e-05
    ],
    [
      0.0009227167491185113,
      0.0014385467764570486,
      0.0015281114703442958
    ],
    [
      -0.0007802956724234286,
      0.0004586760452736149,
      0.0008892321388470689
    ],
    [
      0.0035755820644915483,
      -0.003598564180358364,
      -0.0011935469034471914
    ],
    [
      0.0027996690434241743,
      -0.0010780272297284267,
      0.005743816560447722
    ],
    [
      0.00025101054700999624,
      -0.000816255792426674,
      -1.3014410959929746e-06
    ],
    [
      -0.0012267196903037972,
      -0.005233922747956176,
      0.0008266989971879454
    ],
    [
      0.000522173504956886,
      0.0010336450493109012,
      0.0017125940495691105
    ]
  ]
}