{
  "name": "system78",
  "subset": "prod",
  "atomic_number": [
    6,
    6,
    6,
    6,
    6,
    6,
    1,
    1,
    1,
    1,
    1,
    1,
    1,
    1,
    1,
    1
  ],
  "charge": [
    0,
    0,
    0,
    0,
    0,
    0,
    0,
    0,
    0,
    0,
    0,
    0,
    0,
    0,
    0,
    0
  ],
  "positition": [
    [
      -2.47411477520192,
      0.03353963583962,
      0.485472485541
    ],
    [
      -2.30281105401768,
      -1.16177663876247,
      -0.08055889662688
    ],
    [
      0.86050829530945,
      0.99199422693362,
      -0.57061451454352
    ],
    [
      1.26889617997327,
      1.89729460681497,
      0.33175812027743
    ],
    [
      1.68969030533062,
      -1.16670130735035,
      0.3933012368124
    ],
    [
      1.29675320867999,
      -0.4100489157364,
      -0.64278421444466
    ],
    [
      -3.15065358441852,
      -1.76113715351964,
      -0.42855207990097
    ],
    [
      -1.62254884925454,
      0.6296308489858,
      0.8272302285509
    ],
    [
      -3.47026429280055,
      0.46671765623253,
      0.62603708727586
    ],
    [
      2.01640807631053,
      -2.19978553358403,
      0.24969519651354
    ],
    [
      1.68250301011827,
      -0.78451003187354,
      1.41880650797826
    ],
    [
      -1.30398833309828,
      -1.58803096769013,
      -0.21453281129087
    ],
    [
      1.26819731617299,
      -0.86351018808155,
      -1.64138894419866
    ],
    [
      0.8771350525198,
      2.91783980220217,
      0.32714983801748
    ],
    [
      2.01489674521363,
      1.65302154315669,
      1.09446618599667
    ],
    [
      0.14609569916292,
      1.30385541643269,
      -1.34189742595797
    ]
  ],
  "energies": -6374.5130072773245,
  "forces": [
    [
      -0.009864049178220008,
      0.0069213637448300456,
      -0.0007909247165351651
    ],
    [
      -1.0704326017956995e-05,
      -0.006101054350854628,
      0.0014211741910449994
    ],
    [
      -0.0005866857277121206,
      0.005135911002530042,
      0.00038489571483426037
    ],
    [
      -0.002947831342487842,
      -0.004757979018287377,
      5.132580498088726e-05
    ],
    [
      0.002112695012531691,
      0.007017607959544077,
      0.0038277451857133106
    ],
    [
      0.0007586948561227975,
      -0.00430280718119771,
      -0.0006868170907437237
    ],
    [
      -0.00443979999022452,
      -0.0024255070680302467,
      -0.00081393424036374
    ],
    [
      0.0058225697133071274,
      0.0017614566861142965,
      0.002261233361171991
    ],
    [
      0.0015244171033562473,
      -0.0007103748252295501,
      0.0004635139361896215
    ],
    [
      0.0014124345479443682,
      -0.005737759349476865,
      -0.0018217521965239777
    ],
    [
      0.0007220535479968046,
      0.0032161576535257525,
      -0.0014736327727418227
    ],
    [
      -0.00043221111280276105,
      -0.0003307664301776671,
      -0.0022984435002041384
    ],
    [
      0.0030944165781759117,
      -0.0012171604822978782,
      0.0012130649717644567
    ],
    [
      0.0008697691435636574,
      0.0019329681003376045,
      -0.00026085730721508527
    ],
    [
      -0.00011621603135130405,
      -0.003387875270238094,
      -0.002457274284105001
    ],
    [
      0.002080447102973774,
      0.0029858193431288676,
      0.0009806828913110606
    ]
  ]
}