{
  "name": "system78",
  "subset": "sp",
  "atomic_number": [
    6,
    6,
    6,
    6,
    6,
    6,
    1,
    1,
    1,
    1,
    1,
    1,
    1,
    1,
    1,
    1
  ],
  "charge": [
    0,
    0,
    0,
    0,
    0,
    0,
    0,
    0,
    0,
    0,
    0,
    0,
    0,
    0,
    0,
    0
  ],
  "positition": [
    [
      -1.53352485059816,
      -1.59245765546108,
      0.33757870067156
    ],
    [
      -0.9532177894345,
      -0.97465538061508,
      -0.68559478431503
    ],
    [
      -0.39699515944125,
      0.71239152832869,
      -0.33467705897677
    ],
    [
      -0.61381637307265,
      1.28651798288356,
      0.93343109391212
    ],
    [
      2.13738186942579,
      -0.06648522623425,
      0.08230318360219
    ],
    [
      1.26736556740456,
      0.73865253351256,
      -0.56962877206175
    ],
    [
      -0.98471833405349,
      -1.34559990489068,
      -1.72099896877113
    ],
    [
      -1.51607329609253,
      -1.09462456890044,
      1.32025782164117
    ],
    [
      -2.06839855457514,
      -2.54165464909303,
      0.2384341607901
    ],
    [
      3.20302032790722,
      0.17013974848399,
      0.13990219350924
    ],
    [
      1.79028989343234,
      -0.96744092662359,
      0.5978225652373
    ],
    [
      0.37446339284759,
      -0.1940830376286,
      -0.79106250063849
    ],
    [
      1.54384011084484,
      1.6076210611137,
      -1.1653696295652
    ],
    [
      -1.40288816282155,
      2.03479037334203,
      1.02209320695987
    ],
    [
      -0.02366138369488,
      1.00786650964461,
      1.80316507262393
    ],
    [
      -0.8230672580782,
      1.21902161213763,
      -1.2076562846191
    ]
  ],
  "energies": -6369.1316547888055,
  "forces": [
    [
      -0.002412408787678892,
      0.0038996135408541064,
      0.0015223608891595
    ],
    [
      -0.003980324897450386,
      -0.002511388707784205,
      -0.0038422076420825085
    ],
    [
      -0.00046919262932462453,
      -0.0009201232257427357,
      0.0013539920317222926
    ],
    [
      -1.098730165315591e-05,
      -0.0006022774126746253,
      0.003627302482415288
    ],
    [
      0.0020907506968228947,
      -0.004391745657151928,
      -0.0037957153571419244
    ],
    [
      0.00245725875464074,
      5.7224327452702126e-05,
      0.0028724507573206315
    ],
    [
      -0.00023887668752692388,
      -0.0011387466122371346,
      0.0014677494197797994
    ],
    [
      4.3772674656302016e-05,
      0.0003784919705532815,
      -0.00015475702490182056
    ],
    [
      -0.0009213889799241679,
      -0.003504438143431923,
      -0.0014664942585441883
    ],
    [
      -0.0012786933104858903,
      0.004292401463123348,
      0.0015667662095072165
    ],
    [
      -0.001436353368185304,
      0.0031665130930283885,
      -0.0013333546078486017
    ],
    [
      0.0009481440356975464,
      0.001270745207263983,
      0.0019215720446731466
    ],
    [
      0.0010455200501082401,
      0.00047915899725776604,
      -3.9519401221047094e-05
    ],
    [
      0.003981002537450504,
      -0.002280717182392574,
      -0.002320166649602378
    ],
    [
      0.0010996905752626398,
      0.0022135194936056058,
      0.001381334738878381
    ],
    [
      -0.0009179135166757236,
      -0.0004082317687888597,
      -0.0027613136835358543
    ]
  ]
}