{
  "name": "system79",
  "subset": "prod",
  "atomic_number": [
    6,
    6,
    6,
    6,
    6,
    6,
    1,
    1,
    1,
    1,
    1,
    1,
    1,
    1,
    1,
    1
  ],
  "charge": [
    0,
    0,
    0,
    0,
    0,
    0,
    0,
    0,
    0,
    0,
    0,
    0,
    0,
    0,
    0,
    0
  ],
  "positition": [
    [
      -0.49390421678954,
      -1.94557865770614,
      0.52355643568001
    ],
    [
      -1.14351512823129,
      -1.00949449979317,
      -0.46333191896822
    ],
    [
      -1.42508148505742,
      0.25223146345105,
      -0.23901697597672
    ],
    [
      -1.68626361420868,
      1.51613412324367,
      -0.01169415451528
    ],
    [
      2.09055226896152,
      0.89508792689582,
      0.617664519904
    ],
    [
      2.23664251389609,
      0.47314336730102,
      -0.63894787421608
    ],
    [
      -1.3897380576796,
      -1.42146130592521,
      -1.45246456340051
    ],
    [
      -0.33957512549855,
      -1.45972761837865,
      1.49746188933856
    ],
    [
      -1.11200893671513,
      -2.84677721985814,
      0.67519671152142
    ],
    [
      2.94565346529545,
      1.21568305084598,
      1.22176929645617
    ],
    [
      1.10506631015965,
      0.93885343049803,
      1.09192497618272
    ],
    [
      0.48988904073486,
      -2.28012683555547,
      0.15197528192495
    ],
    [
      3.21851558618511,
      0.42977429225025,
      -1.12201040240154
    ],
    [
      -0.94673937813687,
      2.29528286836167,
      -0.23204467411045
    ],
    [
      -2.65061437067211,
      1.83947729401329,
      0.39794232762546
    ],
    [
      1.37366712775647,
      0.15603432035603,
      -1.23251987504447
    ]
  ],
  "energies": -6374.1730280872725,
  "forces": [
    [
      0.00207882720501629,
      0.001737006624498249,
      0.004628057257706179
    ],
    [
      -0.003034491666603752,
      -0.0033470184324740897,
      0.003811132824141127
    ],
    [
      0.0013577061447841037,
      0.0019543545894626026,
      -0.0020064171698207624
    ],
    [
      -0.005698060639507873,
      0.0006146553727101762,
      -0.011333073813841585
    ],
    [
      -0.0021540636027073783,
      0.00047186863369601316,
      0.005819160224570761
    ],
    [
      0.003408304486162135,
      0.003895340315656821,
      -0.0035333850133929656
    ],
    [
      3.404757906194905e-05,
      9.692128907141264e-05,
      -0.0017500771369333746
    ],
    [
      0.000378258668634892,
      0.0012822403532517248,
      0.0011766554743169078
    ],
    [
      0.0015664491410415364,
      -0.0011128971504872868,
      -0.0004933905171236603
    ],
    [
      0.0035350022888250283,
      0.0020040995258349273,
      0.0027181304086125436
    ],
    [
      -0.0013183615271690973,
      -0.0067561170810403704,
      -0.001323593825339688
    ],
    [
      -0.002585605714417292,
      0.0016518157887935839,
      -0.002880692326279424
    ],
    [
      -0.001980402077592816,
      2.1297014728260555e-05,
      -3.028626054254875e-05
    ],
    [
      0.002423343587401549,
      -0.00027982932460191685,
      0.004542789751699481
    ],
    [
      0.0030344239437413937,
      0.000668212741136589,
      0.004504277040285865
    ],
    [
      -0.001045377868092735,
      -0.0029019508773015013,
      -0.0038492870209029897
    ]
  ]
}