{
  "name": "system79",
  "subset": "sp",
  "atomic_number": [
    6,
    6,
    6,
    6,
    6,
    6,
    1,
    1,
    1,
    1,
    1,
    1,
    1,
    1,
    1,
    1
  ],
  "charge": [
    0,
    0,
    0,
    0,
    0,
    0,
    0,
    0,
    0,
    0,
    0,
    0,
    0,
    0,
    0,
    0
  ],
  "positition": [
    [
      -0.71006571292191,
      -1.68079575099325,
      -0.29371218408898
    ],
    [
      -1.54685670595383,
      -0.56428445316426,
      -0.4642644367584
    ],
    [
      -1.23806509601018,
      0.62865647921295,
      0.15552642757396
    ],
    [
      -1.51620511724318,
      1.61973812765285,
      0.98518560908341
    ],
    [
      2.36318719485309,
      0.20193308325421,
      0.28578053759958
    ],
    [
      1.34967012722065,
      0.12986161318729,
      -0.61046054265189
    ],
    [
      -2.17559857226038,
      -0.51450539342305,
      -1.36483420281027
    ],
    [
      -0.3086478258303,
      -1.89575523255868,
      0.70453577587079
    ],
    [
      -0.84405277626325,
      -2.55537578177989,
      -0.93813130889409
    ],
    [
      3.3807064202173,
      0.48902743296452,
      0.0012834412818
    ],
    [
      2.19944066775927,
      -0.03078701939869,
      1.34438628388623
    ],
    [
      0.54530089148346,
      -0.90436600403581,
      -0.58770359524129
    ],
    [
      1.56106005995504,
      0.38706877716077,
      -1.6592648263799
    ],
    [
      -0.85099929983933,
      2.48506293185893,
      1.08501009747056
    ],
    [
      -2.41133477874388,
      1.60656901116008,
      1.61988371594936
    ],
    [
      0.20246052357741,
      0.59795217890201,
      -0.26322079189088
    ]
  ],
  "energies": -6371.738901946526,
  "forces": [
    [
      -0.00763370644114508,
      0.001987684933532774,
      -0.004615445995752239
    ],
    [
      -0.0008849269805461195,
      0.0004758476218254075,
      -0.0029505533181872095
    ],
    [
      0.0005503395822512272,
      -0.0009936205805468913,
      0.005053017396250578
    ],
    [
      -7.822926483988875e-05,
      0.004076854710325039,
      -0.0019171417764829663
    ],
    [
      0.006906256404317466,
      0.0019895426585505517,
      -0.0010799399763579912
    ],
    [
      0.0013031782876854925,
      -0.0059949216212170295,
      -0.006944798529153459
    ],
    [
      0.0012987557328053756,
      0.0006942692795506103,
      0.00012775113228517487
    ],
    [
      0.0005941422873947101,
      -0.005670937093201725,
      0.0013331829095665866
    ],
    [
      -0.0029200275850782206,
      -0.0010206012249285956,
      0.0028845113403581
    ],
    [
      0.0013622909362858912,
      0.0011485914184036741,
      1.692526485042916e-05
    ],
    [
      -0.0005653510206086828,
      0.0036954591927534936,
      -0.001114658561973404
    ],
    [
      0.001917622984186799,
      0.0029807958699727315,
      0.002842027251281018
    ],
    [
      0.0013431716460989124,
      0.0018781915147004767,
      0.0037610013995125506
    ],
    [
      -0.00312894011989085,
      -0.002481953071075467,
      0.0015774429732972129
    ],
    [
      -0.00047387090614438234,
      0.0004924103611028488,
      -0.0007584835114270557
    ],
    [
      0.00040929440580528455,
      -0.0032576140725920307,
      0.0017851625161533437
    ]
  ]
}