{
  "name": "system7",
  "subset": "prod",
  "atomic_number": [
    7,
    5,
    7,
    5,
    1,
    1,
    1,
    1,
    1,
    1,
    1,
    1
  ],
  "charge": [
    0,
    0,
    0,
    0,
    0,
    0,
    0,
    0,
    0,
    0,
    0,
    0
  ],
  "positition": [
    [
      -1.90656292214649,
      0.08221947220258,
      0.29661420031242
    ],
    [
      -0.57094697942467,
      -0.14499604768041,
      -0.65820802610532
    ],
    [
      2.12685101728831,
      -0.09909229919173,
      -0.13681177656646
    ],
    [
      0.81241608692186,
      0.03324754538001,
      0.33198121166639
    ],
    [
      2.34087289286736,
      -0.3152718812361,
      -1.10454994173543
    ],
    [
      -0.67639509679077,
      0.70846128417236,
      -1.53859393877604
    ],
    [
      -0.71985420990553,
      -1.27270553441754,
      -1.12809095248785
    ],
    [
      -2.78254523075778,
      -0.00232027032213,
      -0.22355089731919
    ],
    [
      -1.88479625608464,
      1.00860626766656,
      0.72954501645656
    ],
    [
      2.95313054984678,
      0.00578584537311,
      0.44050721421579
    ],
    [
      0.74157236456075,
      0.29465070801999,
      1.53523233110956
    ],
    [
      -1.92438721637516,
      -0.60182808996669,
      1.05683755922954
    ]
  ],
  "energies": -4458.271164730863,
  "forces": [
    [
      -0.0004811584414924452,
      -0.005260147899328187,
      0.005010826207267644
    ],
    [
      -0.000786960075162489,
      -0.0009407825039949402,
      -0.0036550051440410094
    ],
    [
      0.002832323444422441,
      -0.003307886085152033,
      0.004016136201991471
    ],
    [
      0.0028013347584434365,
      0.00044727505309071603,
      -0.0014304788598188203
    ],
    [
      -0.0009274605890738094,
      0.0023697652387717635,
      -0.0012411495965045267
    ],
    [
      -0.002982467395685575,
      0.0006027003077543775,
      0.0008292747285285077
    ],
    [
      0.0008889540997303106,
      0.0012502300136437662,
      0.00011812507559203813
    ],
    [
      -0.00047131234977422834,
      9.517211603726285e-05,
      -0.002281684740006948
    ],
    [
      0.0004074486107070717,
      0.0029720402346092353,
      0.00016182236549798553
    ],
    [
      0.0006840940866030144,
      9.383802192866742e-05,
      -0.00025548791781363145
    ],
    [
      -0.002803746504812047,
      0.0009817029508559344,
      -0.0009400036139447206
    ],
    [
      0.000838949430497112,
      0.0006960921404069008,
      -0.00033237491243625744
    ]
  ]
}