{
  "name": "system7",
  "subset": "react",
  "atomic_number": [
    7,
    5,
    7,
    5,
    1,
    1,
    1,
    1,
    1,
    1,
    1,
    1
  ],
  "charge": [
    0,
    0,
    0,
    0,
    0,
    0,
    0,
    0,
    0,
    0,
    0,
    0
  ],
  "positition": [
    [
      1.99794719418655,
      0.41207145182213,
      0.53295327166091
    ],
    [
      3.17428131745217,
      0.4069621342745,
      -0.21359958889388
    ],
    [
      0.2611280913469,
      -2.2914409089333,
      0.06223955418147
    ],
    [
      -0.95279036460176,
      -1.62995246209237,
      -0.04961813881406
    ],
    [
      1.14038954318757,
      -1.80261225480356,
      0.20661207116915
    ],
    [
      4.23216657916484,
      0.28728301986017,
      0.35707023198172
    ],
    [
      3.10636937646355,
      0.50948828288859,
      -1.41454792671679
    ],
    [
      1.0757950532012,
      0.54521829162881,
      0.12790595862297
    ],
    [
      1.98106666958511,
      0.36623664345693,
      1.54648935286366
    ],
    [
      0.35476062986045,
      -3.2982095237723,
      -0.01326442430671
    ],
    [
      -1.9684598385892,
      -2.25631983664483,
      -0.23374590362244
    ],
    [
      -0.97494625125738,
      -0.42141183768477,
      0.04181954187401
    ]
  ],
  "energies": -4458.9822936301725,
  "forces": [
    [
      -0.0011541111659293007,
      0.0029352772104504392,
      -0.0066400472426258045
    ],
    [
      -0.0020299648255814387,
      -0.0036940836524588234,
      0.003946655887646358
    ],
    [
      0.006608724210366578,
      0.009135349893694498,
      -0.006625902163254689
    ],
    [
      0.001782647977072619,
      -0.0027213683019110296,
      0.0008595487506190888
    ],
    [
      0.001593616344682645,
      0.00041051290310706057,
      0.001100659109896289
    ],
    [
      -0.0003974163711059873,
      -0.0022025062238085692,
      0.0011774055165874894
    ],
    [
      -0.003326126983588972,
      -0.0003678965050513551,
      -6.892552166327518e-05
    ],
    [
      -0.0032869924765400976,
      0.00013532997364330533,
      0.0008277852883552319
    ],
    [
      -0.0005288570367049042,
      -0.0027132486546733088,
      0.0009036505265047699
    ],
    [
      -0.0016050387284454535,
      -0.001962181747982713,
      0.002717542962918102
    ],
    [
      -0.002050366684965788,
      5.9556421039389595e-05,
      0.002023437771183577
    ],
    [
      0.004393887077713846,
      0.0009852594552821135,
      -0.00022181119469953897
    ]
  ]
}