{
  "name": "system7",
  "subset": "sp",
  "atomic_number": [
    7,
    5,
    7,
    5,
    1,
    1,
    1,
    1,
    1,
    1,
    1,
    1
  ],
  "charge": [
    0,
    0,
    0,
    0,
    0,
    0,
    0,
    0,
    0,
    0,
    0,
    0
  ],
  "positition": [
    [
      0.29350761357066,
      1.77700916763446,
      0.66419870809708
    ],
    [
      0.66486552311972,
      0.47109971697096,
      -0.20043145243945
    ],
    [
      -0.43207049396465,
      -1.98449315793648,
      -0.24730931321039
    ],
    [
      -0.79665438032674,
      -0.64186819587676,
      -0.21300712153464
    ],
    [
      0.522648780406,
      -2.29199728337562,
      -0.09311072788193
    ],
    [
      1.6189234368305,
      -0.15114595394375,
      0.22503087353556
    ],
    [
      0.63472677490526,
      0.68980662487395,
      -1.40112018460243
    ],
    [
      0.19037745743877,
      2.65085605067201,
      0.15875409779168
    ],
    [
      0.80752447443128,
      1.89072668926072,
      1.5310950742568
    ],
    [
      -1.06797326901741,
      -2.72846878641982,
      -0.51263997979915
    ],
    [
      -1.96451164414842,
      -0.37949442925335,
      -0.42238066200915
    ],
    [
      -0.47136427324497,
      0.69796955739369,
      0.51092068779602
    ]
  ],
  "energies": -4456.651509454237,
  "forces": [
    [
      0.0005645506875564866,
      0.0033669837185088414,
      -0.0030502548955820704
    ],
    [
      -0.0002782158029807517,
      0.0027676193145128244,
      0.003497097386244421
    ],
    [
      0.0011143813970317864,
      -0.0013148142272929276,
      0.0036709553436552692
    ],
    [
      -5.228652346033872e-05,
      -0.0025889774593564154,
      0.002910151411450756
    ],
    [
      -0.0005851527330480193,
      -0.00011709617145162473,
      -0.001350688061067595
    ],
    [
      0.0014482957833125986,
      0.0012522930155533692,
      0.0009245169328432148
    ],
    [
      0.0004396461266392395,
      0.000628283608884965,
      -0.0016672490423673828
    ],
    [
      -0.002950570287469349,
      -0.0005110717377823867,
      0.0004565576103756883
    ],
    [
      0.003128163852366052,
      -0.0024844037439488652,
      0.0004347348564334947
    ],
    [
      -0.002228313519463403,
      -0.001536180723956268,
      -0.002239303700752316
    ],
    [
      -0.00012970676491869291,
      0.0030923839667079595,
      -0.0015429505933549311
    ],
    [
      -0.0004707918556111385,
      -0.002555017400652654,
      -0.0020435677620992193
    ]
  ]
}