{
  "name": "system80",
  "subset": "prod",
  "atomic_number": [
    6,
    6,
    6,
    6,
    6,
    6,
    1,
    1,
    1,
    1,
    1,
    1,
    1,
    1,
    1,
    1
  ],
  "charge": [
    0,
    0,
    0,
    0,
    0,
    0,
    0,
    0,
    0,
    0,
    0,
    0,
    0,
    0,
    0,
    0
  ],
  "positition": [
    [
      -1.05129299680808,
      -1.09240699010834,
      -0.02478911346724
    ],
    [
      -1.63596015971938,
      -0.00056716021651,
      -0.90352890141637
    ],
    [
      -1.60527580204701,
      0.93334068241557,
      0.06369819504419
    ],
    [
      -1.00960032017653,
      0.00029370226521,
      1.10288911028349
    ],
    [
      2.77870083597723,
      -0.26285305781937,
      0.25085707677326
    ],
    [
      2.28866279762294,
      0.60854736044063,
      -0.63221996163639
    ],
    [
      -1.96416277146476,
      0.00687706967382,
      -1.94711944654018
    ],
    [
      -1.71732465837167,
      -1.9475008036928,
      0.18238728296551
    ],
    [
      -0.06702147794977,
      -1.48424626347109,
      -0.33301865954239
    ],
    [
      3.84266570285454,
      -0.28673738538234,
      0.50856028551873
    ],
    [
      2.13530813189869,
      -0.98985535879886,
      0.75690376404313
    ],
    [
      1.22520614524203,
      0.6352203921882,
      -0.89058557240543
    ],
    [
      2.93381053056946,
      1.33502659911847,
      -1.13726529034901
    ],
    [
      -1.64443123238688,
      -0.21301676949396,
      1.97990466597552
    ],
    [
      0.00107802262211,
      0.26685159791249,
      1.45412159010907
    ],
    [
      -1.89882774786294,
      1.9864803849689,
      0.10277197464411
    ]
  ],
  "energies": -6374.124933596981,
  "forces": [
    [
      -0.005808162535660053,
      0.007969497218654024,
      0.006761551879311163
    ],
    [
      -0.001460822918764779,
      -0.0006448629060680093,
      -0.004447658876160025
    ],
    [
      0.0055881262764502755,
      -0.008421980864342402,
      -0.005271902983865071
    ],
    [
      -0.014521418196875305,
      0.004428779675604292,
      -0.006204224295252675
    ],
    [
      -0.004952319876260308,
      0.01492689826801002,
      -0.0034336160730902166
    ],
    [
      -0.002482420600509454,
      -0.016394416597020314,
      -0.009293146322715834
    ],
    [
      0.0014461393989291594,
      -0.0008441841455048558,
      -0.0020125602556436595
    ],
    [
      0.00334143759553276,
      -0.00037769338585136634,
      0.0052562487182469175
    ],
    [
      0.0011454079810742368,
      4.832054511391831e-05,
      -0.004773488427942537
    ],
    [
      -0.0009633885188630561,
      -0.0038627627906488546,
      -0.00023521862451824128
    ],
    [
      0.007450863248841178,
      -0.0027091606517616828,
      0.0005801999652341325
    ],
    [
      0.001680793923371418,
      0.01038785497385255,
      0.011839747833602261
    ],
    [
      0.0020783241429339436,
      0.003639681779424583,
      0.0009962593553417066
    ],
    [
      0.00184954551525398,
      0.0026347246385448574,
      0.0010310786767865495
    ],
    [
      0.0030841133957033276,
      -0.011604039362472915,
      0.009204952335448952
    ],
    [
      0.002523782351550219,
      0.0008233431416675536,
      1.7773523269153728e-06
    ]
  ]
}