{
  "name": "system80",
  "subset": "sp",
  "atomic_number": [
    6,
    6,
    6,
    6,
    6,
    6,
    1,
    1,
    1,
    1,
    1,
    1,
    1,
    1,
    1,
    1
  ],
  "charge": [
    0,
    0,
    0,
    0,
    0,
    0,
    0,
    0,
    0,
    0,
    0,
    0,
    0,
    0,
    0,
    0
  ],
  "positition": [
    [
      -1.19847786995095,
      -1.10801398132029,
      0.48217580846741
    ],
    [
      -1.57588322213237,
      -0.50561549701744,
      -0.7592177200921
    ],
    [
      -1.86853592768264,
      0.80148221230167,
      -0.42994437278367
    ],
    [
      -1.20249878327515,
      1.01099281866716,
      0.81788092706846
    ],
    [
      2.55517461386794,
      -0.30882309775895,
      0.27918094661877
    ],
    [
      2.1161472738967,
      0.22035921132612,
      -0.86361739661702
    ],
    [
      -1.54269860544298,
      -0.98289526012258,
      -1.74541906376585
    ],
    [
      -1.93076138826385,
      -1.14396333167468,
      1.29082585863609
    ],
    [
      -0.41712790034695,
      -1.88163128983435,
      0.55512635601434
    ],
    [
      3.60063961036292,
      -0.22093117209401,
      0.59292262447451
    ],
    [
      1.88469224242546,
      -0.85235100185327,
      0.95239274757966
    ],
    [
      1.06944719567368,
      0.13384108809489,
      -1.17271895364466
    ],
    [
      2.78520808913777,
      0.76732733632007,
      -1.53617162541338
    ],
    [
      -1.62380420402639,
      1.63921345676949,
      1.61959251210559
    ],
    [
      -0.11528479921278,
      0.92107027577648,
      0.85075882573281
    ],
    [
      -2.5362363250304,
      1.50993823241969,
      -0.93376747438098
    ]
  ],
  "energies": -6372.61541692459,
  "forces": [
    [
      0.000435601678218439,
      -0.0006942074702259676,
      -0.002632771885547096
    ],
    [
      -0.002788183153408509,
      -0.0038577485220427274,
      0.006855209718316746
    ],
    [
      0.0030268292129645323,
      0.004760390147591183,
      -0.002412735934869722
    ],
    [
      -0.00032597003686980265,
      -0.0004952705078964883,
      0.003092718621520584
    ],
    [
      0.0011016473391816338,
      -0.0027282846213567665,
      0.005705279834928773
    ],
    [
      -0.0044000833853761806,
      0.00125789539834081,
      -0.0034083269061833867
    ],
    [
      0.0013966403114595942,
      -0.001213817019495655,
      -0.00012414443992151566
    ],
    [
      0.0029626044909864006,
      -0.0008940631392060853,
      -0.0024168145789651378
    ],
    [
      -0.0013671862142287706,
      0.003624026228254752,
      -0.003232354010575174
    ],
    [
      -0.002331582091386129,
      0.0004767966160735623,
      -0.00014406612004337418
    ],
    [
      -0.0011176254095562564,
      0.0008360904149889483,
      -0.00038615031042713396
    ],
    [
      0.0017950472772660126,
      -0.0006783741529702047,
      0.0006552267151576932
    ],
    [
      0.0003608564126901316,
      0.00038807185023017097,
      -0.0013310789242695124
    ],
    [
      0.0028097958482066377,
      -0.0017812474970754098,
      -0.0010329701346803387
    ],
    [
      -0.002313365567008991,
      0.0027121131011657498,
      -0.0011838855712160306
    ],
    [
      0.0007549735439715936,
      -0.0017123707749538036,
      0.0019968638753525584
    ]
  ]
}