{
  "name": "system81",
  "subset": "prod",
  "atomic_number": [
    6,
    6,
    6,
    6,
    6,
    6,
    1,
    1,
    1,
    1,
    1,
    1,
    1,
    1,
    1,
    1
  ],
  "charge": [
    0,
    0,
    0,
    0,
    0,
    0,
    0,
    0,
    0,
    0,
    0,
    0,
    0,
    0,
    0,
    0
  ],
  "positition": [
    [
      2.29055976574594,
      -0.87304750056168,
      -0.26735026039115
    ],
    [
      1.48774952755635,
      0.10057523579219,
      0.08596865175619
    ],
    [
      0.67898218158056,
      1.0682214869272,
      0.44591111363436
    ],
    [
      -0.77516636677652,
      1.21363853857394,
      0.04842945597428
    ],
    [
      -1.40508024876833,
      -0.00401800330223,
      -0.63389661661711
    ],
    [
      -1.60938195266162,
      -1.19912272760246,
      0.29853372117589
    ],
    [
      -0.65388943930243,
      -1.55497626744845,
      0.71297220330993
    ],
    [
      2.88044743354838,
      -0.82338022034687,
      -1.19030653285135
    ],
    [
      2.4009920024587,
      -1.77504757553094,
      0.3468655317747
    ],
    [
      -2.37830432042672,
      0.29979587343661,
      -1.05641618224194
    ],
    [
      -0.77763638036449,
      -0.30318128479992,
      -1.49164463553947
    ],
    [
      -2.07897962010903,
      -2.04348957369123,
      -0.23126038300863
    ],
    [
      -2.26286313303387,
      -0.93200691601811,
      1.14646089092074
    ],
    [
      -1.35727172513216,
      1.47630755755056,
      0.95152668904896
    ],
    [
      -0.85661334147027,
      2.09535514788761,
      -0.61486387170526
    ],
    [
      1.09147061715551,
      1.86996222913374,
      1.07464522475982
    ]
  ],
  "energies": -6375.251514689033,
  "forces": [
    [
      -0.0052231281762104755,
      -0.014613172133846863,
      -0.00033795117281361624
    ],
    [
      0.0007351037487154294,
      0.00381553954102458,
      -0.0038856250930993496
    ],
    [
      3.929062444456154e-05,
      0.00998523988318578,
      0.0019681775610054628
    ],
    [
      -0.00036539883240863623,
      -0.0002693380916299828,
      0.0005690671391311106
    ],
    [
      -0.002223488535486236,
      0.0006491222987292482,
      0.004136807286969293
    ],
    [
      0.001142821656787854,
      -0.005224583317865002,
      -0.0015397674131358292
    ],
    [
      -0.0013996775044302263,
      0.00022019705601356883,
      0.001075750671974197
    ],
    [
      0.0032503855183549212,
      0.0010149097791209542,
      0.0010254412241493531
    ],
    [
      0.0018727300797989309,
      0.0030754773680678835,
      -0.0010953627912521709
    ],
    [
      0.0008560770926036093,
      -0.0006454569852091058,
      -0.000902499752065352
    ],
    [
      0.00025402562849177946,
      -0.0011129043495766793,
      0.0009764844852213912
    ],
    [
      0.000248247227968688,
      0.0018182356984659952,
      -0.00297257831511927
    ],
    [
      -0.0003437770359046322,
      -0.0019586715234169156,
      0.0007134117096677797
    ],
    [
      1.1002831117417234e-05,
      0.003159582735358336,
      7.315632365521156e-05
    ],
    [
      -0.00022199508001145455,
      -0.00044141252606586456,
      0.0015674567564461744
    ],
    [
      0.001367780961856739,
      0.0005272343105337298,
      -0.0013719690835329904
    ]
  ]
}