{
  "name": "system81",
  "subset": "react",
  "atomic_number": [
    6,
    6,
    6,
    6,
    6,
    6,
    1,
    1,
    1,
    1,
    1,
    1,
    1,
    1,
    1,
    1
  ],
  "charge": [
    0,
    0,
    0,
    0,
    0,
    0,
    0,
    0,
    0,
    0,
    0,
    0,
    0,
    0,
    0,
    0
  ],
  "positition": [
    [
      -0.90853118113881,
      -1.53322709512357,
      0.34064497907012
    ],
    [
      -1.47201039397534,
      -0.65303684572618,
      -0.50165367625255
    ],
    [
      -1.72181284883758,
      0.76937688707353,
      -0.22652536497361
    ],
    [
      -1.02139102986697,
      1.54272259272105,
      0.61759142833093
    ],
    [
      2.62936934040652,
      -0.48963687813045,
      0.28612607869467
    ],
    [
      2.20315912160738,
      0.39787818067303,
      -0.61301337141298
    ],
    [
      -1.80104940381621,
      -1.01066600577425,
      -1.48529907638106
    ],
    [
      -0.60829007471652,
      -1.24710637014229,
      1.35295089679119
    ],
    [
      -0.74288813946809,
      -2.57302550792744,
      0.04697041105363
    ],
    [
      3.6119190732372,
      -0.40668716013982,
      0.76215054608312
    ],
    [
      2.00678166897602,
      -1.33963121924209,
      0.58318900007283
    ],
    [
      1.21653288663013,
      0.30887132198079,
      -1.07628936700051
    ],
    [
      2.81903399174055,
      1.25114205917203,
      -0.91581761606533
    ],
    [
      -1.28577067837423,
      2.59190591707696,
      0.77400053406335
    ],
    [
      -0.15090106633416,
      1.16147006032948,
      1.15920700239574
    ],
    [
      -2.54714526606992,
      1.22248006317917,
      -0.78980540446951
    ]
  ],
  "energies": -6374.52149868805,
  "forces": [
    [
      -0.002809390693740032,
      0.003726327859627909,
      -0.0029889508441705436
    ],
    [
      0.0009829424797831506,
      -0.00684397178550859,
      0.004188317285794499
    ],
    [
      -0.003083589610527944,
      0.005147624589458785,
      -0.003324943813247287
    ],
    [
      0.006355502617315825,
      -0.003608128581993059,
      -0.0006840036866090693
    ],
    [
      -0.004833665101955172,
      -0.0024430004438778913,
      0.0027383892632283145
    ],
    [
      0.001886384181273466,
      0.0047087123585610605,
      7.695867698415006e-05
    ],
    [
      -0.0032314120611502107,
      0.0014951260140781005,
      -0.0012326951401879795
    ],
    [
      9.880061135736843e-05,
      0.005043896252834202,
      0.004682714698413858
    ],
    [
      0.0027053030711326888,
      2.171913847700631e-05,
      -0.0026704824127141017
    ],
    [
      0.002455493589343725,
      0.0004174200180027881,
      0.002521991063843122
    ],
    [
      0.0010437715455609625,
      -0.004520295271294885,
      -0.0030557781912303257
    ],
    [
      0.00048646514739411574,
      -0.0016009239346368733,
      -0.002095312605504827
    ],
    [
      0.0010177525966779844,
      0.0011975953113671578,
      -0.002212990874755916
    ],
    [
      -0.004293612709913663,
      0.0002265730323783188,
      0.000832733736715483
    ],
    [
      -0.00031089385812988,
      0.00016991002820997632,
      0.0025098676430396686
    ],
    [
      0.0015301482984217496,
      -0.00313858484279434,
      0.0007141848918685522
    ]
  ]
}