{
  "name": "system81",
  "subset": "sp",
  "atomic_number": [
    6,
    6,
    6,
    6,
    6,
    6,
    1,
    1,
    1,
    1,
    1,
    1,
    1,
    1,
    1,
    1
  ],
  "charge": [
    0,
    0,
    0,
    0,
    0,
    0,
    0,
    0,
    0,
    0,
    0,
    0,
    0,
    0,
    0,
    0
  ],
  "positition": [
    [
      -1.90356301538692,
      -1.67438856692375,
      -0.47139178410326
    ],
    [
      -1.14354382842961,
      -0.59784144402874,
      -0.27716679086846
    ],
    [
      -1.16830032417284,
      0.70421187209988,
      0.23599347082908
    ],
    [
      -0.14913560001067,
      1.08465867368082,
      1.12241746789593
    ],
    [
      1.56102163136032,
      0.84636973340616,
      0.08590632451867
    ],
    [
      1.54326854258435,
      -0.37975457014704,
      -0.61630113563793
    ],
    [
      0.08328514196281,
      -0.72323645936167,
      -0.60040655218564
    ],
    [
      -2.91140671692252,
      -1.74921369906879,
      -0.04956551814986
    ],
    [
      -1.53705433000076,
      -2.53215642468487,
      -1.04375094009425
    ],
    [
      1.54652436266485,
      1.7685871764275,
      -0.5030536715591
    ],
    [
      2.17993847526531,
      0.91554925247219,
      0.98484519208541
    ],
    [
      1.97929915364385,
      -1.27036678049553,
      -0.15142438379396
    ],
    [
      1.56266046693397,
      -0.37216096564894,
      -1.71083744299236
    ],
    [
      -0.09878161533083,
      2.12994004579543,
      1.4446963998068
    ],
    [
      0.13348717556777,
      0.36791708777854,
      1.90014670560484
    ],
    [
      -1.67769951972907,
      1.4818850686988,
      -0.35010734135592
    ]
  ],
  "energies": -6372.938622340067,
  "forces": [
    [
      -0.00037795532986112525,
      -0.0003445146340349781,
      0.00246050718946298
    ],
    [
      8.493202844099872e-05,
      0.0018846613877597335,
      0.0014879428141041642
    ],
    [
      0.005203413675596924,
      -0.0030256354496770266,
      0.0026171369032041013
    ],
    [
      -0.006618051813382321,
      0.006330712604414242,
      -0.0053439656115753355
    ],
    [
      -0.001287534563591092,
      0.00041467603365870587,
      -0.0024508120215116736
    ],
    [
      0.0016534432972169979,
      0.001778887224195957,
      -0.00961034447484894
    ],
    [
      0.0006016419901915883,
      0.0009414920256766546,
      -0.0068644981891394325
    ],
    [
      -0.0031531247922186438,
      0.00037535887542752567,
      0.002407797359546352
    ],
    [
      -0.0007265356496306122,
      0.0001707544813957362,
      0.0007270735758744457
    ],
    [
      0.00044745734431855187,
      0.0005890775737407673,
      0.002867547149002883
    ],
    [
      -0.0010429413362877866,
      0.002229117092105826,
      0.0032708058896834227
    ],
    [
      0.002968495968635024,
      -0.003650910507682729,
      -0.0014561113718676137
    ],
    [
      0.005021118333995803,
      -0.0029894090662103867,
      0.006335972207702458
    ],
    [
      0.0010615094847596896,
      -0.0016981920655508112,
      7.951851890598127e-05
    ],
    [
      -0.003228626373509718,
      -0.003637685883312533,
      0.0019094382366121414
    ],
    [
      -0.0006072421104080771,
      0.0006316104623595178,
      0.001561991979110268
    ]
  ]
}