{
  "name": "system82",
  "subset": "prod",
  "atomic_number": [
    6,
    15,
    6,
    6,
    1,
    1,
    1,
    1,
    1,
    1,
    1,
    1,
    1,
    1,
    6,
    6,
    1,
    1,
    1,
    8
  ],
  "charge": [
    0,
    0,
    0,
    0,
    0,
    0,
    0,
    0,
    0,
    0,
    0,
    0,
    0,
    0,
    0,
    0,
    0,
    0,
    0,
    0
  ],
  "positition": [
    [
      -1.33849550934974,
      1.1722957914517,
      -0.42261289944651
    ],
    [
      -0.43580434325299,
      -0.18886603538601,
      -1.40014299357584
    ],
    [
      1.26425962901889,
      0.34765456703849,
      -0.9591666242798
    ],
    [
      -1.05283237658491,
      -1.59399731707468,
      -0.39114085011402
    ],
    [
      -1.07258925864447,
      1.15644819885801,
      0.64704942367367
    ],
    [
      -1.08340361486558,
      2.16725846485425,
      -0.82511853349515
    ],
    [
      -2.43096853093822,
      1.04510113181562,
      -0.50687806621311
    ],
    [
      -1.23484456690216,
      -1.30815696774067,
      0.65496015824317
    ],
    [
      -2.00122206550965,
      -1.93256210788357,
      -0.83718528486094
    ],
    [
      -0.33420944580216,
      -2.41958660428934,
      -0.4656662248627
    ],
    [
      1.3063152437508,
      0.82408634880101,
      0.03088358277144
    ],
    [
      1.59070547197616,
      1.07691375722454,
      -1.71730728803728
    ],
    [
      1.93269436686909,
      -0.52014850560643,
      -1.01836204634228
    ],
    [
      -1.06751849963648,
      -1.62148505703198,
      -4.23231647463385
    ],
    [
      -0.40269740384452,
      -0.87975409160236,
      -3.74235801735573
    ],
    [
      -1.18538946519581,
      0.24649011038339,
      -3.05646433724972
    ],
    [
      0.28694893455944,
      -0.49892906249218,
      -4.52453420410798
    ],
    [
      -0.93955459131212,
      1.27821848367455,
      -3.35535347448669
    ],
    [
      -2.28279146144495,
      0.14715274371547,
      -3.04114619999411
    ],
    [
      0.26983346710938,
      -1.40252582870982,
      -2.62791461563247
    ]
  ],
  "energies": -16718.72046941932,
  "forces": [
    [
      0.003598783495474505,
      0.007433976087742463,
      0.0048971342280794755
    ],
    [
      0.004848346924862577,
      -0.0012774453483396714,
      0.0024110143754855996
    ],
    [
      -0.002668916456504995,
      -0.002613754205364688,
      -0.003296982704312369
    ],
    [
      0.00032349936081230623,
      -0.00026148162253163083,
      -0.002590840840801573
    ],
    [
      0.0011702296699691473,
      -0.0007530979754965353,
      -0.0010258863849841554
    ],
    [
      -0.001963358182033609,
      -0.0030612194686815723,
      0.00023626480647319712
    ],
    [
      -0.0016624244697667526,
      -0.0017276009113625951,
      0.00018611224737504625
    ],
    [
      0.0006353981089772685,
      0.0022395739751369438,
      -0.0002642657675101107
    ],
    [
      -0.000645805523979845,
      -0.0023970426399026468,
      4.9329446070233534e-05
    ],
    [
      -0.0026950553730704955,
      0.0010504590368081465,
      -0.0003314012355958992
    ],
    [
      -4.918011638740279e-05,
      0.00010493577818193368,
      0.002043348138450676
    ],
    [
      0.0002074178495885109,
      -0.003892682360430981,
      -0.0011542233174576249
    ],
    [
      -0.0015265802240304754,
      -0.00033445066701849884,
      -0.0008727411333532187
    ],
    [
      0.0029750075449906915,
      0.001665775440190771,
      0.0002082384943572079
    ],
    [
      -0.002436515761263312,
      -0.00490591886548881,
      3.9814358197878085e-05
    ],
    [
      -0.0017560408111641928,
      -0.003577683272997,
      0.004607515684565544
    ],
    [
      0.00035097093166852334,
      -0.0003821537873728617,
      -0.003276918945019139
    ],
    [
      -0.0002561431377924984,
      -6.710584897514434e-05,
      -0.004402209636428306
    ],
    [
      0.0014537316614468003,
      -0.0021397110352955532,
      -0.0017616532726767837
    ],
    [
      9.663234847643123e-05,
      0.014896630570833689,
      0.004298351201973984
    ]
  ]
}