{
  "name": "system82",
  "subset": "react",
  "atomic_number": [
    6,
    15,
    6,
    6,
    1,
    1,
    1,
    1,
    1,
    1,
    1,
    1,
    1,
    1,
    6,
    6,
    1,
    1,
    1,
    8
  ],
  "charge": [
    0,
    0,
    0,
    0,
    0,
    0,
    0,
    0,
    0,
    0,
    0,
    0,
    0,
    0,
    0,
    0,
    0,
    0,
    0,
    0
  ],
  "positition": [
    [
      -1.61979731051497,
      1.05922709306218,
      0.64424650398693
    ],
    [
      -0.96526497474473,
      0.32116578808019,
      -0.93541642737644
    ],
    [
      0.85075539609674,
      0.63415346203368,
      -0.69420422964078
    ],
    [
      -1.01973086370178,
      -1.48013006496004,
      -0.48175010623904
    ],
    [
      -1.09072396309119,
      0.67913903400628,
      1.53521632101099
    ],
    [
      -1.51674684795304,
      2.15568571593656,
      0.61216949461956
    ],
    [
      -2.69219234746457,
      0.82666924624175,
      0.74344133909722
    ],
    [
      -0.53529914058706,
      -1.68210856394553,
      0.48896568374295
    ],
    [
      -2.0657543562431,
      -1.82185685734656,
      -0.43365495343194
    ],
    [
      -0.50140427740304,
      -2.04703214639737,
      -1.26903462250819
    ],
    [
      1.20627993842467,
      0.29188497157662,
      0.29268320842475
    ],
    [
      1.06171724059385,
      1.71100484591771,
      -0.79243184781844
    ],
    [
      1.39884488003317,
      0.0960668514581,
      -1.48169720373809
    ],
    [
      -1.80585616032139,
      -0.85832799320661,
      -3.64729580285744
    ],
    [
      -0.9160749615247,
      -1.03355968646343,
      -4.26594480370501
    ],
    [
      0.08520818907485,
      0.03409456068405,
      -4.3745370615906
    ],
    [
      -1.02901607057923,
      -1.76294468494288,
      -5.07926293008406
    ],
    [
      0.7191514895879,
      0.10142052927931,
      -5.26875537425571
    ],
    [
      -0.08758063112008,
      0.97418339718038,
      -3.8345041571207
    ],
    [
      0.31192077143771,
      -1.10312749819439,
      -3.54900803051595
    ]
  ],
  "energies": -16718.211789286273,
  "forces": [
    [
      -0.0024556519178882967,
      -0.0042517891887104255,
      0.0020705081430023916
    ],
    [
      0.005233021216275947,
      0.0022842734811304843,
      -0.0021569253950071646
    ],
    [
      -0.002138641610566272,
      -0.00032371718468850153,
      0.003645221992932912
    ],
    [
      0.005016642248743845,
      0.004402264812306293,
      0.006037063136483155
    ],
    [
      -0.002409826577157877,
      0.0028641584347816208,
      -0.001371192404631656
    ],
    [
      0.003912576066948342,
      -0.0011759463640117302,
      -0.0024161382759387636
    ],
    [
      0.001469949050121662,
      -0.0008197338267784728,
      0.0021455536105583735
    ],
    [
      -0.004093099918338196,
      -0.0011309912389226824,
      0.0007077997109537931
    ],
    [
      -0.0046046072010288396,
      -0.003753058078542883,
      -0.0021468670329959985
    ],
    [
      -0.0007981052939836798,
      0.00040196737830969616,
      -0.0036207707486093205
    ],
    [
      0.0016930615316509926,
      -0.0009878061331547697,
      0.002505022810144605
    ],
    [
      -0.0004269151026910454,
      -0.0017414870806259097,
      -0.0036841031434572315
    ],
    [
      0.0007137942384248658,
      9.473122323402908e-05,
      -0.0008395314768745091
    ],
    [
      0.0003715139446270362,
      -0.0017153613795316516,
      -0.004368661879858475
    ],
    [
      -0.0014096460320901856,
      0.0020447848710051842,
      -0.003617183030988418
    ],
    [
      -0.006479202719155612,
      0.0012992299471080839,
      -0.0010516938863272573
    ],
    [
      0.0038444929930102102,
      0.003387771037708101,
      0.0028489555520683873
    ],
    [
      -0.00037383817063745884,
      -0.0013307065770817104,
      0.00047932683888474934
    ],
    [
      0.0006839206399707181,
      -0.0021005745742081285,
      -0.001520115904554464
    ],
    [
      0.0022505602997708245,
      0.0025519924975560566,
      0.0063537288645336065
    ]
  ]
}