{
  "name": "system82",
  "subset": "sp",
  "atomic_number": [
    6,
    15,
    6,
    6,
    1,
    1,
    1,
    1,
    1,
    1,
    1,
    1,
    1,
    1,
    6,
    6,
    1,
    1,
    1,
    8
  ],
  "charge": [
    0,
    0,
    0,
    0,
    0,
    0,
    0,
    0,
    0,
    0,
    0,
    0,
    0,
    0,
    0,
    0,
    0,
    0,
    0,
    0
  ],
  "positition": [
    [
      -0.87595073670098,
      1.44758026405508,
      1.8458013249967
    ],
    [
      -0.18772467122228,
      0.37370232414861,
      0.48679604006764
    ],
    [
      1.62090555737218,
      0.49806011004882,
      0.77672555136786
    ],
    [
      -0.64530013721692,
      -1.30963571947704,
      1.07017733928636
    ],
    [
      -0.4965099296816,
      1.13939465264697,
      2.83571142152859
    ],
    [
      -0.59594559284546,
      2.49838657314885,
      1.67215216090835
    ],
    [
      -1.97514169355406,
      1.38097467958256,
      1.85307127348711
    ],
    [
      -0.32242555949305,
      -1.46933582775917,
      2.11248109476105
    ],
    [
      -1.73708535580941,
      -1.44072767517418,
      1.01009943045615
    ],
    [
      -0.14921670156673,
      -2.01259932275424,
      0.38870602517301
    ],
    [
      1.89659098463781,
      0.10910032886122,
      1.77053032370242
    ],
    [
      1.93117829666351,
      1.55245283377311,
      0.70732714055075
    ],
    [
      2.10044699866925,
      -0.08977763855833,
      -0.01714634865679
    ],
    [
      -0.83111464610365,
      -1.66446643920091,
      -2.67059950009735
    ],
    [
      0.04965930565283,
      -0.98399210762824,
      -2.58329465712813
    ],
    [
      -0.30537544256856,
      0.34499196004926,
      -2.07356393347176
    ],
    [
      0.54832973668943,
      -0.97515336287142,
      -3.58433909019391
    ],
    [
      0.44124376038986,
      1.13512961081259,
      -2.17441318689128
    ],
    [
      -1.33396069125229,
      0.67846687032428,
      -1.92963434185503
    ],
    [
      0.86739651794015,
      -1.21255211402781,
      -1.4965880679917
    ]
  ],
  "energies": -16716.112574341383,
  "forces": [
    [
      0.0022037674014260306,
      0.005171357107550651,
      0.005208510373776597
    ],
    [
      -0.003529799095544411,
      -0.0004071510312048191,
      -0.002771148770931714
    ],
    [
      -0.00048677985044470946,
      -0.002286871735336432,
      0.00734662917618676
    ],
    [
      0.0025448709012184947,
      0.002724686927854848,
      0.004941000902274419
    ],
    [
      -0.0019356619481662738,
      -0.0010218621968577884,
      -0.0011145847713071291
    ],
    [
      0.00013102342694654468,
      -0.0008796837808973058,
      -0.003118102096498458
    ],
    [
      -0.0022197549334609977,
      0.0014405081683620806,
      0.0019436257865407109
    ],
    [
      0.002640557649303199,
      0.0009616459278534938,
      -0.0023083996865679965
    ],
    [
      0.0002834491810147512,
      0.0010222455997900151,
      -0.0013079200707581068
    ],
    [
      -0.004216592840669675,
      -0.001960162609096338,
      -0.0003999818694551985
    ],
    [
      -0.0054138763286219966,
      -0.005010829086903401,
      0.000259502798545855
    ],
    [
      0.0006571462495001138,
      0.002415494934457395,
      -0.0030438622070455158
    ],
    [
      -0.002525174398328425,
      0.0003176291718994583,
      -0.003011489496130771
    ],
    [
      -0.0016594390588176805,
      0.00024841450395293334,
      0.00353060379947231
    ],
    [
      0.0023258269336373628,
      0.004885866419050341,
      0.005941388678272486
    ],
    [
      -0.0014839535415613518,
      -0.001483003467449788,
      0.0029853016257574004
    ],
    [
      -0.0012450071257114532,
      -0.0011135374066446302,
      0.0003657668601428028
    ],
    [
      -0.002111099951432611,
      0.0003502854240921402,
      0.00013554270673485868
    ],
    [
      0.000685905634604545,
      -0.0008964929861423117,
      -0.0003845811146278008
    ],
    [
      0.015354589381115526,
      -0.004478539112999536,
      -0.015197805298328999
    ]
  ]
}