{
  "name": "system83",
  "subset": "prod",
  "atomic_number": [
    6,
    6,
    6,
    6,
    8,
    17,
    16,
    8,
    17,
    1,
    1,
    1,
    1,
    1,
    1,
    1,
    1
  ],
  "charge": [
    0,
    0,
    0,
    0,
    0,
    0,
    0,
    0,
    0,
    0,
    0,
    0,
    0,
    0,
    0,
    0,
    0
  ],
  "positition": [
    [
      -3.18397288778485,
      0.97827242137061,
      0.98964269738751
    ],
    [
      -2.33741859020878,
      0.23545296144369,
      0.00315870441266
    ],
    [
      -2.34029664428221,
      -1.09751492617647,
      -0.1812111966755
    ],
    [
      -1.40269957958522,
      -1.80586987080262,
      -1.11534531262813
    ],
    [
      -0.14096547661432,
      -2.1496973142671,
      -0.51684349635967
    ],
    [
      2.59278850182883,
      -0.72934823491414,
      1.06024774023774
    ],
    [
      0.8995034591937,
      0.13762410274072,
      0.21269617599356
    ],
    [
      -1.49877181367486,
      1.00649277676866,
      -0.75258241670189
    ],
    [
      1.16864750571241,
      2.19455596584061,
      0.70996104667215
    ],
    [
      -3.82253979044658,
      1.71993655120156,
      0.47841205743308
    ],
    [
      -2.53983261443912,
      1.52750366117652,
      1.7001397793537
    ],
    [
      -3.82655640931093,
      0.29755224385683,
      1.56321909744596
    ],
    [
      -1.4050918833852,
      1.89127266690149,
      -0.37133694653066
    ],
    [
      -3.03575062548132,
      -1.69170925795449,
      0.41724784222595
    ],
    [
      -1.87998204880644,
      -2.721318258802,
      -1.51077590052547
    ],
    [
      -1.14801274903582,
      -1.1650024283771,
      -1.9712576277352
    ],
    [
      -0.31771535367925,
      -2.53613906000679,
      0.35310675599422
    ]
  ],
  "energies": -44226.478746051056,
  "forces": [
    [
      -7.191448073497646e-05,
      -0.0017224150473185871,
      0.005834642894751033
    ],
    [
      -0.0034422368283717345,
      0.0021651478349569995,
      -0.009591051635185532
    ],
    [
      -0.001544846422124423,
      0.0026976135694861797,
      0.0003379399628029905
    ],
    [
      0.0013233434512950244,
      -0.0031535615712565104,
      0.004204955306978161
    ],
    [
      -0.0006040589301889751,
      -0.002669509044406146,
      0.003016004507887516
    ],
    [
      -0.01001077402482023,
      -0.00815468248042563,
      0.006145543951970306
    ],
    [
      0.006896967059319638,
      0.012786407468489105,
      -0.007050360113891884
    ],
    [
      0.0012299336209190194,
      -0.006586401222555727,
      0.0030448031794512048
    ],
    [
      5.9580229456452484e-05,
      0.00259899200976642,
      -0.0020341619975414987
    ],
    [
      0.0015939424120100657,
      0.0003333462238615295,
      0.0022755371804642145
    ],
    [
      0.004219348086446451,
      -0.0010254086739808848,
      0.0012814472192889212
    ],
    [
      0.0015429673569488029,
      -0.0054500038788756885,
      -0.00441375810709962
    ],
    [
      -0.0019674634113377104,
      0.002284124614246258,
      -0.001027665125706882
    ],
    [
      0.0009594104563308694,
      0.00034201413317856927,
      -0.00010796746899138715
    ],
    [
      -0.0003509936088001102,
      0.0027582195663369527,
      0.0025727861416695685
    ],
    [
      -0.0010070138178750767,
      0.0003005309232153368,
      -0.0029162835957954295
    ],
    [
      0.0011738003668858431,
      0.0024955868094114347,
      -0.001572408238708384
    ]
  ]
}