{
  "name": "system83",
  "subset": "sp",
  "atomic_number": [
    6,
    6,
    6,
    6,
    8,
    17,
    16,
    8,
    17,
    1,
    1,
    1,
    1,
    1,
    1,
    1,
    1
  ],
  "charge": [
    0,
    0,
    0,
    0,
    0,
    0,
    0,
    0,
    0,
    0,
    0,
    0,
    0,
    0,
    0,
    0,
    0
  ],
  "positition": [
    [
      -0.04244628109593,
      0.39792275584195,
      -1.88986990759498
    ],
    [
      0.32809457377595,
      0.4182095841459,
      -0.47875546136275
    ],
    [
      1.30261251611163,
      0.68877218233391,
      0.36274206669548
    ],
    [
      1.34911359126654,
      0.36703341184317,
      1.84495944720486
    ],
    [
      2.54076378903538,
      -0.28735611718829,
      2.20481654793091
    ],
    [
      -4.18017602332111,
      -2.95953649594242,
      -1.208551896086
    ],
    [
      -2.37394930093147,
      -1.65752910086649,
      -0.59046285831529
    ],
    [
      -1.20884189014237,
      -0.89061985523458,
      0.45798105450427
    ],
    [
      -3.48342094431317,
      0.13169040179605,
      -0.8111956511869
    ],
    [
      -0.64744937806398,
      1.27457733505309,
      -2.17199172293431
    ],
    [
      -0.66328082002823,
      -0.49968373514888,
      -2.10405431488264
    ],
    [
      0.85337863213116,
      0.32894311501539,
      -2.53090649907364
    ],
    [
      -0.94138309733819,
      0.11209915902239,
      0.27289478859655
    ],
    [
      2.17956140214592,
      1.22472249107774,
      -0.04308391609707
    ],
    [
      1.20250110723505,
      1.30881112767415,
      2.41346293358433
    ],
    [
      0.51695978809863,
      -0.3064913341506,
      2.0922854351944
    ],
    [
      3.2679623354342,
      0.34843507472751,
      2.17972995382282
    ]
  ],
  "energies": -44222.47467305177,
  "forces": [
    [
      -0.004361539820722309,
      0.0012938739274440737,
      -0.0037475690814133757
    ],
    [
      9.712363490541368e-05,
      -0.00289200199287117,
      -0.0018768777837304491
    ],
    [
      -0.001160131044479449,
      -0.005307372640192407,
      0.0011085936891145514
    ],
    [
      0.002690994366744092,
      -0.006719549255048249,
      -0.0018357880040025258
    ],
    [
      0.0004590201103245173,
      0.0012639270525443222,
      -5.699894453264455e-05
    ],
    [
      -0.00017614891334386307,
      -0.002469872639120102,
      -0.0034206561695214023
    ],
    [
      0.007696957949081459,
      0.0064740541361102445,
      -0.0005551200347182937
    ],
    [
      -0.009379502331038703,
      0.010988513259900697,
      0.0013399693368708527
    ],
    [
      -0.008947555733349056,
      -0.003807010625554886,
      0.006415767223063184
    ],
    [
      0.004763134389045599,
      -0.00010224301021667358,
      -0.0018996129708310962
    ],
    [
      0.0017015020525873584,
      -1.5318016721449097e-05,
      -0.0006483785299508513
    ],
    [
      0.0028766295201806723,
      -0.0008012838462167439,
      -5.5406557381053636e-05
    ],
    [
      -7.784992425096227e-05,
      -0.004348196719909538,
      0.0030049600248957557
    ],
    [
      0.0012344706927425466,
      0.0007758459666918882,
      0.0001414072906423938
    ],
    [
      -0.0017197711303170628,
      0.0024001184508456634,
      0.001611131369220535
    ],
    [
      0.0003108080861219731,
      0.0017303024725013275,
      0.0003207827330079161
    ],
    [
      0.003991850639568046,
      0.001536219290506586,
      0.00015379126705979425
    ]
  ]
}