{
  "name": "system84",
  "subset": "prod",
  "atomic_number": [
    6,
    6,
    6,
    6,
    8,
    17,
    16,
    8,
    17,
    1,
    1,
    1,
    1,
    1,
    1,
    1,
    1
  ],
  "charge": [
    0,
    0,
    0,
    0,
    0,
    0,
    0,
    0,
    0,
    0,
    0,
    0,
    0,
    0,
    0,
    0,
    0
  ],
  "positition": [
    [
      -4.02802072288835,
      0.5085643041418,
      0.09510815151047
    ],
    [
      -2.55304314319668,
      0.51859200783302,
      -0.16577345216422
    ],
    [
      -1.66750605874949,
      1.305486199828,
      0.46101121478008
    ],
    [
      -0.19275718723805,
      1.33347603937066,
      0.21249363584375
    ],
    [
      0.15141707711247,
      0.28641027923035,
      -0.71102431492544
    ],
    [
      -0.52646356448209,
      -1.66838263014278,
      1.96836485728705
    ],
    [
      1.73100138545865,
      -0.01498037974752,
      -1.00666145035299
    ],
    [
      2.51216278510335,
      0.27613564505045,
      0.19657474850225
    ],
    [
      2.06136082909948,
      1.68983141707497,
      -2.38932617993238
    ],
    [
      -4.30993352928255,
      1.20570122674203,
      0.89893618042605
    ],
    [
      -4.37513590801177,
      -0.50143214481148,
      0.37373737811354
    ],
    [
      -4.58643013935606,
      0.78797103546669,
      -0.81528405039904
    ],
    [
      -1.35010389208372,
      -0.84045397629098,
      1.39695768020161
    ],
    [
      -2.00670964332352,
      2.00897160227309,
      1.23197411082791
    ],
    [
      0.12616423909739,
      2.29939237574375,
      -0.22040388490009
    ],
    [
      0.36443606584099,
      1.18320318276727,
      1.15217948538706
    ],
    [
      -2.18078259310004,
      -0.16508018452934,
      -0.93728611020566
    ]
  ],
  "energies": -44226.00336942367,
  "forces": [
    [
      -0.0024398541332808937,
      0.001078898062434604,
      -0.0016302129156102693
    ],
    [
      -0.0010753728226252162,
      0.002691691855662107,
      -0.004795167611473414
    ],
    [
      -0.0043963298315889115,
      -0.0002952479228865949,
      0.0011628385191558971
    ],
    [
      0.0010252272569281895,
      -0.0004937063514597301,
      0.0004885298976539999
    ],
    [
      -0.011720304964696893,
      -0.0013595159444353532,
      0.0009757285294130942
    ],
    [
      0.0023112665182303577,
      -0.0003857772433303925,
      -0.0005399190546215425
    ],
    [
      0.009547610581439896,
      -0.0031802613997298336,
      -0.007144795711662209
    ],
    [
      -0.0046895514164997385,
      -0.0028487374710818567,
      0.0013159478781840043
    ],
    [
      0.0015196427186930973,
      0.002755154554028025,
      0.008225182031562545
    ],
    [
      -9.270689071887811e-05,
      -2.6316014164559828e-05,
      0.0012357072906119385
    ],
    [
      0.0038530440199687536,
      0.0004855744657700416,
      0.008635156442783034
    ],
    [
      -0.00046279068481599393,
      -0.0009685374104408259,
      -0.004030122027220808
    ],
    [
      0.004464822430869352,
      -0.00028676374461526945,
      -0.0013937063225776126
    ],
    [
      0.00027450698639185084,
      0.0018912186783330445,
      -0.0028220191820864477
    ],
    [
      -0.00389540536457169,
      0.0002880716648917158,
      -0.005358165249759633
    ],
    [
      0.0029064824469638498,
      -0.0010354393709199564,
      0.0025655287910748875
    ],
    [
      0.0028697154633058877,
      0.0016896924092372914,
      0.0031094794386004577
    ]
  ]
}