{
  "name": "system84",
  "subset": "sp",
  "atomic_number": [
    6,
    6,
    6,
    6,
    8,
    17,
    16,
    8,
    17,
    1,
    1,
    1,
    1,
    1,
    1,
    1,
    1
  ],
  "charge": [
    0,
    0,
    0,
    0,
    0,
    0,
    0,
    0,
    0,
    0,
    0,
    0,
    0,
    0,
    0,
    0,
    0
  ],
  "positition": [
    [
      1.24527177061673,
      1.00536305657939,
      -2.03904721073632
    ],
    [
      0.59162924834773,
      0.47889186629727,
      -0.79780842228829
    ],
    [
      0.70659753492719,
      0.94379625936774,
      0.46068729459688
    ],
    [
      0.12634894380879,
      0.07749846729482,
      1.54997185017444
    ],
    [
      -0.16294377518431,
      -1.16709924188615,
      0.89377768061515
    ],
    [
      -1.80781217920061,
      -1.18248729115109,
      -1.71000345564951
    ],
    [
      -1.9133476210246,
      -1.7010102757469,
      0.92811370979487
    ],
    [
      -2.68944870273662,
      -0.50947061623721,
      1.24931248887064
    ],
    [
      -1.54746566739457,
      -2.61062940064166,
      2.94926097350945
    ],
    [
      0.48895404014158,
      1.26251581893855,
      -2.79740898344146
    ],
    [
      1.89291993662446,
      0.23216248434936,
      -2.48505417691199
    ],
    [
      1.85772336376825,
      1.89503416700952,
      -1.82917330006574
    ],
    [
      -0.37351934503492,
      -0.20897763122391,
      -1.15632912150317
    ],
    [
      1.27917378793791,
      1.83711602418739,
      0.73185831423567
    ],
    [
      0.83043387485275,
      -0.1031042958778,
      2.37748550020373
    ],
    [
      -0.80587869045381,
      0.49905629098162,
      1.96683897500534
    ],
    [
      0.28136348000406,
      -0.74865568224096,
      -0.2924821164097
    ]
  ],
  "energies": -44223.70000153565,
  "forces": [
    [
      0.005560515043259841,
      0.0033044838469271256,
      -0.002639694787017421
    ],
    [
      -0.0034187411603208862,
      0.011634760910813384,
      0.008625963051362396
    ],
    [
      0.0035515808660991337,
      -0.002600154148482665,
      -0.002143313511049711
    ],
    [
      -0.003769328329102713,
      0.0029341234021090633,
      -0.005262962434748318
    ],
    [
      0.015370089637642744,
      -0.010038682117603977,
      0.010873700999558894
    ],
    [
      -0.0012525985140539539,
      -0.0032113070613591747,
      -0.0033861316507871895
    ],
    [
      -0.0012606478159038952,
      -0.002839907736519683,
      -0.007256541108500667
    ],
    [
      -0.00030483911541824424,
      0.0009093962225931918,
      0.006764572874330662
    ],
    [
      -0.007071745574575539,
      0.0043837797618948085,
      -0.0012447035812494182
    ],
    [
      -0.0011844239088364009,
      -0.0007429312671900093,
      -0.0015654205454335257
    ],
    [
      -0.003449927666991988,
      9.506736928659955e-05,
      -0.0010245477143115888
    ],
    [
      0.0003378283254953371,
      -0.0007331769124394819,
      -0.0032721882691130163
    ],
    [
      -0.0014108847382643282,
      0.001376401717138257,
      -0.0003575680229217624
    ],
    [
      9.026732501197154e-06,
      -0.0005478893721764329,
      0.0015193919332718972
    ],
    [
      -0.00010314089093014046,
      0.001014830074916964,
      -0.0019136574172169153
    ],
    [
      -0.00047744329998929217,
      -0.0021523865748333568,
      0.0020045538397976716
    ],
    [
      -0.0011253166081309795,
      -0.002786416599715683,
      0.000278545572697003
    ]
  ]
}