{
  "name": "system85",
  "subset": "prod",
  "atomic_number": [
    6,
    6,
    6,
    6,
    8,
    17,
    16,
    8,
    17,
    1,
    1,
    1,
    1,
    1,
    1,
    1,
    1
  ],
  "charge": [
    0,
    0,
    0,
    0,
    0,
    0,
    0,
    0,
    0,
    0,
    0,
    0,
    0,
    0,
    0,
    0,
    0
  ],
  "positition": [
    [
      -3.84488750868764,
      0.02787135293565,
      0.89669225907695
    ],
    [
      -2.49920592430487,
      0.03652984921728,
      0.24191204302359
    ],
    [
      -2.05511706950359,
      0.98249590615259,
      -0.59423786074482
    ],
    [
      -0.70940164990711,
      0.9713132686547,
      -1.2636141309658
    ],
    [
      0.26782481218642,
      0.17344408734969,
      -0.56082470429284
    ],
    [
      -0.51755094059195,
      -2.74311275781478,
      -1.36126713544662
    ],
    [
      0.80583225959989,
      0.74620845416435,
      0.90989159608537
    ],
    [
      1.65066405325467,
      -0.33605527520459,
      1.39867681066805
    ],
    [
      2.08580708211847,
      2.35401195329059,
      0.10510815324548
    ],
    [
      -3.7506667788464,
      -0.00298848847294,
      1.99625773804432
    ],
    [
      -4.40967798906434,
      -0.87567916274624,
      0.60776350430837
    ],
    [
      -4.44286808392407,
      0.91115018049633,
      0.62489684569448
    ],
    [
      -1.84854731000474,
      -0.81802732580493,
      0.461989043205
    ],
    [
      -2.70015158570165,
      1.82917505790415,
      -0.85869023801186
    ],
    [
      -0.75402054400902,
      0.50302695257025,
      -2.26063380936988
    ],
    [
      -0.30569137421783,
      1.98942265923856,
      -1.39352829541
    ],
    [
      0.12036355160383,
      -1.68535971193061,
      -0.95370381910979
    ]
  ],
  "energies": -44225.96852915251,
  "forces": [
    [
      -0.00231492617532312,
      0.0028221113818527412,
      -0.0050603106908701555
    ],
    [
      0.0012933237113262055,
      0.008352034614647383,
      0.0008916245505184535
    ],
    [
      -0.0033124456798409464,
      -0.008814495118370588,
      0.0044924905882880554
    ],
    [
      -0.002122594994576218,
      -0.005266874214236025,
      -0.0006118616632272175
    ],
    [
      0.006968133040446045,
      0.004869322345983254,
      0.004721105333840202
    ],
    [
      -0.0006671540121972632,
      -0.00020504230435513198,
      -0.0006883363042938448
    ],
    [
      0.010369818786664696,
      0.006521180609404255,
      0.0006468534542850819
    ],
    [
      0.0011858912889428947,
      -0.017935388006435002,
      0.0027016548297388206
    ],
    [
      -0.012398788955202402,
      0.00300383007639351,
      -0.0026734542996595285
    ],
    [
      -0.002093861166239131,
      0.0008590619379099432,
      -0.00145523411140305
    ],
    [
      0.0022112841763491826,
      -0.001522920104139109,
      0.003883202393830449
    ],
    [
      0.0014112408360789299,
      0.0006111499818186852,
      0.0009028187231475144
    ],
    [
      0.0005313071953576314,
      0.0005481467910442877,
      -0.004234865209411675
    ],
    [
      -0.0025155334806578993,
      0.002052941953507747,
      0.0015755468874173856
    ],
    [
      -0.000998109469893555,
      -0.0011489507043864354,
      -0.0038586555044620697
    ],
    [
      0.0004470194339952093,
      0.004733214613575206,
      -0.002696746387746766
    ],
    [
      0.0020053910424719717,
      0.0005206841162056773,
      0.0014641654045477273
    ]
  ]
}