{
  "name": "system85",
  "subset": "react",
  "atomic_number": [
    6,
    6,
    6,
    6,
    8,
    17,
    16,
    8,
    17,
    1,
    1,
    1,
    1,
    1,
    1,
    1,
    1
  ],
  "charge": [
    0,
    0,
    0,
    0,
    0,
    0,
    0,
    0,
    0,
    0,
    0,
    0,
    0,
    0,
    0,
    0,
    0
  ],
  "positition": [
    [
      0.71885272760508,
      1.02183982399448,
      -0.0851787261123
    ],
    [
      0.52189292614472,
      0.24825189776914,
      1.18273966680344
    ],
    [
      0.99542878559077,
      0.60620257971682,
      2.38153459287079
    ],
    [
      0.79600440113384,
      -0.1534631224701,
      3.66229647585148
    ],
    [
      0.31995840874608,
      -1.47898886900408,
      3.50031607236375
    ],
    [
      -1.54905685029515,
      -2.99259837827198,
      1.48479619661192
    ],
    [
      -2.23794138517829,
      -1.84999619756799,
      3.23951934447691
    ],
    [
      -2.37825242666304,
      -0.44623168197773,
      2.87078225573807
    ],
    [
      -4.2449144870587,
      -2.67664373017174,
      3.25083686994929
    ],
    [
      -0.25380171275138,
      1.32409149414356,
      -0.51182375412392
    ],
    [
      1.21792585044655,
      0.40771036951127,
      -0.85553700246329
    ],
    [
      1.32162172581311,
      1.92927180652838,
      0.07486564654427
    ],
    [
      -0.07612209512849,
      -0.66580882121032,
      1.09791811923607
    ],
    [
      1.57438441244619,
      1.53363777703031,
      2.48049233502366
    ],
    [
      1.74070129643076,
      -0.1553634127726,
      4.24295484870055
    ],
    [
      0.04798964601903,
      0.36202289358456,
      4.29195440630575
    ],
    [
      0.77408077669894,
      -1.88728742883201,
      2.74795265222353
    ]
  ],
  "energies": -44225.97524361395,
  "forces": [
    [
      -0.00039864556419771816,
      -0.0032271543139951184,
      -0.00797776526997737
    ],
    [
      0.0008157706766457424,
      0.0010250455827651589,
      0.0011891855922489796
    ],
    [
      0.0020311939672511027,
      0.005095988606569207,
      -5.771288851212877e-05
    ],
    [
      0.0004427746966230914,
      -0.00021582036961729673,
      0.009790259746074781
    ],
    [
      -0.005058574836151381,
      0.001810521719915551,
      -0.005808323846684516
    ],
    [
      -0.00938403323221418,
      0.006812176287296936,
      0.004102567080844023
    ],
    [
      0.004597143647945126,
      -0.005914602255038181,
      -0.0018201785784268747
    ],
    [
      0.0086540030931703,
      -0.003923857091448719,
      -0.006778221576488153
    ],
    [
      -0.004771375083829252,
      -0.005030709680793654,
      0.0020506377306814226
    ],
    [
      0.0026382260185151152,
      0.0012626228346567063,
      0.0005907308960418604
    ],
    [
      3.9119388961150244e-05,
      0.0016131978678307001,
      0.0017914583769375666
    ],
    [
      -0.0006544581095208918,
      0.00022882408478727164,
      0.0018049406258638856
    ],
    [
      -0.0032873419409080442,
      -0.0017586006016639569,
      0.0007008874538513565
    ],
    [
      0.0009419983273492275,
      0.001422690884913833,
      -3.0505627080756743e-05
    ],
    [
      0.00019551960601684715,
      -0.0006876698743043522,
      -0.000946834418492886
    ],
    [
      0.0025398520046263297,
      0.000869571734248097,
      -0.0010496701194548444
    ],
    [
      0.0006588243572375446,
      0.0006177704186903834,
      0.0024485438969764468
    ]
  ]
}