{
  "name": "system85",
  "subset": "sp",
  "atomic_number": [
    6,
    6,
    6,
    6,
    8,
    17,
    16,
    8,
    17,
    1,
    1,
    1,
    1,
    1,
    1,
    1,
    1
  ],
  "charge": [
    0,
    0,
    0,
    0,
    0,
    0,
    0,
    0,
    0,
    0,
    0,
    0,
    0,
    0,
    0,
    0,
    0
  ],
  "positition": [
    [
      0.60352936857144,
      1.32596444521731,
      -2.04365420701538
    ],
    [
      0.5740709825596,
      0.43366516582396,
      -0.84447526742683
    ],
    [
      0.88521033517697,
      0.81694490243707,
      0.40357081202624
    ],
    [
      0.81515057476469,
      -0.05893636815815,
      1.62846422567335
    ],
    [
      -0.15820741389699,
      -1.08834534204138,
      1.58757435368029
    ],
    [
      -0.60732860086083,
      -2.8539975872347,
      -0.43915545680552
    ],
    [
      -2.06918037658237,
      -0.39936106423812,
      0.75668434253646
    ],
    [
      -2.61342845635193,
      -0.37095532856687,
      -0.59310625978918
    ],
    [
      -3.08389314969646,
      -1.8267302982267,
      1.91637329646847
    ],
    [
      -0.40271657156502,
      1.38995649294197,
      -2.49420139359874
    ],
    [
      1.26147224134656,
      0.90543007868323,
      -2.82360068422236
    ],
    [
      0.9465776239698,
      2.34450329154703,
      -1.80452412327473
    ],
    [
      0.26347496250819,
      -0.6048519371479,
      -1.02323343006525
    ],
    [
      1.2360505983563,
      1.84058214092892,
      0.5882908389831
    ],
    [
      1.79306648718124,
      -0.54737844951985,
      1.81776613993848
    ],
    [
      0.60172038155038,
      0.55430604459048,
      2.52059428118796
    ],
    [
      -0.04556898703158,
      -1.86079618703631,
      0.84663253170364
    ]
  ],
  "energies": -44224.448798725636,
  "forces": [
    [
      -0.0034393943707691737,
      0.004377987837368072,
      -0.002923856729304113
    ],
    [
      -0.0038883658892752723,
      0.0010586311345543,
      -0.0020325675020851568
    ],
    [
      0.0014750772186063945,
      9.28723155087082e-05,
      0.003049668375484836
    ],
    [
      0.005121191075870924,
      0.004560428189198389,
      0.0028167474946124657
    ],
    [
      0.0031315582744367624,
      -0.004185613976305486,
      -0.0009801631684789771
    ],
    [
      -0.0061337760119166505,
      0.0026785015298106604,
      0.0006840147937755608
    ],
    [
      0.00017658882912782216,
      -0.0027117675962969687,
      0.0020701471086693496
    ],
    [
      -0.002471202568041263,
      -0.0021071652891250484,
      -0.011179629902844986
    ],
    [
      0.0024272623602903803,
      0.006068873958470802,
      -0.00022659360120515492
    ],
    [
      -0.00018786681972624052,
      -0.0031643546003401984,
      0.0003077690933789928
    ],
    [
      0.002997883628555166,
      -0.0010721274217049346,
      0.0005307922547777873
    ],
    [
      -0.001721550488104595,
      -0.0006430251842343298,
      0.004932113317886769
    ],
    [
      -0.0005671572207152359,
      -0.0028446532219811283,
      -0.0014496465381709312
    ],
    [
      0.0007500083834395381,
      0.0018859162918850097,
      0.002178565343500852
    ],
    [
      -3.773834650530121e-05,
      -7.738275477144525e-05,
      -0.0009942442273765649
    ],
    [
      0.0013577261993902693,
      0.0012545654595422318,
      0.002146420020966781
    ],
    [
      0.0010097597048356413,
      -0.0051716873400655065,
      0.001070470345592944
    ]
  ]
}