{
  "name": "system86",
  "subset": "prod",
  "atomic_number": [
    6,
    6,
    6,
    6,
    8,
    17,
    16,
    8,
    17,
    1,
    1,
    1,
    1,
    1,
    1,
    1,
    1
  ],
  "charge": [
    0,
    0,
    0,
    0,
    0,
    0,
    0,
    0,
    0,
    0,
    0,
    0,
    0,
    0,
    0,
    0,
    0
  ],
  "positition": [
    [
      -3.06566648979681,
      -1.76745840942799,
      0.46335557429207
    ],
    [
      -2.06829698786636,
      -0.6982538022526,
      0.11163047322311
    ],
    [
      -2.095594207134,
      0.65191786198508,
      0.69866213513081
    ],
    [
      -1.57272335941599,
      1.89584872381225,
      0.00863129368354
    ],
    [
      -0.70474917582167,
      1.66218785607172,
      -1.07804746923077
    ],
    [
      2.71090085711131,
      0.5985737154397,
      -1.51632958432693
    ],
    [
      1.25235880055549,
      0.00614046110581,
      -0.13294594319219
    ],
    [
      -1.14277964497468,
      -0.31703715927359,
      1.13543565610232
    ],
    [
      2.25499946650455,
      -1.47671827628842,
      0.95103200152177
    ],
    [
      -2.57844213887584,
      -2.75561192336125,
      0.46682126752109
    ],
    [
      -3.88246496403837,
      -1.79420042343965,
      -0.27650691592907
    ],
    [
      -3.49558251492125,
      -1.59185995155658,
      1.46074908279743
    ],
    [
      -1.5836984831956,
      -0.80940050476475,
      -0.86907033923895
    ],
    [
      -2.87998215609886,
      0.86823197198294,
      1.44097851953143
    ],
    [
      -2.44187380172446,
      2.51661444901133,
      -0.28809929507533
    ],
    [
      -0.99279532304108,
      2.48067335916754,
      0.74130679186476
    ],
    [
      -1.19244787726637,
      1.23042205178849,
      -1.7919082486751
    ]
  ],
  "energies": -44225.78423805458,
  "forces": [
    [
      0.0019963061001908285,
      7.999720692852656e-05,
      0.004250337852288864
    ],
    [
      -0.0011637867934951125,
      0.005147187141934046,
      -0.008123669266120626
    ],
    [
      -0.002148356987389945,
      -0.004044897541134452,
      -0.0012687628865776452
    ],
    [
      0.00015102594255786948,
      -0.0002576890908175066,
      2.1610792181646667e-05
    ],
    [
      0.009159342041803104,
      0.0048564128360401885,
      0.008921690485024612
    ],
    [
      0.00504317289861644,
      0.0043922504675845565,
      -0.01010302541886882
    ],
    [
      -0.006514319157304103,
      -0.00645034172404661,
      0.003069124068834721
    ],
    [
      0.000450852023499597,
      0.0012836295203941738,
      0.002827399472966125
    ],
    [
      0.0030287127518599894,
      0.0005686477921739878,
      0.002605273318105657
    ],
    [
      -0.0010133568841168886,
      -0.0012857347398208584,
      0.00019598307310753364
    ],
    [
      -1.4067894848412425e-05,
      -0.0004223038288247065,
      0.0004480088974101643
    ],
    [
      -0.0027506156824321495,
      0.0016471705763629655,
      0.001233903095966002
    ],
    [
      0.0012981687499095378,
      -0.000608604898030109,
      -0.002863653830037262
    ],
    [
      -0.00011034851638594477,
      -0.002085152839177358,
      -0.000628455821387651
    ],
    [
      -0.0031517178330409813,
      0.0009686115096395033,
      0.0014832108012242968
    ],
    [
      -0.0020082460984809695,
      -0.0028931590922248404,
      -0.0026319558687644376
    ],
    [
      -0.002252767951955153,
      -0.0008960227827608363,
      0.0005629784578551952
    ]
  ]
}