{
  "name": "system86",
  "subset": "sp",
  "atomic_number": [
    6,
    6,
    6,
    6,
    8,
    17,
    16,
    8,
    17,
    1,
    1,
    1,
    1,
    1,
    1,
    1,
    1
  ],
  "charge": [
    0,
    0,
    0,
    0,
    0,
    0,
    0,
    0,
    0,
    0,
    0,
    0,
    0,
    0,
    0,
    0,
    0
  ],
  "positition": [
    [
      0.34560081727046,
      1.10868401913172,
      -2.02365188950893
    ],
    [
      0.26975627175329,
      0.27387205397537,
      -0.77763674802303
    ],
    [
      0.79525572244583,
      0.73504405939783,
      0.46149499493309
    ],
    [
      0.90886499132524,
      -0.18084804112484,
      1.61392781192153
    ],
    [
      1.31335789448611,
      -1.4904237627885,
      1.2948861328842
    ],
    [
      -1.73721771681826,
      -2.34886799220421,
      -0.37556770543041
    ],
    [
      -2.24041415905539,
      -0.57806108246918,
      0.65495043865322
    ],
    [
      -1.25977227672199,
      0.46147004443499,
      -0.22772866337735
    ],
    [
      -4.32359858685005,
      -1.4566441408156,
      1.30675035694346
    ],
    [
      -0.40782315185997,
      0.7660842731423,
      -2.74737200807602
    ],
    [
      1.34079000502651,
      1.00587535589461,
      -2.48649464106692
    ],
    [
      0.16680349797564,
      2.17147431268777,
      -1.80265228929265
    ],
    [
      0.35593424415997,
      -0.80685768990541,
      -0.93568752650097
    ],
    [
      0.87599738022148,
      1.8137053779369,
      0.63110225767334
    ],
    [
      1.50837170874227,
      0.27519306761215,
      2.42602040549731
    ],
    [
      -0.13052835917498,
      -0.29540204903489,
      2.0305450598475
    ],
    [
      2.21862171707382,
      -1.45429780587099,
      0.95711401292266
    ]
  ],
  "energies": -44223.70077844407,
  "forces": [
    [
      0.005955735897789333,
      0.002515475836520691,
      -0.0032681419694978006
    ],
    [
      0.0028927966180739197,
      0.0033103944021626395,
      0.002747508761138543
    ],
    [
      0.001440798805885276,
      0.0037770189106126318,
      -0.003457298917465274
    ],
    [
      -0.006845405278472873,
      -0.004205282299902789,
      0.00018337875313265047
    ],
    [
      -0.000874789994194372,
      -0.0040739898327012275,
      -0.008614352977054708
    ],
    [
      0.008516071985685289,
      -0.000685609032121567,
      0.002278781861475557
    ],
    [
      -0.007504894265927563,
      -0.0005955550058438869,
      0.008587879611364852
    ],
    [
      -0.00607698640661913,
      0.005500272806111666,
      0.002501053489363824
    ],
    [
      -0.002302958563382951,
      -0.003582347665858643,
      -0.0003547703539396377
    ],
    [
      -0.0026189207347114703,
      0.0033542081116284795,
      0.0006279254541876799
    ],
    [
      0.0018036438641759979,
      -0.0025604368237253866,
      -0.0019194078441355092
    ],
    [
      0.0010936992873817938,
      -0.0027525850961796477,
      -0.0017511106690598257
    ],
    [
      0.0007358951857500191,
      -0.0019656726378512847,
      0.0012638838065858991
    ],
    [
      0.0005669839797712081,
      -0.0020443846016349513,
      -0.0011662834376964895
    ],
    [
      0.002694049711704407,
      0.002076118804742634,
      0.0014696363525316847
    ],
    [
      0.0006854431959552002,
      0.00305126672759621,
      -0.0027327743848785703
    ],
    [
      -0.00016116061491659815,
      -0.0011188946090161837,
      0.0036040938009208718
    ]
  ]
}