{
  "name": "system87",
  "subset": "prod",
  "atomic_number": [
    6,
    6,
    6,
    6,
    8,
    17,
    16,
    8,
    17,
    1,
    1,
    1,
    1,
    1,
    1,
    1,
    1
  ],
  "charge": [
    0,
    0,
    0,
    0,
    0,
    0,
    0,
    0,
    0,
    0,
    0,
    0,
    0,
    0,
    0,
    0,
    0
  ],
  "positition": [
    [
      -1.50859003416223,
      -2.95204524326676,
      -0.40284377730503
    ],
    [
      -1.39054791705099,
      -1.45990288634844,
      -0.27722219805635
    ],
    [
      -1.82598210354383,
      -0.71099748273095,
      0.90833907720139
    ],
    [
      -2.26320707957707,
      0.73813078494659,
      0.82992535378248
    ],
    [
      -1.83857639599173,
      1.39889414406667,
      -0.33085287672911
    ],
    [
      1.40144744514899,
      0.10513479892025,
      -1.68925176087448
    ],
    [
      1.37905425821849,
      0.83701485271238,
      0.26054237711264
    ],
    [
      -0.43357944426049,
      -0.98079015312425,
      0.68864454500152
    ],
    [
      2.74680550142418,
      2.4183918509482,
      0.12695861440855
    ],
    [
      -1.54041498916634,
      -3.43230830765345,
      0.58663155578321
    ],
    [
      -0.64680629740758,
      -3.35703798030545,
      -0.95720836770806
    ],
    [
      -2.42278602613202,
      -3.21879394851926,
      -0.95785687239169
    ],
    [
      -1.36238895384849,
      -0.88944187573529,
      -1.21328660203895
    ],
    [
      -2.25179657906016,
      -1.27098930268433,
      1.75482603390118
    ],
    [
      -3.36685814673961,
      0.759687014233,
      0.84201249425192
    ],
    [
      -1.92571588410884,
      1.25417832691646,
      1.75311256138889
    ],
    [
      -0.87881235374226,
      1.53036040762463,
      -0.26331015772809
    ]
  ],
  "energies": -44225.94227602932,
  "forces": [
    [
      -0.00011548799772543703,
      -0.005717506151288474,
      -0.00828552536449462
    ],
    [
      0.005540170108103761,
      0.0037678944247618953,
      0.0019185628767290788
    ],
    [
      -0.0062004086750304275,
      -0.001935584300844967,
      -0.004299528664466222
    ],
    [
      0.000975890971723033,
      0.0021937327449877927,
      0.0011633426611016519
    ],
    [
      -0.005112528617292995,
      0.005559445207154023,
      0.00713241312364062
    ],
    [
      0.001946959170617784,
      -0.006781890746663328,
      0.0053171892156441145
    ],
    [
      -0.0034269891570380645,
      0.005475889747449037,
      0.0023425876992951697
    ],
    [
      0.00326221650186283,
      -0.006284095106740294,
      0.00220387574772139
    ],
    [
      0.0007269246061460846,
      -0.0022001704792551187,
      -0.008241673551277067
    ],
    [
      0.0011496687621312869,
      -0.0024290572989642406,
      0.0018298838251033307
    ],
    [
      0.003105208835928593,
      0.0011985504248412965,
      -0.0007139123549129726
    ],
    [
      -0.002330400926505061,
      0.0012567334653128335,
      0.0021917014190715174
    ],
    [
      -0.0008759381461083682,
      0.004876041307535497,
      -0.0010229880315946675
    ],
    [
      0.0024568108684363816,
      0.0018897607598868955,
      0.0005595784307791725
    ],
    [
      -0.001122441651782018,
      0.0033092191508192867,
      -0.0007444193189674738
    ],
    [
      -0.004680595286496657,
      -0.002806607011560156,
      -0.0009459709905643696
    ],
    [
      0.004700938987523127,
      -0.001372357577249859,
      -0.00040511420312736517
    ]
  ]
}