{
  "name": "system87",
  "subset": "sp",
  "atomic_number": [
    6,
    6,
    6,
    6,
    8,
    17,
    16,
    8,
    17,
    1,
    1,
    1,
    1,
    1,
    1,
    1,
    1
  ],
  "charge": [
    0,
    0,
    0,
    0,
    0,
    0,
    0,
    0,
    0,
    0,
    0,
    0,
    0,
    0,
    0,
    0,
    0
  ],
  "positition": [
    [
      0.39170736117148,
      1.20960473861047,
      -2.0535174267405
    ],
    [
      0.38432820622539,
      0.35213793719776,
      -0.82304150510298
    ],
    [
      0.72853159573713,
      0.86744305502776,
      0.45070900525121
    ],
    [
      0.89668902359334,
      -0.02471351742292,
      1.61062010289451
    ],
    [
      1.45767298479374,
      -1.27641458289293,
      1.34260101665086
    ],
    [
      -1.1537912482774,
      -2.58729441665349,
      -0.10948618559614
    ],
    [
      -2.08783049762646,
      -0.77403115184402,
      0.60081633070657
    ],
    [
      -1.22738879874744,
      0.25832133287815,
      -0.38595406374482
    ],
    [
      -3.96185929530839,
      -1.98676684721702,
      1.31510008889395
    ],
    [
      0.04139960517126,
      2.22878619650452,
      -1.83367617860472
    ],
    [
      -0.26025744801335,
      0.76865606117526,
      -2.82107935666051
    ],
    [
      1.41447541356125,
      1.26668099671941,
      -2.46113748368647
    ],
    [
      0.65504271125606,
      -0.69682781706961,
      -0.98285912266834
    ],
    [
      0.62960879755936,
      1.94349567149811,
      0.63080520850604
    ],
    [
      1.47976447155705,
      0.47656176117205,
      2.40350642897531
    ],
    [
      -0.14633127168287,
      -0.13180498771647,
      2.04138894137248
    ],
    [
      0.75823838902985,
      -1.89383442996703,
      1.07520419955356
    ]
  ],
  "energies": -44223.85403020271,
  "forces": [
    [
      -0.0011508090464690183,
      0.004268028945984472,
      -0.0024557548134445445
    ],
    [
      0.001791832883852187,
      0.0021386560087450577,
      0.003389430222124842
    ],
    [
      -0.00015195580779706666,
      0.007317169216840289,
      0.0009127147456928762
    ],
    [
      -0.0020777321720975984,
      -0.00488108339547992,
      0.005927137772287297
    ],
    [
      0.004990523849583114,
      -0.002365286993792987,
      -0.0047211237429402204
    ],
    [
      0.005051053998884929,
      0.005859571438701358,
      0.009689813577148447
    ],
    [
      -0.0036610327359012217,
      -0.004991445538713645,
      -0.0057962590470375455
    ],
    [
      -0.00044883941521574273,
      0.007070490156229592,
      0.00015231941323346341
    ],
    [
      -0.00019520675416066863,
      0.0012037976868334104,
      -0.0032033043993240843
    ],
    [
      -0.0016949004361922152,
      -0.0017827639852559753,
      0.002147119103968876
    ],
    [
      -0.0023877881076442386,
      -0.0014704879019627032,
      1.8335823572788136e-05
    ],
    [
      -0.00018594743965002125,
      -0.0038963608380002982,
      -0.0015173871411422405
    ],
    [
      0.005233856310645496,
      -0.003199171453525821,
      0.000624486603451004
    ],
    [
      -0.00204604507160337,
      -0.0034247716318168554,
      -0.002635770306279142
    ],
    [
      0.0007060408705710302,
      0.0008793795679483985,
      -0.0011032996330413852
    ],
    [
      -0.000929889407568694,
      -0.0016598022528775407,
      -0.0006219336006640957
    ],
    [
      -0.0028431645017167914,
      -0.0010659197497657718,
      -0.0008065230349443244
    ]
  ]
}