{
  "name": "system88",
  "subset": "prod",
  "atomic_number": [
    6,
    6,
    7,
    6,
    6,
    7,
    6,
    8,
    6,
    8,
    1,
    1,
    1,
    1,
    1,
    1,
    1,
    1,
    1,
    1,
    1,
    1
  ],
  "charge": [
    0,
    0,
    0,
    0,
    0,
    0,
    0,
    0,
    0,
    0,
    0,
    0,
    0,
    0,
    0,
    0,
    0,
    0,
    0,
    0,
    0,
    0
  ],
  "positition": [
    [
      -3.14350666905978,
      0.74066866391809,
      0.61740299317823
    ],
    [
      -1.80424908535686,
      0.36763595526818,
      0.0083240643276
    ],
    [
      -1.13997266941017,
      -0.64961050962229,
      0.61565505137248
    ],
    [
      0.11413589491346,
      -1.2664359292224,
      0.16106330822645
    ],
    [
      1.36902502295611,
      -0.38576156542636,
      0.37330575706033
    ],
    [
      1.33792136514031,
      0.82523765657232,
      -0.23511728214317
    ],
    [
      2.43738164210179,
      1.76063998700905,
      -0.15336937569982
    ],
    [
      -1.372134071518,
      0.96445865871519,
      -0.97534828270624
    ],
    [
      0.02909640707168,
      -1.79195840651636,
      -1.27648341104069
    ],
    [
      2.31506149671263,
      -0.81789967731424,
      1.01567242960423
    ],
    [
      -3.12451943768941,
      1.80957300091246,
      0.87785267255864
    ],
    [
      -3.41277800202838,
      0.15210917139192,
      1.50636416020571
    ],
    [
      -3.92074932606669,
      0.60946211977062,
      -0.15120163318488
    ],
    [
      -1.54857576337934,
      -1.03449847731349,
      1.45731957007583
    ],
    [
      0.28788651877575,
      -2.11320306542899,
      0.83763636391935
    ],
    [
      0.47807031166568,
      1.08344330888521,
      -0.72607022247745
    ],
    [
      2.13945687134568,
      2.69377988382717,
      0.35577189993935
    ],
    [
      2.81486345965529,
      2.02258951874437,
      -1.1566289626692
    ],
    [
      3.24688429935843,
      1.28873379103831,
      0.41896735049073
    ],
    [
      0.97517998439394,
      -2.28885431135571,
      -1.53932227502826
    ],
    [
      -0.15483438740379,
      -0.97672763391781,
      -1.98807265442804
    ],
    [
      -0.78724484217831,
      -2.52606515993525,
      -1.3663135315812
    ]
  ],
  "energies": -13476.197705908247,
  "forces": [
    [
      0.005603784810099998,
      -0.0025897433910457277,
      -0.0015379496430641807
    ],
    [
      -0.0042952588331253636,
      -0.004343857263089839,
      -0.0011758041819962249
    ],
    [
      0.001740241998115448,
      0.0037982446029338375,
      0.0023641981315223465
    ],
    [
      0.003314117308397923,
      0.0023516834916324694,
      -0.004709846369406607
    ],
    [
      0.004984285735780234,
      0.004037301781916249,
      0.0040271279259423975
    ],
    [
      -0.002435657475541505,
      -0.0020852916787585025,
      -0.003059379792809343
    ],
    [
      -0.0014790595491701495,
      -0.0020277680234532668,
      -0.002407019909314011
    ],
    [
      -0.0004038471633942557,
      -0.0032863963919383845,
      -0.005725356912537379
    ],
    [
      0.0037316250524471674,
      0.000176508610703161,
      -0.0030221685739137863
    ],
    [
      -0.004221493003708929,
      -0.0030993017773936417,
      0.00526239560930278
    ],
    [
      -0.0006293955082416624,
      0.00038796448095408605,
      0.002172547418989253
    ],
    [
      -0.0017086490000039957,
      0.0034000933076449927,
      0.0025746980655460597
    ],
    [
      0.0018654630618556369,
      -0.0007733346672013903,
      0.004298696244044162
    ],
    [
      -0.003439344388519962,
      -0.003740123011832473,
      -3.211842879298257e-05
    ],
    [
      0.001391710066511093,
      -0.0005608797690310314,
      0.0031990524114405066
    ],
    [
      -4.0612942899793254e-05,
      0.001979453031922594,
      -0.0011625435107569988
    ],
    [
      -0.004070458216555521,
      0.00250545043605453,
      -0.00012870825121992998
    ],
    [
      0.003105679090732136,
      0.0012320575579781246,
      0.0007106169717434792
    ],
    [
      0.002224373252150528,
      -0.003190463075041981,
      -9.645016009272965e-05
    ],
    [
      -0.0011388546500000916,
      0.0003341635776179327,
      -2.834137512105259e-05
    ],
    [
      -0.005069220541012856,
      -0.0011347585738239324,
      -0.0018281824231695084
    ],
    [
      0.0009705615886897755,
      0.006628994943479846,
      0.00030453927334503974
    ]
  ]
}