{
  "name": "system88",
  "subset": "react",
  "atomic_number": [
    6,
    6,
    7,
    6,
    6,
    7,
    6,
    8,
    6,
    8,
    1,
    1,
    1,
    1,
    1,
    1,
    1,
    1,
    1,
    1,
    1,
    1
  ],
  "charge": [
    0,
    0,
    0,
    0,
    0,
    0,
    0,
    0,
    0,
    0,
    0,
    0,
    0,
    0,
    0,
    0,
    0,
    0,
    0,
    0,
    0,
    0
  ],
  "positition": [
    [
      3.37054730223711,
      -1.12881554157768,
      -0.06225701111021
    ],
    [
      2.32653037356054,
      -0.05989041428754,
      0.21294286249299
    ],
    [
      1.05732297546693,
      -0.36907527137727,
      -0.1673527525626
    ],
    [
      -0.05199305490614,
      0.52187521303106,
      0.0769914739785
    ],
    [
      -1.33388408124984,
      -0.31729579748195,
      -0.0226463651543
    ],
    [
      -2.45681741303624,
      0.29623061434855,
      0.43402385344858
    ],
    [
      -3.76905087698623,
      -0.31288423141645,
      0.3712438117878
    ],
    [
      2.60874407328419,
      1.00590935399148,
      0.74186807731363
    ],
    [
      -0.08028854762134,
      1.70300079410045,
      -0.90772039441185
    ],
    [
      -1.32584571637257,
      -1.44002896483376,
      -0.50776531982904
    ],
    [
      4.17811668374077,
      -0.68515611113778,
      -0.66385671956972
    ],
    [
      2.97199314504057,
      -2.01235445571398,
      -0.58189257771492
    ],
    [
      3.81494358345699,
      -1.4408822517992,
      0.89556215258261
    ],
    [
      0.80400219884344,
      -1.27600339468693,
      -0.55074938882616
    ],
    [
      0.04354531440343,
      0.92896532531693,
      1.09984575744361
    ],
    [
      -2.36567708590855,
      1.21722992199868,
      0.84488529408033
    ],
    [
      -4.46602273549308,
      0.29101011009765,
      -0.23407692905224
    ],
    [
      -4.20104349048655,
      -0.44526058457588,
      1.37747502816457
    ],
    [
      -3.65486815892793,
      -1.29912502638567,
      -0.09698440341531
    ],
    [
      -0.90553551150862,
      2.39746999151735,
      -0.68436823415702
    ],
    [
      -0.20086269406476,
      1.33686584379873,
      -1.93908842429906
    ],
    [
      0.86749373652784,
      2.25316689707326,
      -0.82677479119016
    ]
  ],
  "energies": -13476.20538414153,
  "forces": [
    [
      0.005042795512066064,
      -0.00563044488931546,
      0.0052319499403522506
    ],
    [
      -0.005314808271093692,
      -0.0014456919241013378,
      -0.004683935304020385
    ],
    [
      0.003036601308328206,
      0.0023645811230780366,
      -0.004357112432167886
    ],
    [
      0.003487180743450156,
      -0.00371785221741972,
      0.005401920183802789
    ],
    [
      -0.003536841501898654,
      0.011709378135394638,
      0.005599250257957758
    ],
    [
      0.0014660273975970735,
      -0.0027550199824784493,
      -0.0004569348426598642
    ],
    [
      -0.0008286413629281542,
      -0.0011674855827809307,
      -0.0002962242222523748
    ],
    [
      0.0038092028511190873,
      0.0072619518926661285,
      0.004792780187742537
    ],
    [
      0.009184316042860735,
      0.0169419769708115,
      -0.005923570520649097
    ],
    [
      -0.00309002981305449,
      -0.013395134545350622,
      -0.00400481249717541
    ],
    [
      -0.0009745748239158522,
      0.00027635216442525856,
      -0.0011781151925354053
    ],
    [
      -0.0013000729090538983,
      0.0016813989039907375,
      0.0009886493007888522
    ],
    [
      0.0008971293342225565,
      -0.0013738906747580947,
      -0.002711656987430657
    ],
    [
      0.00022345155863972527,
      -0.0030174584668344996,
      -0.003002204676274847
    ],
    [
      -0.004077790231991616,
      0.0012833285984575607,
      -0.00183573596487063
    ],
    [
      0.00100412286926325,
      0.003426910532697484,
      0.0018512233144590082
    ],
    [
      0.0006166857216071767,
      -0.00042284761718418826,
      0.0018066838339382528
    ],
    [
      -0.0016478653399114248,
      -0.0010468320327279867,
      -0.001592885585687222
    ],
    [
      -0.0064543432864634575,
      -0.0019649016667993967,
      0.0027732887516757516
    ],
    [
      -0.004681034533793743,
      -0.004028874939249729,
      0.0018192459363960546
    ],
    [
      0.00409123262881594,
      -5.410269944790741e-06,
      -0.0015295806502231377
    ],
    [
      -0.0009527430711119177,
      -0.004974036546478095,
      0.0013077766031909246
    ]
  ]
}