{
  "name": "system88",
  "subset": "sp",
  "atomic_number": [
    6,
    6,
    7,
    6,
    6,
    7,
    6,
    8,
    6,
    8,
    1,
    1,
    1,
    1,
    1,
    1,
    1,
    1,
    1,
    1,
    1,
    1
  ],
  "charge": [
    0,
    0,
    0,
    0,
    0,
    0,
    0,
    0,
    0,
    0,
    0,
    0,
    0,
    0,
    0,
    0,
    0,
    0,
    0,
    0,
    0,
    0
  ],
  "positition": [
    [
      3.21133988060551,
      -1.32053126640192,
      -0.44616571176604
    ],
    [
      2.27580607608993,
      -0.1202366987993,
      -0.36385707543698
    ],
    [
      1.30831654607056,
      -0.25132154166958,
      0.59932189866321
    ],
    [
      0.09937745130952,
      0.54549309234833,
      0.77016020560228
    ],
    [
      -1.09998618046472,
      -0.37342223375081,
      0.4286878779834
    ],
    [
      -2.22612979438782,
      0.23286095521809,
      -0.02677623686901
    ],
    [
      -3.43907380076295,
      -0.49914193806074,
      -0.32883431825281
    ],
    [
      2.4061871797538,
      0.84967184074111,
      -1.09054516178201
    ],
    [
      0.1045594983845,
      1.91352137596958,
      0.08826862736975
    ],
    [
      -1.01669818969306,
      -1.57719549074257,
      0.62867288646559
    ],
    [
      2.72431665456495,
      -2.12792541112287,
      -1.01839329164741
    ],
    [
      3.46815417314435,
      -1.71640981172816,
      0.54872836072948
    ],
    [
      4.12407587673441,
      -1.01853878307941,
      -0.9746872260516
    ],
    [
      1.18611532022964,
      -1.18512093816894,
      0.98152979935017
    ],
    [
      -0.01188674992812,
      0.72573033405652,
      1.85779221721671
    ],
    [
      -2.19267492583546,
      1.22264572723615,
      -0.23151698287111
    ],
    [
      -3.68411531357521,
      -0.44973265882493,
      -1.40349204797882
    ],
    [
      -4.29561669735279,
      -0.10826475769971,
      0.24539060811925
    ],
    [
      -3.27265262211255,
      -1.54851390723849,
      -0.05317583342622
    ],
    [
      -0.7602295294027,
      2.49776536517695,
      0.44495936438433
    ],
    [
      0.07908077357342,
      1.83751495745431,
      -1.00579382808439
    ],
    [
      1.01173437305481,
      2.4711517890864,
      0.34972586828219
    ]
  ],
  "energies": -13475.933291338275,
  "forces": [
    [
      -0.005793711237879413,
      0.0038202198747270214,
      0.007892628735975552
    ],
    [
      -0.0018778595852574076,
      0.00519165524862568,
      -0.0016656899252931992
    ],
    [
      0.003509072917182922,
      0.008010467493498031,
      -0.000791303697169622
    ],
    [
      -0.0004884503991382778,
      -0.0066228383336533045,
      0.0010396870393498986
    ],
    [
      -0.005893450456227385,
      -0.000312068029609824,
      0.002611781860559366
    ],
    [
      0.008680973298872383,
      0.00066895095633174,
      -0.005022851051968484
    ],
    [
      -0.00257543787482529,
      -0.0031479057609413628,
      -0.005967087833320228
    ],
    [
      0.00782280636204015,
      -0.009718674366569181,
      -0.00982961295117499
    ],
    [
      0.00044472477567336367,
      0.004080594585842463,
      0.003648163026638085
    ],
    [
      0.009201647233508779,
      -0.001520179513651455,
      0.003360307540116417
    ],
    [
      -0.002777240126155118,
      -0.0006634941494162324,
      -0.000823591767361936
    ],
    [
      -0.0028195227435733393,
      -0.0003218420275899801,
      -0.003380293909198675
    ],
    [
      0.0008482565161080865,
      0.003435817657470628,
      -5.935361240678474e-05
    ],
    [
      -0.0008904963503664883,
      -0.004507699076006602,
      -0.0003324994566827505
    ],
    [
      -0.0015341055350167646,
      -0.002634971464466892,
      0.005776406323907655
    ],
    [
      -0.0028045244178429916,
      0.0020025999040923677,
      0.007448264017615955
    ],
    [
      -0.0015660998823618579,
      -0.00142686918497527,
      0.0032612550120523724
    ],
    [
      -0.0026653504904184714,
      0.00273966273071981,
      -0.0029041336926274247
    ],
    [
      -0.0004167815616177927,
      -0.000130464366233137,
      -0.0017904269016937987
    ],
    [
      -0.00029312866523559494,
      -0.00021560547679892557,
      -0.0008293382347813644
    ],
    [
      0.00108790767138746,
      -0.0005336291587971021,
      -0.0014972959224651846
    ],
    [
      0.0008007692655913693,
      0.0018062706062071136,
      -0.00014501290314264414
    ]
  ]
}