{
  "name": "system89",
  "subset": "prod",
  "atomic_number": [
    6,
    6,
    6,
    6,
    6,
    6,
    8,
    6,
    6,
    6,
    1,
    1,
    1,
    1,
    1,
    1,
    1,
    1,
    1,
    1
  ],
  "charge": [
    0,
    0,
    0,
    0,
    0,
    0,
    0,
    0,
    0,
    0,
    0,
    0,
    0,
    0,
    0,
    0,
    0,
    0,
    0,
    0
  ],
  "positition": [
    [
      0.43984526338887,
      -0.27242119743733,
      0.49529430191252
    ],
    [
      0.81677261373795,
      0.84582437607161,
      -0.26532582497628
    ],
    [
      2.15410889258183,
      1.00202667629136,
      -0.65064736497067
    ],
    [
      3.12009162911661,
      0.06146880442547,
      -0.29368377012263
    ],
    [
      2.73726854571396,
      -1.05361110213761,
      0.46376564975035
    ],
    [
      1.41205199939679,
      -1.22229020373155,
      0.85511677236912
    ],
    [
      -0.82110214680531,
      -0.52426425530194,
      0.93652599102097
    ],
    [
      -1.88432268668562,
      0.36249602397224,
      0.61412083934125
    ],
    [
      -2.41069378982279,
      0.15637031725682,
      -0.77925049670876
    ],
    [
      -3.69569753581193,
      -0.0670961652375,
      -1.063022637247
    ],
    [
      0.08606941455709,
      1.59600192720704,
      -0.56714705218398
    ],
    [
      2.43529152728376,
      1.87659464913088,
      -1.2433855685484
    ],
    [
      4.15987077482084,
      0.19103496732651,
      -0.60193645512886
    ],
    [
      3.48098580300219,
      -1.80054788251488,
      0.75344674442586
    ],
    [
      1.09485325968639,
      -2.08372732974562,
      1.44619618212113
    ],
    [
      -2.67450144276576,
      0.15591193253158,
      1.35114029937175
    ],
    [
      -1.67376398534211,
      0.20469445141125,
      -1.5894734323267
    ],
    [
      -4.04272199977965,
      -0.19116893763104,
      -2.09271677976143
    ],
    [
      -4.45373322474285,
      -0.13068693531032,
      -0.27435098087541
    ],
    [
      -1.56070991153026,
      1.41011588342302,
      0.7637305825372
    ]
  ],
  "energies": -11527.501248265771,
  "forces": [
    [
      -0.002735157489155812,
      0.0020177785155899345,
      -0.004118885205348315
    ],
    [
      0.007893124598968506,
      -0.00407483618850347,
      0.001722929267989492
    ],
    [
      -0.0003965792198537543,
      -0.0005907564013871374,
      0.0001608589216489783
    ],
    [
      -0.0031020983150902904,
      -0.005042676778513152,
      0.006605875890648369
    ],
    [
      -0.007302344183476036,
      0.0070403692176327385,
      -0.003404733789245439
    ],
    [
      0.001452072477030059,
      0.0009582149446930829,
      0.001379546227962907
    ],
    [
      0.006890211382411492,
      0.0001944049298685268,
      -0.005327746577394327
    ],
    [
      0.003015148227626326,
      -0.00024624192161836053,
      -0.004057456661112363
    ],
    [
      0.0016912670557757362,
      0.0033905880928095187,
      -8.986541013559233e-05
    ],
    [
      -0.003905243383025374,
      -0.002631395008278682,
      -0.002083756215835181
    ],
    [
      -0.005777479193915431,
      -0.0016115029964993977,
      0.002155849902473967
    ],
    [
      -0.0028098761180533668,
      -0.0003299457854089702,
      -0.0005037178679677771
    ],
    [
      -3.047878476173551e-05,
      0.0015498629018794348,
      0.001134096771820478
    ],
    [
      0.0017244939900689883,
      -0.002379696536855149,
      -0.001256757633684366
    ],
    [
      0.0010796537611325657,
      -0.00030360323745779166,
      0.00043133781183736335
    ],
    [
      -0.0005834485543225736,
      0.0021568687793112984,
      0.0014059765533826088
    ],
    [
      -0.002732271014263822,
      0.0007294010928971621,
      0.004320435539971467
    ],
    [
      0.00220753545623622,
      -9.653207544560479e-05,
      0.0021114608314994517
    ],
    [
      0.001577302128255452,
      0.00019761644364659568,
      0.0005501567768027206
    ],
    [
      0.0018441683611203953,
      -0.0009279154686792919,
      -0.0011356061123337176
    ]
  ]
}