{
  "name": "system89",
  "subset": "sp",
  "atomic_number": [
    6,
    6,
    6,
    6,
    6,
    6,
    8,
    6,
    6,
    6,
    1,
    1,
    1,
    1,
    1,
    1,
    1,
    1,
    1,
    1
  ],
  "charge": [
    0,
    0,
    0,
    0,
    0,
    0,
    0,
    0,
    0,
    0,
    0,
    0,
    0,
    0,
    0,
    0,
    0,
    0,
    0,
    0
  ],
  "positition": [
    [
      0.61573028047072,
      -0.15364523896039,
      0.3814272433306
    ],
    [
      1.13031553510508,
      1.05132794887388,
      -0.12072251390159
    ],
    [
      2.47716046300012,
      1.12735720939239,
      -0.49552676183219
    ],
    [
      3.32247741279276,
      0.02416948441912,
      -0.37226611285923
    ],
    [
      2.80575043265471,
      -1.17421928465001,
      0.13626752046021
    ],
    [
      1.46678342015484,
      -1.26578995175754,
      0.50740799237424
    ],
    [
      -0.66275474373336,
      -0.34874923006317,
      0.80446866511203
    ],
    [
      -1.72734683717688,
      0.52879942220178,
      0.45429491886137
    ],
    [
      -2.7049189360623,
      -0.18607344085521,
      -0.4318887553646
    ],
    [
      -3.99950074180488,
      -0.34544368958947,
      -0.1504583378915
    ],
    [
      0.50454321496508,
      1.93914261554279,
      -0.2150203259831
    ],
    [
      2.86526655588048,
      2.07249275828957,
      -0.8845829331256
    ],
    [
      4.3720496062989,
      0.09529351473633,
      -0.66592358598396
    ],
    [
      3.45249446667813,
      -2.04933523146845,
      0.24207805540175
    ],
    [
      1.04444532257447,
      -2.1921189422124,
      0.90186238802453
    ],
    [
      -2.21471040124914,
      0.85742169305094,
      1.38722076767908
    ],
    [
      -2.28717160152658,
      -0.58630042167194,
      -1.36389743518558
    ],
    [
      -4.67735741451438,
      -0.85970434756511,
      -0.83737878197906
    ],
    [
      -4.4324559835291,
      0.03709553696556,
      0.78033476434302
    ],
    [
      -1.35080005097866,
      1.42827959532132,
      -0.05769677148041
    ]
  ],
  "energies": -11527.411661148397,
  "forces": [
    [
      0.00022816588232851348,
      -0.002082733893719355,
      7.243425498912703e-05
    ],
    [
      0.005217935318765343,
      -0.00456824809720704,
      -0.0007402813338066356
    ],
    [
      -0.0027926624782506934,
      -0.006084074732879284,
      0.0002764177275607989
    ],
    [
      -0.005523756647087083,
      -0.0021483640322131365,
      0.0019668830618885277
    ],
    [
      -0.0029167369841609663,
      0.005684935876791968,
      0.0009094946958516703
    ],
    [
      0.004432066934087185,
      0.004884210988444497,
      0.0016128328739984917
    ],
    [
      0.0075749954503107255,
      0.001191096127729659,
      -0.001955470088363996
    ],
    [
      0.0006815989336415829,
      0.004599344460994532,
      0.0038816231707280323
    ],
    [
      -0.0003995838626559182,
      -0.0035868490507676098,
      -0.005923554528386232
    ],
    [
      -0.002333753850967629,
      0.0012920306520271482,
      -0.006286230510920359
    ],
    [
      -0.00013732684677463,
      -0.0021078056995485935,
      0.0032385688816037295
    ],
    [
      -0.00217615220873643,
      0.0020037216250638795,
      0.0008988576298974675
    ],
    [
      0.001035112429417395,
      -0.0007606460150364787,
      -0.0014163948184413417
    ],
    [
      -0.00024485352580691755,
      0.001467569545389117,
      -0.0028916371018830964
    ],
    [
      0.0012706362953258856,
      -0.0014559859020239127,
      0.00034106868705304367
    ],
    [
      -0.0023294741465898897,
      0.003743175939955636,
      0.0009390652640644537
    ],
    [
      1.9764534284830048e-05,
      -0.0022047910090935334,
      0.0013594178825534118
    ],
    [
      -0.0005512097978925993,
      0.000874059183776882,
      0.0012807012393616394
    ],
    [
      -0.0008173632694856015,
      0.002068587837328965,
      0.002919855218309333
    ],
    [
      -0.00023740046282489036,
      -0.0028092313881761858,
      -0.0004836527717008032
    ]
  ]
}