{
  "name": "system8",
  "subset": "prod",
  "atomic_number": [
    7,
    5,
    5,
    7,
    1,
    1,
    1,
    1,
    1,
    1,
    1,
    1,
    1,
    1
  ],
  "charge": [
    0,
    0,
    0,
    0,
    0,
    0,
    0,
    0,
    0,
    0,
    0,
    0,
    0,
    0
  ],
  "positition": [
    [
      1.36406767002805,
      0.57393252457815,
      0.14980471244649
    ],
    [
      -1.42450105506725,
      0.79552009065435,
      -0.12803478750451
    ],
    [
      0.72614772813542,
      -0.89109336433453,
      -0.09341857778236
    ],
    [
      -0.83567990663615,
      -0.70984776522154,
      0.02821541113751
    ],
    [
      2.32752656044424,
      0.62117507100485,
      -0.18435933254849
    ],
    [
      1.33684766570794,
      0.87295117180461,
      1.12709381929581
    ],
    [
      0.76617296503733,
      1.23630627030672,
      -0.37677721878209
    ],
    [
      -1.11165414963136,
      1.41154125115436,
      0.89283462627309
    ],
    [
      -0.8879998338566,
      1.29740920586359,
      -1.12598805697629
    ],
    [
      -2.63703334883869,
      0.73279574269989,
      -0.26615289499964
    ],
    [
      1.02485677431995,
      -1.19666463516674,
      -1.23506100623413
    ],
    [
      1.1785987639453,
      -1.64638365104599,
      0.7509830918716
    ],
    [
      -1.17941903218736,
      -1.0836004236311,
      0.91395452446313
    ],
    [
      -1.2751928014008,
      -1.28938048866659,
      -0.68814531066014
    ]
  ],
  "energies": -4491.439766316719,
  "forces": [
    [
      -0.000536546281241078,
      0.002200639499929051,
      -0.0022402446731580048
    ],
    [
      0.004920842320689475,
      -0.002500281849825064,
      -0.0008108619775433522
    ],
    [
      0.004914942049867378,
      0.0044476366618270416,
      -0.002517995157853655
    ],
    [
      -0.002165272944846231,
      0.004681890608366666,
      5.268396461688104e-06
    ],
    [
      -0.0025693611748910067,
      -0.0007421605532484573,
      0.0007166843642836192
    ],
    [
      0.0019932281809430605,
      -0.0014102741012176287,
      0.004104603908921478
    ],
    [
      -0.0028780341653653163,
      -0.003276996386652177,
      -0.0033238322738450596
    ],
    [
      -0.0005829401957673172,
      0.0038753362059614164,
      0.0017169308838633874
    ],
    [
      -0.002718536128721887,
      0.0005494695722981233,
      -0.0005094133246966516
    ],
    [
      -0.0015887255404596022,
      -0.000870434493689741,
      -0.0031532539644511756
    ],
    [
      -0.0008452643174461584,
      7.827888713463107e-05,
      0.0014996412829451815
    ],
    [
      5.8449046824596096e-05,
      -0.0026804341767801896,
      0.002024254199342773
    ],
    [
      0.0008222608614215002,
      -0.002809480990889843,
      0.0035266504195323265
    ],
    [
      0.0011749575176615802,
      -0.0015431887803696942,
      -0.0010384310039391466
    ]
  ]
}