{
  "name": "system8",
  "subset": "sp",
  "atomic_number": [
    7,
    5,
    5,
    7,
    1,
    1,
    1,
    1,
    1,
    1,
    1,
    1,
    1,
    1
  ],
  "charge": [
    0,
    0,
    0,
    0,
    0,
    0,
    0,
    0,
    0,
    0,
    0,
    0,
    0,
    0
  ],
  "positition": [
    [
      0.71686839770402,
      -1.56388890651175,
      0.06820731398736
    ],
    [
      1.49570489819702,
      1.32036899911123,
      0.06472207446754
    ],
    [
      -1.66834925278205,
      -0.3818177119167,
      -0.04135868980269
    ],
    [
      -1.48990827480826,
      0.99996756502275,
      -0.173475764723
    ],
    [
      0.13485289921408,
      -2.39575040474673,
      0.17693482491981
    ],
    [
      1.34455055469393,
      -1.53161066102106,
      0.87283049395418
    ],
    [
      1.30133220492014,
      -1.71502580349894,
      -0.75506629653957
    ],
    [
      1.33579471541811,
      1.25181193953869,
      1.25630020307218
    ],
    [
      2.2860470181167,
      0.59523143995188,
      -0.48332166002198
    ],
    [
      1.00184868431591,
      2.22445476819566,
      -0.55932262679617
    ],
    [
      -1.82687232832696,
      -1.05021266081255,
      -1.03615891197743
    ],
    [
      -1.83076234397276,
      -0.84912456323238,
      1.06158189048156
    ],
    [
      -1.40140652714823,
      1.62861230218739,
      0.61571904826534
    ],
    [
      -1.39970064554163,
      1.46698369773247,
      -1.06759189928711
    ]
  ],
  "energies": -4489.39253048163,
  "forces": [
    [
      0.0005077390221921855,
      0.0006404626169429428,
      0.0032123364797202584
    ],
    [
      0.0009015797598630362,
      0.0025161915288504566,
      -0.001186096000191982
    ],
    [
      -8.203701748587173e-05,
      -0.0022681166162285883,
      -0.0002562805375557642
    ],
    [
      0.0048185045910252204,
      0.005630119490474912,
      -0.002539881829425242
    ],
    [
      -0.0011494268213056264,
      -0.0006009239324467369,
      0.001431610762359616
    ],
    [
      0.00020833326522685564,
      0.00148062560822339,
      -0.0019657206660619467
    ],
    [
      0.0005679073658299519,
      -0.0012063439019074625,
      -0.0019452344744875694
    ],
    [
      -0.0010870467117181642,
      5.685902508809135e-05,
      0.00013088268474891805
    ],
    [
      -0.0007591604315182347,
      -0.0008201241716897566,
      0.0002789963385371182
    ],
    [
      0.00043259271596263947,
      -0.0005207896857094141,
      0.0019651238615512948
    ],
    [
      -0.0033335761899159675,
      -0.0017041573338657096,
      0.0007683597878986546
    ],
    [
      4.501806569916637e-05,
      -0.0010469706151987955,
      -0.0007740979249432143
    ],
    [
      -0.0012317675889418013,
      -0.002295807193668544,
      0.0001736023383153412
    ],
    [
      0.00016134054072934771,
      0.00013897296998633044,
      0.0007063998480213889
    ]
  ]
}