{
  "name": "system90",
  "subset": "prod",
  "atomic_number": [
    6,
    6,
    6,
    6,
    6,
    6,
    8,
    6,
    6,
    6,
    1,
    1,
    1,
    1,
    1,
    1,
    1,
    1,
    1,
    1
  ],
  "charge": [
    0,
    0,
    0,
    0,
    0,
    0,
    0,
    0,
    0,
    0,
    0,
    0,
    0,
    0,
    0,
    0,
    0,
    0,
    0,
    0
  ],
  "positition": [
    [
      0.38808805414622,
      0.40593986030064,
      0.22037685330488
    ],
    [
      1.47508220521245,
      1.26528543952471,
      0.01049927522596
    ],
    [
      2.75720399735279,
      0.75771191212704,
      -0.22398608455656
    ],
    [
      2.96763374262201,
      -0.62272442072424,
      -0.2555392615528
    ],
    [
      1.88848437998392,
      -1.49003666771166,
      -0.05327868514254
    ],
    [
      0.61008877983736,
      -0.98133318430125,
      0.18267438047436
    ],
    [
      -2.51541997130938,
      -0.8456157412823,
      -0.38862183613204
    ],
    [
      -1.00112032501599,
      0.94811794813954,
      0.481965802377
    ],
    [
      -2.02422621587052,
      0.4851335404475,
      -0.53277080771653
    ],
    [
      -3.42367753236871,
      0.22657469895397,
      -0.16614942401942
    ],
    [
      1.31692965817546,
      2.34776202242799,
      0.03373023737957
    ],
    [
      3.59293960590978,
      1.44426917443889,
      -0.38330376686122
    ],
    [
      3.96837866993769,
      -1.02283343719101,
      -0.43771347780708
    ],
    [
      2.04454622587306,
      -2.57191395904772,
      -0.07775719029012
    ],
    [
      -0.23369227404477,
      -1.65825645360708,
      0.33375002629041
    ],
    [
      -1.34373286240362,
      0.63511419924089,
      1.4834045474322
    ],
    [
      -1.8045405276649,
      0.76826306910375,
      -1.57299905474277
    ],
    [
      -4.21872911483304,
      0.34105375764218,
      -0.91508441381488
    ],
    [
      -3.74173341375736,
      0.37437396871386,
      0.87540240005075
    ],
    [
      -0.97683108178243,
      2.05080227280429,
      0.47913448010081
    ]
  ],
  "energies": -11527.339735895957,
  "forces": [
    [
      0.0002565526117127399,
      -0.004587788996922092,
      0.005663269137401326
    ],
    [
      0.0017526079253872996,
      0.004825987633072361,
      -0.004054106410597284
    ],
    [
      -0.006809938964579896,
      -0.0041315171389732265,
      -0.0035642918868632294
    ],
    [
      -0.0033125595797195515,
      0.003964153480103504,
      -0.003331982414368565
    ],
    [
      -0.0007624007416538743,
      -0.005851234430386046,
      0.002074954557721639
    ],
    [
      0.0048444147308142355,
      0.002371490192012313,
      0.004572785220452634
    ],
    [
      0.009647060396394283,
      0.004205239979541574,
      0.009007436679053854
    ],
    [
      0.0027241100236841597,
      -0.0016739356594394261,
      0.003324595685853085
    ],
    [
      0.00010861692969873993,
      -0.0009125288034982768,
      -0.0053769756475896
    ],
    [
      0.0020664726934433325,
      0.0011436810223730699,
      0.0007739552801291053
    ],
    [
      0.0007725412761282512,
      -0.0036954393952576634,
      0.0019535908175001074
    ],
    [
      -0.0014758634620122078,
      -0.000569359525004587,
      0.0012359685661348253
    ],
    [
      -0.0010393273934126677,
      0.001231798596448257,
      0.000291858488756393
    ],
    [
      -0.00015980944868172867,
      0.003558136202633895,
      -0.003047112955860775
    ],
    [
      -0.0018654238782405141,
      -0.0007409920896179603,
      -0.001110836565414837
    ],
    [
      -0.004276290106750826,
      0.002929403576259096,
      -0.0038388802743872844
    ],
    [
      0.0013954878915140294,
      -0.0007435452466710697,
      0.0010946915790104388
    ],
    [
      -0.0007260223031348478,
      0.001370270664079059,
      -0.004390292058159415
    ],
    [
      -0.0015198640392698548,
      -0.0022231695129820072,
      -0.0023986186234148357
    ],
    [
      -0.001620365024119704,
      -0.0004706481823556876,
      0.0011199910303306868
    ]
  ]
}