{
  "name": "system90",
  "subset": "react",
  "atomic_number": [
    6,
    6,
    6,
    6,
    6,
    6,
    8,
    6,
    6,
    6,
    1,
    1,
    1,
    1,
    1,
    1,
    1,
    1,
    1,
    1
  ],
  "charge": [
    0,
    0,
    0,
    0,
    0,
    0,
    0,
    0,
    0,
    0,
    0,
    0,
    0,
    0,
    0,
    0,
    0,
    0,
    0,
    0
  ],
  "positition": [
    [
      0.4523858005419,
      -0.2117323110659,
      -0.06492333655719
    ],
    [
      0.90620529976004,
      1.10923656270737,
      -0.20129532569938
    ],
    [
      2.27940645475289,
      1.3778363575269,
      -0.13710175803831
    ],
    [
      3.20305777112138,
      0.35231714324229,
      0.06264351364111
    ],
    [
      2.74235508671566,
      -0.96428406494665,
      0.20017739232984
    ],
    [
      1.38119392703426,
      -1.24771660830611,
      0.13769694536905
    ],
    [
      -0.85310344238766,
      -0.58235461426918,
      -0.11131942496923
    ],
    [
      -1.8441486273194,
      0.40508576470003,
      -0.34282613181643
    ],
    [
      -3.18053658084859,
      -0.26913941864821,
      -0.39586833645868
    ],
    [
      -4.24896430500004,
      0.12417869467783,
      0.29977188000996
    ],
    [
      0.20707683575802,
      1.93082314388427,
      -0.3567843606222
    ],
    [
      2.62297803072388,
      2.41003480266023,
      -0.24617490846517
    ],
    [
      4.27187144594711,
      0.57214274078061,
      0.11237080526202
    ],
    [
      3.45347546193431,
      -1.77936808758245,
      0.35873902904206
    ],
    [
      1.0030547760125,
      -2.2665558549654,
      0.24335978287689
    ],
    [
      -1.82666711059037,
      1.17553457093311,
      0.45069324133584
    ],
    [
      -3.24537855638229,
      -1.12586143046748,
      -1.07744316800932
    ],
    [
      -5.21355744512231,
      -0.38108409951074,
      0.20082253771596
    ],
    [
      -4.20128903239732,
      0.97021731011477,
      0.99411104007355
    ],
    [
      -1.63869279025401,
      0.9160493985347,
      -1.30564641702036
    ]
  ],
  "energies": -11527.528210618742,
  "forces": [
    [
      0.0017614128745131355,
      0.002666622775202424,
      -0.002521346693920411
    ],
    [
      -0.0013468226128623367,
      -0.006619199502497714,
      -0.008367902590376364
    ],
    [
      0.0005720883398388776,
      -0.0010351612803811312,
      -0.0008926198760490567
    ],
    [
      0.0033730390782852815,
      0.0007946731281157257,
      0.0009733720617666058
    ],
    [
      -0.0028770749381258104,
      0.005090381801483998,
      0.003717339950787365
    ],
    [
      -0.00039559798396953376,
      -0.00010062594047287923,
      0.0018158081655227877
    ],
    [
      -0.0034761320952709615,
      0.00012265710805299057,
      0.007245373932456828
    ],
    [
      -0.0046306653849490075,
      0.011327755023754148,
      -0.0030473394700663084
    ],
    [
      0.0011276488559838684,
      -0.006762614259217253,
      -0.001765748834632272
    ],
    [
      0.0007920769307924615,
      -0.0012001762877585631,
      0.0004656441981629789
    ],
    [
      0.003804149141787502,
      -8.553608346311058e-05,
      0.0013693999856390832
    ],
    [
      -9.164790466921676e-05,
      -0.0017626965235739154,
      0.0032797636651926516
    ],
    [
      -0.0022223597696915333,
      -7.956978670687049e-05,
      -0.0018336223636470099
    ],
    [
      -0.0010585062817754043,
      0.00027503858772143225,
      -0.0016465209099673444
    ],
    [
      -0.0016248176094870019,
      0.0006811152062564628,
      -0.0024909899337238815
    ],
    [
      0.004771033846992039,
      -0.00653017309480877,
      0.0025374723970496504
    ],
    [
      0.0034441686525881893,
      0.004890056340498942,
      0.004214005230831616
    ],
    [
      -0.001554348140259335,
      0.0006581570016508443,
      -0.001972349073354044
    ],
    [
      0.0019625563063194002,
      -0.001884515246245063,
      -0.0021441396579795864
    ],
    [
      -0.0023301991977358653,
      -0.00044618680788488025,
      0.0010643988907095036
    ]
  ]
}