{
  "name": "system90",
  "subset": "sp",
  "atomic_number": [
    6,
    6,
    6,
    6,
    6,
    6,
    8,
    6,
    6,
    6,
    1,
    1,
    1,
    1,
    1,
    1,
    1,
    1,
    1,
    1
  ],
  "charge": [
    0,
    0,
    0,
    0,
    0,
    0,
    0,
    0,
    0,
    0,
    0,
    0,
    0,
    0,
    0,
    0,
    0,
    0,
    0,
    0
  ],
  "positition": [
    [
      0.14193375625136,
      -0.24534810092882,
      -0.27546414556907
    ],
    [
      0.90958122335759,
      0.73980352953237,
      -1.01150769805408
    ],
    [
      2.20666555069672,
      1.06055859639741,
      -0.65222558315627
    ],
    [
      2.85149397728454,
      0.37140170222626,
      0.38915883245672
    ],
    [
      2.18328568269223,
      -0.67804464065113,
      1.04418205415673
    ],
    [
      0.88807624362407,
      -1.015204681055,
      0.69526848992447
    ],
    [
      -0.85098613396894,
      -0.97914010375554,
      -1.02445429524966
    ],
    [
      -1.25086222271311,
      0.55672186771567,
      0.50350161068676
    ],
    [
      -1.95904768484765,
      -0.11243787952641,
      -0.675527865671
    ],
    [
      -3.16482417681958,
      -0.72341739814439,
      -0.19647406027589
    ],
    [
      0.41931555786191,
      1.24591845263829,
      -1.8472901811609
    ],
    [
      2.74432450246115,
      1.83695944070698,
      -1.20333576251757
    ],
    [
      3.87886677786836,
      0.62320101902564,
      0.66130970083637
    ],
    [
      2.70220687002099,
      -1.25369234989224,
      1.81543484991131
    ],
    [
      0.37116020667039,
      -1.8539519309951,
      1.16795874724611
    ],
    [
      -1.39352144427972,
      0.05436113752944,
      1.46734920257535
    ],
    [
      -2.1590066179373,
      0.62333133111468,
      -1.47784022435648
    ],
    [
      -4.15015715235465,
      -0.34100664180783,
      -0.46907308514901
    ],
    [
      -3.09804946801974,
      -1.56309496365586,
      0.50021021593494
    ],
    [
      -1.27045544784863,
      1.65308161352559,
      0.5888191974312
    ]
  ],
  "energies": -11523.734187312517,
  "forces": [
    [
      -0.0015237647630131374,
      0.0011043669494659152,
      -0.000631921925819885
    ],
    [
      -0.005166170009377034,
      -0.0008062713239259165,
      -0.004816271536339749
    ],
    [
      0.003976792252863337,
      0.0008403193657864694,
      0.001660098598250183
    ],
    [
      0.00032189175272885655,
      -0.0029266233393577153,
      -0.0022962737975053228
    ],
    [
      0.004136988755444056,
      0.0017738231790288862,
      0.002127621861588782
    ],
    [
      -0.0017065020772809012,
      -0.00597315394030869,
      0.0024858838767279974
    ],
    [
      -0.004813526420710192,
      0.0008906500509250217,
      -0.005499729583394921
    ],
    [
      0.0031457788928244334,
      0.0020292411628312747,
      -0.0007086964603817839
    ],
    [
      -0.0024161265517074672,
      0.00024952244381046485,
      0.0023193821031247783
    ],
    [
      7.130368942207571e-05,
      -0.00670974846617114,
      0.0012246734519880656
    ],
    [
      0.0013623306855437521,
      -0.0004608352064486771,
      0.0006752344243977942
    ],
    [
      -0.002998683498808759,
      -0.001380749915709361,
      0.0016149451896704345
    ],
    [
      0.0019047774432951942,
      -1.1627197856029851e-05,
      0.0007159755110887769
    ],
    [
      -0.002540959070308721,
      0.002117198711433676,
      -0.0005500044132179314
    ],
    [
      0.0048847591476796825,
      0.0013168728069047609,
      -0.0007568093631887909
    ],
    [
      -0.004655378213327887,
      0.003206642462809263,
      0.004091849487932757
    ],
    [
      0.003789876844222405,
      0.00041799306551844437,
      0.003190972204928244
    ],
    [
      -0.0009044971394173477,
      0.0004891759645049246,
      -0.0004899171621799667
    ],
    [
      0.0039132342694071,
      0.004063107226376667,
      -0.003063473863524886
    ],
    [
      -0.0007821273264531916,
      -0.00022990081145007923,
      -0.0012935364958398259
    ]
  ]
}