{
  "name": "system91",
  "subset": "prod",
  "atomic_number": [
    6,
    6,
    6,
    6,
    6,
    6,
    8,
    6,
    6,
    6,
    1,
    1,
    1,
    1,
    1,
    1,
    1,
    1,
    1,
    1
  ],
  "charge": [
    0,
    0,
    0,
    0,
    0,
    0,
    0,
    0,
    0,
    0,
    0,
    0,
    0,
    0,
    0,
    0,
    0,
    0,
    0,
    0
  ],
  "positition": [
    [
      -0.22443049658052,
      0.6398870685122,
      0.25435943621187
    ],
    [
      -0.98797875392693,
      0.21365138706624,
      1.35082048066996
    ],
    [
      -2.19605435433457,
      -0.46454353538057,
      1.16450396835375
    ],
    [
      -2.65585061304256,
      -0.73106175650377,
      -0.12778431694218
    ],
    [
      -1.90121420015769,
      -0.3136078481692,
      -1.22873978948709
    ],
    [
      -0.69664876606394,
      0.36708340984875,
      -1.03965562133761
    ],
    [
      2.32776963478715,
      -0.19880628799282,
      -1.11800494811037
    ],
    [
      2.29042568070045,
      -0.98532816511712,
      0.07055537945868
    ],
    [
      2.31822874814344,
      0.48240770156753,
      0.12916723467675
    ],
    [
      1.10070301863479,
      1.33392145363596,
      0.45464058081222
    ],
    [
      -0.63083956872896,
      0.41630079344963,
      2.36496295033312
    ],
    [
      -2.77942662217478,
      -0.7852017039952,
      2.03149725822409
    ],
    [
      -3.5998873469227,
      -1.26097181283611,
      -0.27737530768214
    ],
    [
      -2.25412758203925,
      -0.51899735499536,
      -2.24287644695968
    ],
    [
      -0.10211966047509,
      0.67747796941357,
      -1.90084295982628
    ],
    [
      1.34549170019515,
      -1.51113179270023,
      0.25515264135799
    ],
    [
      3.27570486217527,
      0.9645693301362,
      0.38025251785719
    ],
    [
      1.15353588809175,
      2.2389146369966,
      -0.1757545380786
    ],
    [
      1.19646919485329,
      1.67554958800429,
      1.49883397990302
    ],
    [
      3.20248823686574,
      -1.55627608094062,
      0.28998250056531
    ]
  ],
  "energies": -11527.35816553472,
  "forces": [
    [
      -0.005161574264974956,
      0.0003958927866801634,
      -0.003618849774449022
    ],
    [
      0.0011424172222301873,
      -0.0009446529401407065,
      0.0028844802300075105
    ],
    [
      -0.0006674064945466774,
      5.871633872933241e-05,
      -0.004267292016340999
    ],
    [
      0.0012419134713111558,
      0.0024870753774445514,
      0.0013796338511652291
    ],
    [
      -0.0008736489385256341,
      0.0005043286592806779,
      -0.0030957332402037634
    ],
    [
      0.0005375737455636128,
      -0.002121573752323801,
      0.003981113197738883
    ],
    [
      -0.0020333270574381503,
      0.0005818711824145731,
      0.004128104513490766
    ],
    [
      0.001950842719390658,
      -0.003939612350006639,
      -0.0021165750646040026
    ],
    [
      0.006972163296376328,
      0.0015101393550520385,
      0.001934158881145219
    ],
    [
      0.0023451711953678626,
      9.345420761990407e-05,
      0.006367028616543821
    ],
    [
      -0.000875907344290181,
      0.0007099333153615113,
      -0.001800469837084838
    ],
    [
      -0.0008724686478197062,
      0.0007993881202913862,
      0.003224627639306561
    ],
    [
      -0.0035962603174865093,
      -0.0024793531713633724,
      0.0010332145951872868
    ],
    [
      0.0013395107548765399,
      -0.0005629965070007439,
      0.002211642485312669
    ],
    [
      0.002048815486889937,
      0.0020685318386979034,
      -0.003159981822021025
    ],
    [
      -0.001689105066386984,
      -0.0024663144891877765,
      -0.0006641549744004122
    ],
    [
      0.00022249037736167006,
      0.00042180930280549735,
      -0.0014534772764809036
    ],
    [
      -0.0035169131883301405,
      0.0052363408192390385,
      -0.003971989380375019
    ],
    [
      -0.0016880909718018928,
      -0.001164166082661972,
      -0.000825647415915945
    ],
    [
      0.0031738046392976844,
      -0.001188811393866762,
      -0.0021698296084773196
    ]
  ]
}