{
  "name": "system91",
  "subset": "sp",
  "atomic_number": [
    6,
    6,
    6,
    6,
    6,
    6,
    8,
    6,
    6,
    6,
    1,
    1,
    1,
    1,
    1,
    1,
    1,
    1,
    1,
    1
  ],
  "charge": [
    0,
    0,
    0,
    0,
    0,
    0,
    0,
    0,
    0,
    0,
    0,
    0,
    0,
    0,
    0,
    0,
    0,
    0,
    0,
    0
  ],
  "positition": [
    [
      -0.08694930078416,
      -0.08595705067457,
      0.10384675628529
    ],
    [
      0.59434059689522,
      1.17872979622303,
      0.1019426451442
    ],
    [
      1.9524828308094,
      1.27504733111031,
      0.38117393085524
    ],
    [
      2.71251595106283,
      0.14027454442908,
      0.68681204993423
    ],
    [
      2.0737081958076,
      -1.11200498925226,
      0.69826516146014
    ],
    [
      0.72681556648816,
      -1.23548230969269,
      0.40564319218493
    ],
    [
      -0.67554098983873,
      -0.35834555856185,
      -1.51421185890795
    ],
    [
      -1.91094432670474,
      0.3545713122269,
      -1.60983708017226
    ],
    [
      -2.36224463614426,
      -0.47066907861412,
      -0.48504644369772
    ],
    [
      -1.60518775789994,
      -0.15087734745373,
      0.72098597160076
    ],
    [
      0.0193867755215,
      2.0868359883562,
      -0.09895047278806
    ],
    [
      2.42528221158388,
      2.2613769830614,
      0.36679142741162
    ],
    [
      3.77673093418636,
      0.22514438606086,
      0.91523346039179
    ],
    [
      2.64562707835999,
      -2.01171882830171,
      0.94252320355134
    ],
    [
      0.24865823628134,
      -2.21855165862453,
      0.41079948607696
    ],
    [
      -1.8119696703193,
      1.43746273504726,
      -1.4130991170819
    ],
    [
      -2.82520637221176,
      -1.44166021850608,
      -0.67781216136801
    ],
    [
      -1.65629585425303,
      -0.89837349821015,
      1.52126915202528
    ],
    [
      -1.8446282737778,
      0.84352599636426,
      1.12489924926888
    ],
    [
      -2.39658119506253,
      0.18067146501237,
      -2.58122855217476
    ]
  ],
  "energies": -11523.858667485807,
  "forces": [
    [
      0.001013409848845992,
      0.006053706968360398,
      -0.007805562743172366
    ],
    [
      0.0014815621583313089,
      -0.002022014974009251,
      -0.0027828402463716067
    ],
    [
      0.002910788685128208,
      -0.001016634475251169,
      0.0014152785996310085
    ],
    [
      -0.005120873955983176,
      -0.00482987817524636,
      -9.74291848280653e-05
    ],
    [
      -0.0006638460820433997,
      0.006643420684493141,
      -0.0006282064243622623
    ],
    [
      0.004379965890022842,
      0.0010178310667523643,
      8.580918606142814e-05
    ],
    [
      0.0095489538800985,
      -0.004654600917361748,
      0.0149549924058325
    ],
    [
      -0.008808537974742289,
      0.0009317855448705884,
      -0.003845382646192943
    ],
    [
      -0.006494686520621361,
      0.00061852550032354,
      0.0010243825980541612
    ],
    [
      -1.9684675814638534e-05,
      0.00664378125602758,
      0.0018474634871795536
    ],
    [
      -0.0007664870990593534,
      0.0006183034598378432,
      0.000809700764424315
    ],
    [
      0.0021577215114498595,
      -0.0016934480199072449,
      0.003955369356914839
    ],
    [
      0.002208135140382629,
      4.2357796480307436e-05,
      0.0009163684378258558
    ],
    [
      0.003171662190294427,
      -0.003957594749712314,
      -0.00045526737929032113
    ],
    [
      0.0005915420791502128,
      -0.0002035014421147657,
      -0.001544387171643238
    ],
    [
      -0.008482193842334403,
      -0.0002530985400442052,
      -0.001551282099509065
    ],
    [
      0.00021583960147038856,
      -0.003978235310332097,
      -0.0012261906086555032
    ],
    [
      -0.0006275968157569045,
      0.0010449634576540528,
      -0.0029333778849803854
    ],
    [
      0.0018080217847018802,
      -0.0012703812418731167,
      -0.0018774083051966216
    ],
    [
      0.0014963028595055335,
      0.0002647133451820663,
      -0.0002620283933710039
    ]
  ]
}