{
  "name": "system92",
  "subset": "prod",
  "atomic_number": [
    6,
    6,
    6,
    6,
    6,
    6,
    8,
    6,
    6,
    6,
    1,
    1,
    1,
    1,
    1,
    1,
    1,
    1,
    1,
    1
  ],
  "charge": [
    0,
    0,
    0,
    0,
    0,
    0,
    0,
    0,
    0,
    0,
    0,
    0,
    0,
    0,
    0,
    0,
    0,
    0,
    0,
    0
  ],
  "positition": [
    [
      -0.31453245955038,
      -0.3594786052165,
      0.14181924750571
    ],
    [
      -0.64450182998895,
      0.99808860666992,
      0.26234762519522
    ],
    [
      -1.98248634815379,
      1.39340117567396,
      0.14843186181413
    ],
    [
      -2.9906824630074,
      0.45711430286116,
      -0.08467589986157
    ],
    [
      -2.65142930029917,
      -0.89678075464612,
      -0.20518503712449
    ],
    [
      -1.32484283540348,
      -1.30603425806222,
      -0.093059252748
    ],
    [
      0.95417050062877,
      -0.84917668276919,
      0.24225660895197
    ],
    [
      2.60741768004499,
      0.82491786027016,
      -0.60058736640988
    ],
    [
      1.99453335376547,
      0.03848490566068,
      0.52637397090201
    ],
    [
      3.33691066719299,
      -0.3550690446005,
      0.00555622105094
    ],
    [
      0.13119155458063,
      1.74348141087165,
      0.43552922099166
    ],
    [
      -2.23243130572198,
      2.45351808323307,
      0.24371079090259
    ],
    [
      -4.03171342320368,
      0.77594416105048,
      -0.17298263341639
    ],
    [
      -3.42968451549496,
      -1.64246382518126,
      -0.38811797739427
    ],
    [
      -1.04034640088136,
      -2.35650477673884,
      -0.18189544103771
    ],
    [
      2.16284387560624,
      0.68739000655274,
      -1.58996465242565
    ],
    [
      1.92190188219615,
      0.50577511417886,
      1.51731655503649
    ],
    [
      4.21161920402264,
      -0.17171664228666,
      0.63517373632748
    ],
    [
      3.37248329723512,
      -1.27781068767997,
      -0.57978493851505
    ],
    [
      2.97015286643215,
      1.83644265015857,
      -0.39528363974519
    ]
  ],
  "energies": -11527.354663112925,
  "forces": [
    [
      -0.003903768392452951,
      0.0029445272689890105,
      0.0035610738424826397
    ],
    [
      -0.0029309656243911037,
      -0.002328376131191306,
      0.004994713051122775
    ],
    [
      -0.002597979817797811,
      0.0009093883550169271,
      -0.00017140358214861933
    ],
    [
      -0.00031042586589728955,
      0.001229101406185227,
      -0.0009952597103574676
    ],
    [
      0.00521074075451458,
      0.0033505691262066878,
      -0.003080963999782304
    ],
    [
      0.0017836301385540474,
      -0.002309234472405143,
      -0.000997255297937115
    ],
    [
      0.002287779797619183,
      -0.004519254334390772,
      -0.007249638055948239
    ],
    [
      -0.0034446864728037907,
      0.0032639695315520114,
      -0.0038299074322123983
    ],
    [
      -0.004699477675220549,
      0.0012437247622023508,
      0.0005204237148579312
    ],
    [
      0.0013120907089315473,
      -0.0038826823624659623,
      0.0030544710422848857
    ],
    [
      7.380419027848452e-05,
      -0.0012300786825702817,
      -0.0001364262921136744
    ],
    [
      0.00023539093986506146,
      -0.0009507471235778005,
      -0.00203671669725662
    ],
    [
      0.001231679914317412,
      0.00013513174157467155,
      0.0020588908696053104
    ],
    [
      0.00044603177035260245,
      0.0013489701526502363,
      0.0007435529085590663
    ],
    [
      0.0011642969518227172,
      0.0009809755342948727,
      0.0011496233564460459
    ],
    [
      -0.0009403377545366748,
      -0.0016641023203938482,
      -0.0012454055953093374
    ],
    [
      0.0027234088323773143,
      0.002334129180635322,
      0.001659562626044899
    ],
    [
      0.0024079837131174885,
      -0.002427958512234651,
      0.0016974331786846898
    ],
    [
      -3.9152761882691966e-05,
      0.0005131919210305943,
      0.0013578740892552215
    ],
    [
      -1.0044272364783585e-05,
      0.0010587570157745375,
      -0.001054641604901152
    ]
  ]
}