{
  "name": "system92",
  "subset": "sp",
  "atomic_number": [
    6,
    6,
    6,
    6,
    6,
    6,
    8,
    6,
    6,
    6,
    1,
    1,
    1,
    1,
    1,
    1,
    1,
    1,
    1,
    1
  ],
  "charge": [
    0,
    0,
    0,
    0,
    0,
    0,
    0,
    0,
    0,
    0,
    0,
    0,
    0,
    0,
    0,
    0,
    0,
    0,
    0,
    0
  ],
  "positition": [
    [
      0.50390856959638,
      -0.1586441563643,
      0.48249798664851
    ],
    [
      1.08949317863913,
      0.80970173121893,
      -0.37689190566145
    ],
    [
      2.39820458746187,
      0.66139111811036,
      -0.83478277619302
    ],
    [
      3.16724553267432,
      -0.44618239735368,
      -0.46044804970631
    ],
    [
      2.60719313691568,
      -1.40691438316112,
      0.39373779093007
    ],
    [
      1.30351571570937,
      -1.26992497862062,
      0.8608224634801
    ],
    [
      -0.73324754582945,
      -0.05345574144464,
      0.92359138600375
    ],
    [
      -2.79798338924383,
      1.55988234356288,
      0.30857761105331
    ],
    [
      -2.12039388913229,
      0.45447942416175,
      -0.22714608371949
    ],
    [
      -2.90316288213749,
      -0.70210233583816,
      -0.12663596741384
    ],
    [
      0.51269760880176,
      1.7003420053226,
      -0.63858845193676
    ],
    [
      2.82839234020501,
      1.42815003282215,
      -1.485781323327
    ],
    [
      4.19267236162199,
      -0.5552650099163,
      -0.82086760500231
    ],
    [
      3.19945846530508,
      -2.27499371034388,
      0.697717200155
    ],
    [
      0.85433851721135,
      -2.0149696930628,
      1.52181798706375
    ],
    [
      -3.46986833774113,
      1.42958513418309,
      1.15950403376006
    ],
    [
      -1.51713778644894,
      0.59725343064551,
      -1.12824666933871
    ],
    [
      -2.90570579837552,
      -1.47395198332837,
      -0.90178899324638
    ],
    [
      -3.5372627796873,
      -0.85161032808534,
      0.75027876144994
    ],
    [
      -2.672357605546,
      2.56722949749196,
      -0.09736739499923
    ]
  ],
  "energies": -11524.273276624313,
  "forces": [
    [
      0.00027298792710793093,
      -0.0003288839197235518,
      -0.0015139256132739776
    ],
    [
      0.003239674404624108,
      -0.003948029525324546,
      -0.00018398861884834358
    ],
    [
      -0.0025100437636194537,
      0.002253427131433186,
      -0.0017327076368453505
    ],
    [
      -0.007920012117986708,
      0.0030094679404072426,
      0.0021989053421384913
    ],
    [
      -0.002880077472623223,
      0.005949531619706598,
      0.00018831768841048987
    ],
    [
      0.002679754377053253,
      -0.0018755991226101771,
      0.0022176926514603343
    ],
    [
      0.004090048532877048,
      -0.0023431123072236264,
      -0.0001443503812302504
    ],
    [
      -0.004533121271800994,
      -0.0013044123658735968,
      -0.0029593317849484937
    ],
    [
      -0.005554896308255066,
      -0.0026260181112554323,
      -0.0004495008058426604
    ],
    [
      0.003038988320682546,
      -0.0014924300065226137,
      -0.0015185631638165997
    ],
    [
      0.0015072909839117627,
      0.0018464951068121055,
      0.0005819112916269038
    ],
    [
      0.002064507496305335,
      -0.00053657363778077,
      0.00011205248942312203
    ],
    [
      0.0029913691725637417,
      -0.0028892951352595276,
      -0.0009284971551022192
    ],
    [
      -0.001971524983306852,
      -0.0016229702717267763,
      -0.00018422911985612576
    ],
    [
      -0.0009472442009455299,
      0.0013054511430508917,
      -0.0011323410681838076
    ],
    [
      0.0032207387940607767,
      -0.0009049725878496662,
      0.0010766335888661405
    ],
    [
      -0.002760607967087105,
      -0.0012108269291384779,
      0.0025456126645362746
    ],
    [
      0.0018460733430178298,
      0.00637760263904377,
      0.00369020272621137
    ],
    [
      0.0021384413216149548,
      0.00028935022316785357,
      -0.002663073984086309
    ],
    [
      0.0019876570113503433,
      5.179821951124752e-05,
      0.0007991787296341937
    ]
  ]
}