{
  "name": "system93",
  "subset": "prod",
  "atomic_number": [
    6,
    6,
    1,
    1,
    1,
    8,
    8,
    1,
    8,
    6,
    6,
    6,
    1,
    1,
    1,
    1,
    6,
    1,
    1,
    1,
    1
  ],
  "charge": [
    0,
    0,
    0,
    0,
    0,
    0,
    0,
    0,
    0,
    0,
    0,
    0,
    0,
    0,
    0,
    0,
    0,
    0,
    0,
    0,
    0
  ],
  "positition": [
    [
      1.47916322511671,
      -0.62435726162477,
      -1.05378428003161
    ],
    [
      1.43653850571449,
      -0.2333924776636,
      0.39159642352068
    ],
    [
      2.31939106323833,
      -0.11200420924389,
      -1.54230222398461
    ],
    [
      0.54301161747992,
      -0.28020895055843,
      -1.51972970825227
    ],
    [
      1.56298625182959,
      -1.71190032356171,
      -1.17553625145647
    ],
    [
      1.5936054592308,
      0.87108155082486,
      0.86057611455933
    ],
    [
      1.0474675250539,
      -0.90377302907664,
      2.54861681309479
    ],
    [
      1.25582949579328,
      0.06148711060367,
      2.46284588366737
    ],
    [
      1.17220480666809,
      -1.29873397222175,
      1.18108736729922
    ],
    [
      -1.78769581456109,
      0.85109215075599,
      -0.13605110397083
    ],
    [
      -1.74957597262072,
      -0.24302476718863,
      0.63995449516211
    ],
    [
      -2.20820097886378,
      -1.6298906883332,
      0.300022844255
    ],
    [
      -1.31058170600261,
      -0.13659221215517,
      1.63810567688337
    ],
    [
      -2.58673683808099,
      -1.72105613641643,
      -0.72849571112137
    ],
    [
      -3.01052355735645,
      -1.95717025189109,
      0.98456408659973
    ],
    [
      -1.37900465382754,
      -2.34673158414437,
      0.42937395632399
    ],
    [
      -2.32041257580254,
      0.96532531593416,
      -1.53509863822255
    ],
    [
      -1.37863781332952,
      1.77694836724751,
      0.28644762128128
    ],
    [
      -2.69069613526525,
      0.00955311895037,
      -1.93375172719239
    ],
    [
      -1.54426737552938,
      1.34343909596407,
      -2.22493090869889
    ],
    [
      -3.1503955288852,
      1.69264315379907,
      -1.58284772971587
    ]
  ],
  "energies": -12540.659219560259,
  "forces": [
    [
      -0.006277734762683938,
      -0.001056177736311346,
      -0.0036087988172155165
    ],
    [
      -0.0037616785252919983,
      0.007499116431047208,
      0.005844125740987323
    ],
    [
      0.0029276658703459076,
      -0.00030986017173722716,
      0.002198084388837392
    ],
    [
      -0.0030281691691887757,
      0.0006884556549115619,
      -0.00022287964240954496
    ],
    [
      0.005945128810900244,
      0.0027399340335457793,
      -0.0007920346618533132
    ],
    [
      0.000563563743822819,
      -0.0036258064087953575,
      -0.0048818143087415436
    ],
    [
      0.0027545898883093046,
      0.0016966706922738725,
      -0.004895458948555735
    ],
    [
      -0.003596134796220741,
      -0.00416428682824591,
      -0.0013061158761121705
    ],
    [
      9.537019383969538e-05,
      -0.0007365940630638456,
      0.005156508471457605
    ],
    [
      0.0038027497416537014,
      -0.0007882179103455892,
      0.004223872868395944
    ],
    [
      4.902055371322102e-05,
      0.0032505748544059475,
      -0.007871197098275648
    ],
    [
      -0.008802355191083598,
      -0.0019293654703172458,
      -0.0018526590185721744
    ],
    [
      0.0026820922813335217,
      0.0011434729172675549,
      0.003168951064651215
    ],
    [
      -0.002474415727325479,
      -8.402885125462151e-05,
      -0.0012625631336368143
    ],
    [
      0.0006824630300569714,
      -0.0041520706420334254,
      0.0032736695845996915
    ],
    [
      6.535724158373254e-05,
      0.004883317375762599,
      -0.0011364609527770297
    ],
    [
      0.0057978399156461075,
      -0.0016485226681950424,
      0.0009046979425893359
    ],
    [
      0.001096654667843685,
      -0.0007146412627139803,
      0.0004994855233138279
    ],
    [
      -0.0011535444947499635,
      0.0007141980044956602,
      0.0015488374944395836
    ],
    [
      0.0006203860021329407,
      0.00027685939169503905,
      -0.0005700744974254132
    ],
    [
      0.002011150365408173,
      -0.003683029245008114,
      0.001581818117031472
    ]
  ]
}