{
  "name": "system93",
  "subset": "react",
  "atomic_number": [
    6,
    6,
    1,
    1,
    1,
    8,
    8,
    1,
    8,
    6,
    6,
    6,
    1,
    1,
    1,
    1,
    6,
    1,
    1,
    1,
    1
  ],
  "charge": [
    0,
    0,
    0,
    0,
    0,
    0,
    0,
    0,
    0,
    0,
    0,
    0,
    0,
    0,
    0,
    0,
    0,
    0,
    0,
    0,
    0
  ],
  "positition": [
    [
      2.87087435796239,
      -0.75380068286573,
      0.99612604814001
    ],
    [
      1.69021598179407,
      -0.23820437011537,
      0.2224399303794
    ],
    [
      3.44099023659602,
      0.06015604981042,
      1.4611570327209
    ],
    [
      3.51895203720288,
      -1.32273344981821,
      0.31230539457835
    ],
    [
      2.50833447038496,
      -1.44909205060165,
      1.76833149802813
    ],
    [
      1.6258410707208,
      1.10618013558865,
      0.28057344155685
    ],
    [
      0.51872584011274,
      1.62865989728378,
      -0.4543499543285
    ],
    [
      0.03929898297672,
      0.80715243314818,
      -0.73192537560752
    ],
    [
      0.87723370039934,
      -0.89669218099659,
      -0.38323321059424
    ],
    [
      -2.42886593885868,
      0.95004522471131,
      -0.70220210167211
    ],
    [
      -2.29756366915457,
      -0.25537683809728,
      -1.28078861540308
    ],
    [
      -2.29947182799702,
      -1.59834887446919,
      -0.61303579847334
    ],
    [
      -2.16905945801051,
      -0.27593730147826,
      -2.37053908303506
    ],
    [
      -2.52271266855153,
      -1.53857824386743,
      0.46197071638865
    ],
    [
      -1.3134302820256,
      -2.07896744207325,
      -0.72273382572061
    ],
    [
      -3.04444741789773,
      -2.2660448834709,
      -1.07944678069576
    ],
    [
      -2.59493383930075,
      1.25255792080255,
      0.75819795042339
    ],
    [
      -2.3976056802882,
      1.82900851971252,
      -1.35850617225411
    ],
    [
      -2.69634692276232,
      0.34735391551419,
      1.37389047538248
    ],
    [
      -3.48280452026039,
      1.88493067573332,
      0.93164311024617
    ],
    [
      -1.72225445304253,
      1.81920454554897,
      1.12609731994
    ]
  ],
  "energies": -12540.664466696153,
  "forces": [
    [
      0.0012230065542612606,
      0.0006449434844471402,
      8.18141542471016e-05
    ],
    [
      -0.004741280781863152,
      -8.407189152477625e-05,
      -0.004220960733892476
    ],
    [
      -0.0008048751119602757,
      -0.0006794004860072637,
      0.0001298468386294474
    ],
    [
      -0.0027430586440304653,
      -0.0008580525741550243,
      -0.0008537569803585538
    ],
    [
      0.004734334586196435,
      0.0002471403165524983,
      -0.0006678958269371105
    ],
    [
      0.0028637262837297927,
      0.0018406976287021234,
      -0.0022915419903137236
    ],
    [
      0.0003943295044185458,
      -0.0013027169288995567,
      -0.0003854516388015755
    ],
    [
      -0.0010312828223928987,
      0.0033627492655501417,
      0.0027655279276221877
    ],
    [
      -0.005486438675980246,
      0.0004127641612042818,
      0.010220043583044668
    ],
    [
      -0.002818067190542276,
      -0.0015370958310622102,
      -0.0028503682705175643
    ],
    [
      0.001214370680892018,
      -0.0002651072382159794,
      -0.0023793254237969566
    ],
    [
      0.001358576874646147,
      -0.0026116340735385483,
      0.0046887903184847325
    ],
    [
      0.003465672126915819,
      0.0022912605059184706,
      -0.0008001393966915781
    ],
    [
      -0.002176542245115311,
      0.0028256306567023466,
      -0.0010340235671467543
    ],
    [
      0.0010612407016150076,
      -0.00190190500662752,
      -0.0012671803724629356
    ],
    [
      -0.0008262846381713304,
      0.0017340318579170647,
      0.00043217429460272423
    ],
    [
      0.001344558653514544,
      0.001767004870043024,
      -0.003207912279333995
    ],
    [
      0.002345817879283592,
      -0.0005872222141380756,
      -0.0019616930840791525
    ],
    [
      -0.0016067458382287233,
      -0.0018616454361727725,
      0.002706766337473816
    ],
    [
      0.0007392506813159412,
      -0.004550069213783012,
      0.0005823370663424129
    ],
    [
      0.0014896943525534003,
      0.0011126969129580363,
      0.0003129515121445056
    ]
  ]
}