{
  "name": "system93",
  "subset": "sp",
  "atomic_number": [
    6,
    6,
    1,
    1,
    1,
    8,
    8,
    1,
    8,
    6,
    6,
    6,
    1,
    1,
    1,
    1,
    6,
    1,
    1,
    1,
    1
  ],
  "charge": [
    0,
    0,
    0,
    0,
    0,
    0,
    0,
    0,
    0,
    0,
    0,
    0,
    0,
    0,
    0,
    0,
    0,
    0,
    0,
    0,
    0
  ],
  "positition": [
    [
      4.0864483501416,
      -0.27114278448212,
      0.03624156166422
    ],
    [
      2.65530488536183,
      -0.41976770371377,
      0.58457467790004
    ],
    [
      4.3878470178218,
      0.77776519745895,
      0.17593698848426
    ],
    [
      4.08785406876683,
      -0.49373004412406,
      -1.03868731839113
    ],
    [
      4.77257472312351,
      -0.9323160601001,
      0.57599547961983
    ],
    [
      1.743746051792,
      0.1020977028508,
      -0.09431208798601
    ],
    [
      0.42084047421359,
      -0.57699157608303,
      1.43884106619763
    ],
    [
      0.01906009964733,
      -0.06447625410225,
      0.70796510759767
    ],
    [
      2.50308546969192,
      -1.01571579517933,
      1.65560553938983
    ],
    [
      -1.43880611937393,
      1.02154525596345,
      -0.60455752438926
    ],
    [
      -1.38003208881007,
      -0.29265347903361,
      -0.89983952803984
    ],
    [
      -2.31795287150352,
      -1.37671901586166,
      -0.46287938413302
    ],
    [
      -0.53991960793375,
      -0.62114128162619,
      -1.52237423875165
    ],
    [
      -3.1415927365154,
      -1.00888652645022,
      0.16505771864629
    ],
    [
      -1.76467150997089,
      -2.14004374857572,
      0.10949794847253
    ],
    [
      -2.75547334247753,
      -1.88736636130115,
      -1.33821718403355
    ],
    [
      -2.47167686218655,
      1.73007490413433,
      0.21922026446581
    ],
    [
      -0.6436991621538,
      1.65572016940939,
      -1.01483891169398
    ],
    [
      -3.2202014060843,
      1.04995289869635,
      0.64921757016989
    ],
    [
      -3.00462080999697,
      2.48070739056775,
      -0.39096036394533
    ],
    [
      -1.9981146235537,
      2.28308711155221,
      1.04851261875576
    ]
  ],
  "energies": -12538.360195915957,
  "forces": [
    [
      -0.002841818374844497,
      0.004990557993835662,
      -0.00454679553072583
    ],
    [
      0.0020345175297133617,
      0.004635521890653301,
      0.0016646141756496665
    ],
    [
      0.0013905122923023544,
      -0.003693962450646691,
      -0.0018983274191538338
    ],
    [
      0.00102157320484074,
      -0.002813883182631392,
      -0.00041820728984994334
    ],
    [
      0.0016098784705558752,
      -0.002306720293278888,
      -0.0017202928071876958
    ],
    [
      0.005523263920840221,
      0.0008545467718869966,
      -0.00749679071379684
    ],
    [
      -0.0061668929544083945,
      0.0017061998697926104,
      -0.005233868703363664
    ],
    [
      -0.00023063712402874778,
      -0.0007129496309729046,
      -0.002197032036234385
    ],
    [
      0.002628255793926942,
      0.0024192741992782097,
      0.01929584147799755
    ],
    [
      -0.0012882062900534952,
      -0.0021821191739795423,
      0.0031614237996263764
    ],
    [
      -0.0003732383322248484,
      0.005875054725946436,
      0.00039248756597536473
    ],
    [
      -0.004037673100662709,
      -0.0076609849735614416,
      -0.0072242158087317794
    ],
    [
      -0.0009325469514179973,
      0.0017753694920083643,
      0.0026239214793139522
    ],
    [
      0.0012052961772904941,
      0.002078837592273842,
      0.00041590095871886815
    ],
    [
      -0.0014796631413936576,
      0.0019753414262821734,
      0.0003633671465378914
    ],
    [
      -0.0033681872519890944,
      -0.0015830662848659595,
      -0.00015705245455467252
    ],
    [
      0.003674722781400653,
      -0.004043899747344629,
      0.0006399703534946857
    ],
    [
      0.00037184016622065824,
      0.0011102718482740494,
      -8.565851940485303e-05
    ],
    [
      -0.0038667165819653744,
      -0.0030079984519959984,
      -0.0006649940282691275
    ],
    [
      0.002254461846267181,
      0.0017517748364783668,
      -0.0004969141114269014
    ],
    [
      0.0028712618791294996,
      -0.0011671628064658039,
      0.0035826152662957814
    ]
  ]
}