{
  "name": "system94",
  "subset": "prod",
  "atomic_number": [
    6,
    6,
    1,
    1,
    1,
    8,
    8,
    1,
    8,
    6,
    6,
    6,
    1,
    1,
    1,
    1,
    6,
    1,
    1,
    1,
    1
  ],
  "charge": [
    0,
    0,
    0,
    0,
    0,
    0,
    0,
    0,
    0,
    0,
    0,
    0,
    0,
    0,
    0,
    0,
    0,
    0,
    0,
    0,
    0
  ],
  "positition": [
    [
      -0.89257396815325,
      -1.7357529530106,
      0.08469262230579
    ],
    [
      -0.6659716005118,
      -0.24386209431361,
      -0.09285911932551
    ],
    [
      -1.96838433568612,
      -1.9349957665797,
      0.01118405820874
    ],
    [
      -0.54774262702921,
      -2.05973518153283,
      1.07537254727352
    ],
    [
      -0.37013209073335,
      -2.30040347542006,
      -0.69887810142766
    ],
    [
      -1.32949943553201,
      0.50648673260283,
      0.9344121417627
    ],
    [
      -2.73966354851078,
      0.22981406653503,
      0.88762929152895
    ],
    [
      -2.94635490561114,
      0.49243216830797,
      -0.03020874797542
    ],
    [
      -1.24611024699424,
      0.10230814481705,
      -1.34060044295569
    ],
    [
      0.77917768435891,
      0.2495230646507,
      -0.00230560782856
    ],
    [
      1.78776087667835,
      -0.593459466741,
      0.27327656077145
    ],
    [
      3.24928063080962,
      -0.28010389895346,
      0.37927482123439
    ],
    [
      1.54227641972767,
      -1.64525171317381,
      0.4446020038763
    ],
    [
      3.48454298338105,
      0.78255404320059,
      0.23180409493174
    ],
    [
      3.8236285745854,
      -0.8597888873327,
      -0.36487469678961
    ],
    [
      3.63772108171788,
      -0.57923901905875,
      1.3685155231161
    ],
    [
      0.95239754347927,
      1.72952255597692,
      -0.24724893742867
    ],
    [
      -0.92294482138694,
      0.97906637749467,
      -1.59022497694766
    ],
    [
      1.97646251095755,
      2.06653973537139,
      -0.04542256203874
    ],
    [
      0.26400385206647,
      2.30635758562697,
      0.38850354860726
    ],
    [
      0.73997942238672,
      2.00218198153243,
      -1.29865102089939
    ]
  ],
  "energies": -12540.294205884235,
  "forces": [
    [
      0.0051212259400324105,
      0.0032335912255093712,
      0.00641753891896272
    ],
    [
      0.004498188410432016,
      0.0034342920161621214,
      0.004697034458546879
    ],
    [
      -0.0007700748681023234,
      0.00024721575272492,
      -0.0015825224450844104
    ],
    [
      0.00074877224836875,
      -0.002003183030333174,
      -0.001732797522618625
    ],
    [
      -0.0015287321346940778,
      -0.001481914605179147,
      -0.002384822185658594
    ],
    [
      -0.0022184963269468914,
      0.0028881557250969364,
      -9.933210984281566e-05
    ],
    [
      0.0013112799371997317,
      0.005169997559518846,
      0.0010003068890865325
    ],
    [
      0.0007152108649511415,
      -0.0012356928924331532,
      -0.0016121125022606213
    ],
    [
      -0.006528252737713276,
      -0.0036910108239956974,
      -0.00801044733604773
    ],
    [
      0.0036150981232782346,
      0.00020288540575102174,
      -0.0011639290269326848
    ],
    [
      -0.004336701728187998,
      -0.008924826665474393,
      -0.000561686581263681
    ],
    [
      0.002628437313823771,
      0.00267520079874619,
      0.005791269975244293
    ],
    [
      -0.0012735227187958083,
      0.0019250559411405938,
      -0.001477546866222549
    ],
    [
      0.0018925777635662457,
      0.00031815275138657355,
      -0.005672886812297527
    ],
    [
      0.0010741505200904753,
      -0.0002924300450321037,
      -0.0027892934072590594
    ],
    [
      -0.0013005332908205592,
      -0.0007180455063995042,
      0.002568044410019021
    ],
    [
      0.0066244074266085026,
      -0.001500524714057796,
      -0.00015762935872536065
    ],
    [
      -0.00030269682068118775,
      -0.00020998735885895516,
      0.00016398857149623912
    ],
    [
      0.0003844663919961219,
      0.0017383225151950945,
      0.007416928489794424
    ],
    [
      -0.0013569384647445103,
      -0.00032963175084524865,
      0.0013598894743306986
    ],
    [
      -0.008997862250116076,
      -0.0014456201388956798,
      -0.002169998529967712
    ]
  ]
}