{
  "name": "system94",
  "subset": "react",
  "atomic_number": [
    6,
    6,
    1,
    1,
    1,
    8,
    8,
    1,
    8,
    6,
    6,
    6,
    1,
    1,
    1,
    1,
    6,
    1,
    1,
    1,
    1
  ],
  "charge": [
    0,
    0,
    0,
    0,
    0,
    0,
    0,
    0,
    0,
    0,
    0,
    0,
    0,
    0,
    0,
    0,
    0,
    0,
    0,
    0,
    0
  ],
  "positition": [
    [
      3.41410323058596,
      -0.03355127741755,
      0.13870972272142
    ],
    [
      1.91194247160794,
      -0.00048699313277,
      0.08397637769584
    ],
    [
      3.86678089231659,
      0.51070026080397,
      -0.6994213919907
    ],
    [
      3.74196425578304,
      -1.08425076126892,
      0.12164672917592
    ],
    [
      3.74243017903976,
      0.40175538195419,
      1.09418104074609
    ],
    [
      1.48596085848024,
      0.62732940885401,
      -1.03011053171644
    ],
    [
      0.06198280710579,
      0.66472265280481,
      -1.12261884575339
    ],
    [
      -0.2271648573605,
      0.17263812219285,
      -0.31108398271853
    ],
    [
      1.14836248060344,
      -0.46642351251815,
      0.89661697753285
    ],
    [
      -2.16750086777116,
      0.06083770564972,
      0.98956293314091
    ],
    [
      -2.14770491697207,
      -1.06433837847555,
      0.25522301714537
    ],
    [
      -2.79459638320733,
      -1.29969532099584,
      -1.07815687340388
    ],
    [
      -1.57354212658582,
      -1.90789837530333,
      0.65687943238608
    ],
    [
      -3.42851355230161,
      -0.46164339513572,
      -1.4010944880633
    ],
    [
      -3.41583556779309,
      -2.21165597460791,
      -1.05933094875829
    ],
    [
      -2.02558514577507,
      -1.4537818268942,
      -1.85561378014588
    ],
    [
      -2.83971144897479,
      1.35985410822379,
      0.65541213382257
    ],
    [
      -1.60591405172918,
      0.04847273127105,
      1.9310797666017
    ],
    [
      -3.45392210169034,
      1.3027595460032,
      -0.2544421780966
    ],
    [
      -2.08644673807659,
      2.15243807401192,
      0.49940996649396
    ],
    [
      -3.48611941728509,
      1.6936908239804,
      1.48514692318428
    ]
  ],
  "energies": -12540.653439523168,
  "forces": [
    [
      0.0015826663240281298,
      0.004657133197055618,
      0.00018070933078584943
    ],
    [
      -0.006996278086114946,
      -0.00417210426799534,
      0.004459672922226776
    ],
    [
      -0.00028508208875520943,
      0.0002231313020058858,
      -0.0037442495812944174
    ],
    [
      0.001968793597369207,
      -0.0003650695254909888,
      -0.0006851963700331659
    ],
    [
      -0.0020761140224903945,
      0.0024298885881008253,
      0.0020702031073004112
    ],
    [
      -0.002121830554126851,
      -0.0038744534433356737,
      0.001992602734341039
    ],
    [
      0.0021323813338524756,
      -0.003948611623124009,
      0.004141282549468178
    ],
    [
      -0.0010987255887516198,
      0.0006184765979377368,
      -7.7118342502466e-05
    ],
    [
      0.00810644220515844,
      -0.006154021599639112,
      -0.004442706108346139
    ],
    [
      0.004545809461167303,
      -0.000632710226108382,
      -0.00414634551477184
    ],
    [
      -0.0033882311109423597,
      0.001947724125287822,
      -0.0015184697299206965
    ],
    [
      -0.002174825930782032,
      0.0036987459370157157,
      0.004494996334195308
    ],
    [
      0.003557763135537154,
      -0.0010524638289378032,
      -0.0018080152540993597
    ],
    [
      0.0033063680028873874,
      0.000869290969761783,
      0.0005343073130178913
    ],
    [
      0.0030576153474212676,
      0.001183896472694254,
      0.0004978545181898521
    ],
    [
      -0.0010174225698513979,
      -0.002323427168610384,
      -0.0018456647432727284
    ],
    [
      -0.0050902831225372504,
      0.00018701619589242977,
      -0.0030190324963081396
    ],
    [
      -0.0003783178040120461,
      0.00015916374178527349,
      0.0023416407619296985
    ],
    [
      0.00020696009034727142,
      0.0031074672416931404,
      -0.002218348437081939
    ],
    [
      -0.005252591375147175,
      -7.302190637183705e-06,
      0.00196264362098932
    ],
    [
      0.001414909389189299,
      0.0034482306359338677,
      0.0008292316882583529
    ]
  ]
}