{
  "name": "system94",
  "subset": "sp",
  "atomic_number": [
    6,
    6,
    1,
    1,
    1,
    8,
    8,
    1,
    8,
    6,
    6,
    6,
    1,
    1,
    1,
    1,
    6,
    1,
    1,
    1,
    1
  ],
  "charge": [
    0,
    0,
    0,
    0,
    0,
    0,
    0,
    0,
    0,
    0,
    0,
    0,
    0,
    0,
    0,
    0,
    0,
    0,
    0,
    0,
    0
  ],
  "positition": [
    [
      2.15052439679137,
      -0.18220904864333,
      -0.64373728652182
    ],
    [
      1.27419693625464,
      0.59467335540654,
      0.32085294296565
    ],
    [
      3.19169131871198,
      0.11924065009191,
      -0.44855981234887
    ],
    [
      1.90072298747528,
      0.04037143596041,
      -1.69114163621235
    ],
    [
      2.05288798579433,
      -1.25894566332987,
      -0.45690335694504
    ],
    [
      1.29701432606708,
      1.92316875120228,
      -0.11322299234921
    ],
    [
      0.80681101320885,
      2.7524178266513,
      0.94233418763742
    ],
    [
      1.13069092243128,
      2.20551577857332,
      1.70984881818353
    ],
    [
      1.43649383709633,
      0.43649952565009,
      1.62921357575414
    ],
    [
      -0.45506185615852,
      0.10050780853529,
      0.12081618227914
    ],
    [
      -0.68074488868113,
      -1.22233676892349,
      0.35661665325938
    ],
    [
      -1.83694474435244,
      -2.05389480600174,
      -0.07825557766566
    ],
    [
      0.08058032930252,
      -1.73638502490429,
      0.96045684212974
    ],
    [
      -2.59735503874089,
      -1.48498441909527,
      -0.62963446895195
    ],
    [
      -2.31069960162838,
      -2.54611841068977,
      0.78866879132181
    ],
    [
      -1.47144168518634,
      -2.87179960361097,
      -0.72665835902268
    ],
    [
      -1.34014123491667,
      1.02142708015085,
      -0.66768168335251
    ],
    [
      0.04646105880083,
      0.35346821813185,
      1.26987729970433
    ],
    [
      -2.39245916044503,
      0.69612448840801,
      -0.66830834598051
    ],
    [
      -1.00092915178238,
      1.07442776344016,
      -1.7156099171105
    ],
    [
      -1.28229775004273,
      2.03883106299673,
      -0.25897185677407
    ]
  ],
  "energies": -12537.465298582725,
  "forces": [
    [
      0.007933586052458651,
      0.0007111151487294518,
      -0.0035148450956358954
    ],
    [
      0.004505497697314459,
      0.0017447577297811327,
      0.0031482322396453205
    ],
    [
      -0.0018733090922743694,
      0.0013923757765916464,
      0.0016495963609558916
    ],
    [
      -0.004313090051953794,
      0.0004659427546845062,
      0.0011828627863016009
    ],
    [
      0.001195387350650427,
      0.0007092879684195257,
      0.004055892350409404
    ],
    [
      -0.002945596847984492,
      0.006621562089370185,
      -0.0013232303741694926
    ],
    [
      -0.0027135778073247544,
      0.00012190243779637066,
      0.002804593117724625
    ],
    [
      -0.00036105253645401467,
      0.0015839109437399879,
      -0.00014324640087188484
    ],
    [
      -0.0017164131664919205,
      -0.010217317956378537,
      -0.003361149319354688
    ],
    [
      0.0028633807788610117,
      -0.009257710347842443,
      0.00038362960069835854
    ],
    [
      0.011242425811266943,
      -0.0005606102145553431,
      -0.00356440835784519
    ],
    [
      -0.009363878867238738,
      -0.002762510069348781,
      0.006321843223438342
    ],
    [
      -0.0019280998704020145,
      -0.00033176252703927684,
      -0.0003753417518791845
    ],
    [
      0.0012559896451123697,
      0.0007974720826495278,
      0.0005925166815877786
    ],
    [
      -0.00016736360744765572,
      -0.0012809284734761125,
      0.0015998306500684624
    ],
    [
      -0.004494963526916505,
      0.00022526886591277,
      0.0012709781492279031
    ],
    [
      -0.002652460726549169,
      0.005659495323319623,
      0.0005636004077566545
    ],
    [
      0.001367365882931185,
      0.0014655640847725884,
      -0.004112714197342987
    ],
    [
      -0.0010569434108903234,
      0.00029254733876713705,
      -0.004458557217637115
    ],
    [
      0.00304333086282627,
      0.0004874841784976477,
      -0.0012153607099497114
    ],
    [
      0.0001797847105974955,
      0.0021321487518430257,
      -0.001504721371797184
    ]
  ]
}