{
  "name": "system95",
  "subset": "prod",
  "atomic_number": [
    6,
    6,
    1,
    1,
    1,
    8,
    8,
    1,
    8,
    6,
    6,
    6,
    1,
    1,
    1,
    1,
    6,
    1,
    1,
    1,
    1
  ],
  "charge": [
    0,
    0,
    0,
    0,
    0,
    0,
    0,
    0,
    0,
    0,
    0,
    0,
    0,
    0,
    0,
    0,
    0,
    0,
    0,
    0,
    0
  ],
  "positition": [
    [
      -2.58210291649461,
      -0.94824922502892,
      0.1320067766157
    ],
    [
      -1.25860365695516,
      -0.40466215608053,
      -0.3701126082477
    ],
    [
      -3.3845521312226,
      -0.7153285669546,
      -0.58398383634963
    ],
    [
      -2.81641396526059,
      -0.49723193651202,
      1.10570825766996
    ],
    [
      -2.51414968749873,
      -2.03851347837293,
      0.25507340892402
    ],
    [
      -1.30199294318874,
      0.96944840097278,
      -0.70013667126932
    ],
    [
      -1.69221313526167,
      1.72400910186231,
      0.47363047086007
    ],
    [
      -2.48012058987231,
      2.17267854140178,
      0.1267855133044
    ],
    [
      -0.28177343969574,
      -0.70723570914386,
      0.58577757592206
    ],
    [
      1.60069156516704,
      0.68341793796038,
      0.27691685200288
    ],
    [
      1.04881409491316,
      -0.53600688787968,
      0.21168008449467
    ],
    [
      1.69562273528641,
      -1.83081134511626,
      -0.18003874202544
    ],
    [
      -0.98984572453565,
      -0.82930554612473,
      -1.35847602651621
    ],
    [
      2.75856692290726,
      -1.71513723807876,
      -0.4286623727323
    ],
    [
      1.18358368068988,
      -2.27256921872526,
      -1.05375719355853
    ],
    [
      1.60340972846996,
      -2.55958860374419,
      0.6432336801457
    ],
    [
      3.01466154194107,
      1.05496934233386,
      -0.05186013749166
    ],
    [
      0.94027787094977,
      1.49024875632815,
      0.60809906944008
    ],
    [
      3.61850206936965,
      0.20000965268278,
      -0.38897283018933
    ],
    [
      3.52067569593973,
      1.49814874777916,
      0.82446026745828
    ],
    [
      3.04456828435187,
      1.82099043044056,
      -0.84714253845768
    ]
  ],
  "energies": -12540.032764378735,
  "forces": [
    [
      0.0018249131624100967,
      0.0024372120674737846,
      0.008245088130798075
    ],
    [
      0.0017183175313245493,
      -0.002224508389342842,
      -0.0018544125624820268
    ],
    [
      0.0007599826189489445,
      -0.0018530201557493508,
      0.0014865726217044713
    ],
    [
      0.0015579555525319334,
      -0.002252947312125165,
      -0.0020582022767049015
    ],
    [
      -0.001037886855625195,
      -0.0005868617454477714,
      0.00131896892462557
    ],
    [
      0.0034329654810973877,
      0.014449080872482643,
      -0.006339618495057776
    ],
    [
      -0.005318946667631066,
      -0.005827280180340884,
      -0.004418331842856982
    ],
    [
      0.0017758692116563494,
      0.0021383758099014815,
      0.0019878491756150606
    ],
    [
      0.005234568814807101,
      -0.003440440809834465,
      0.0013705706089963978
    ],
    [
      -0.0024110414234928892,
      -0.0037540867769950276,
      -0.005160854253191556
    ],
    [
      -0.004489383821260649,
      -0.0006570039646404745,
      -7.184958608630827e-05
    ],
    [
      -0.0049639189976677075,
      0.011103091601259302,
      -0.0020395524185683922
    ],
    [
      0.002589855336885784,
      -0.0011471328828927198,
      0.0009328652025912202
    ],
    [
      0.0013613767547771567,
      -8.920391666454041e-06,
      -0.0005542204056545458
    ],
    [
      0.003736797598175799,
      -0.003026147870575583,
      0.0025627746765835885
    ],
    [
      -0.0002732269368757675,
      0.0024943285114297307,
      -0.002996860020887663
    ],
    [
      -0.0006678829714203378,
      -0.00454184723663178,
      0.005117279193539082
    ],
    [
      -0.001467834369034633,
      0.00247312482775324,
      0.0008669626814080602
    ],
    [
      0.0013041006453028943,
      -0.0016167043385856,
      0.00023867213054403792
    ],
    [
      -0.001326858920911665,
      0.0012791547721159602,
      -0.0023411862937007524
    ],
    [
      -0.003339724726477976,
      -0.00543746681896456,
      0.0037074825462143886
    ]
  ]
}