{
  "name": "system95",
  "subset": "react",
  "atomic_number": [
    6,
    6,
    1,
    1,
    1,
    8,
    8,
    1,
    8,
    6,
    6,
    6,
    1,
    1,
    1,
    1,
    6,
    1,
    1,
    1,
    1
  ],
  "charge": [
    0,
    0,
    0,
    0,
    0,
    0,
    0,
    0,
    0,
    0,
    0,
    0,
    0,
    0,
    0,
    0,
    0,
    0,
    0,
    0,
    0
  ],
  "positition": [
    [
      2.87672581103468,
      -0.63246000588192,
      0.95682677401975
    ],
    [
      1.69538794147062,
      -0.16205433240052,
      0.15577916375915
    ],
    [
      3.42471930839414,
      0.20537295932294,
      1.40569670852848
    ],
    [
      3.54270888892816,
      -1.2087157960821,
      0.29715594863378
    ],
    [
      2.51783310292336,
      -1.3116865543608,
      1.74516711203896
    ],
    [
      1.5688349406989,
      1.17753139983417,
      0.22520867947961
    ],
    [
      0.45628760805927,
      1.65755610519038,
      -0.53021733668141
    ],
    [
      0.00426460851535,
      0.81863318330341,
      -0.80079178113533
    ],
    [
      0.92660979120429,
      -0.85031774363815,
      -0.47392669364051
    ],
    [
      -2.47624654606499,
      0.85813100512496,
      -0.71776013567776
    ],
    [
      -2.30648214025867,
      -0.37435887497458,
      -1.22460152972414
    ],
    [
      -2.22766504093429,
      -1.67144963358331,
      -0.47587970760742
    ],
    [
      -2.20910497124719,
      -0.4596086077049,
      -2.31438635656791
    ],
    [
      -2.40893973528184,
      -1.55338178615702,
      0.60230918984155
    ],
    [
      -1.22875518413529,
      -2.12109280634693,
      -0.60021536451611
    ],
    [
      -2.96406001402141,
      -2.39416388554881,
      -0.86808653903893
    ],
    [
      -2.61597979122389,
      1.2446969945432,
      0.72548557002201
    ],
    [
      -2.50638191308567,
      1.69422042706136,
      -1.42810309760528
    ],
    [
      -2.63736403232328,
      0.37738676451959,
      1.40099259949862
    ],
    [
      -3.53896749350023,
      1.82749634530392,
      0.88982210223526
    ],
    [
      -1.77245513915187,
      1.88973784247512,
      1.02549669413762
    ]
  ],
  "energies": -12540.662823176248,
  "forces": [
    [
      0.001007129260415695,
      0.0032403594494018867,
      -0.007230564737089239
    ],
    [
      -0.0036972192672658664,
      -0.001839108532562826,
      -0.007192964715944412
    ],
    [
      2.188913983080744e-05,
      -0.0017909253357901065,
      0.0038092079933257964
    ],
    [
      -0.0018697335102613004,
      -0.000731273678892329,
      0.00021234778600460948
    ],
    [
      0.005731517893239624,
      0.0006538453641694416,
      0.00041841940587669153
    ],
    [
      -0.0006742194556375622,
      0.004557301573253086,
      -0.0024062843680663494
    ],
    [
      0.005102695123981215,
      -0.0011521881348863178,
      0.002732641767367544
    ],
    [
      0.0008400964511256321,
      0.0017505574190399996,
      -0.0018514312652983221
    ],
    [
      -0.00903471279463306,
      -0.0028338952113251287,
      0.014514648018944238
    ],
    [
      -0.004773364346494648,
      0.0021277768991210598,
      -0.0017249061379367183
    ],
    [
      -0.0008233233955937907,
      -0.005920345277179114,
      0.00015019439631094934
    ],
    [
      0.007061890432573514,
      -0.0025965130547561223,
      0.0031528358516236623
    ],
    [
      0.0030095635854520313,
      0.008602071536239087,
      -0.0023464525818576902
    ],
    [
      -0.0035341925455345544,
      0.0004917855315656322,
      -0.0030399219911547075
    ],
    [
      -0.00010011526792460367,
      -0.002217827428698178,
      -0.0008687021870935969
    ],
    [
      -0.0015900031731385321,
      -0.00013684749026521251,
      0.001739618556974043
    ],
    [
      -0.0007233547834045292,
      0.0029985372544499536,
      0.0008689424309910437
    ],
    [
      0.0030300352760034895,
      -0.0018934514244861133,
      -3.432638950971362e-05
    ],
    [
      -0.001138506471183822,
      0.0006455893970318637,
      -0.0025617107025934197
    ],
    [
      0.000923013814400093,
      -0.003478320052803594,
      0.0003627131606886346
    ],
    [
      0.0012309164508873198,
      -0.00047713085950965044,
      0.0012956969425665654
    ]
  ]
}