{
  "name": "system95",
  "subset": "sp",
  "atomic_number": [
    6,
    6,
    1,
    1,
    1,
    8,
    8,
    1,
    8,
    6,
    6,
    6,
    1,
    1,
    1,
    1,
    6,
    1,
    1,
    1,
    1
  ],
  "charge": [
    0,
    0,
    0,
    0,
    0,
    0,
    0,
    0,
    0,
    0,
    0,
    0,
    0,
    0,
    0,
    0,
    0,
    0,
    0,
    0,
    0
  ],
  "positition": [
    [
      2.523903992413,
      -1.11489596658978,
      0.35839293671941
    ],
    [
      1.56706254601717,
      -0.02144463889259,
      -0.07043131650193
    ],
    [
      3.07829182803113,
      -0.83780811044105,
      1.26640140211737
    ],
    [
      3.22563760168936,
      -1.25824106962302,
      -0.48019138695689
    ],
    [
      1.98382299945092,
      -2.05789318009988,
      0.51841579039146
    ],
    [
      2.2065911472472,
      1.19503145834395,
      0.11401433895331
    ],
    [
      1.58824054143615,
      2.19822510018581,
      -0.70098237919364
    ],
    [
      1.18683840332787,
      1.58919288530521,
      -1.38406269750086
    ],
    [
      0.92160225790182,
      -0.13878636683468,
      -1.23665791094525
    ],
    [
      -1.22480432275063,
      1.05678709040901,
      0.172354283847
    ],
    [
      -0.57289401189214,
      -0.10121358564145,
      0.0212983399779
    ],
    [
      -1.00164071079183,
      -1.51448115119668,
      -0.12172776303062
    ],
    [
      0.63901200277441,
      -0.05596590424215,
      0.78989934896943
    ],
    [
      -1.94795673667368,
      -1.65614514535254,
      0.42509720431718
    ],
    [
      -0.26724181219529,
      -2.21211810680347,
      0.30291702966699
    ],
    [
      -1.1367543966554,
      -1.76965762886225,
      -1.18225620847274
    ],
    [
      -2.72803544128148,
      1.1501555184756,
      0.23507081660715
    ],
    [
      -0.64996744251076,
      1.98244563484448,
      0.22795372716491
    ],
    [
      -3.21586875874214,
      0.16489387294566,
      0.22317997136137
    ],
    [
      -3.12045631713498,
      1.7221179511815,
      -0.62518690643265
    ],
    [
      -3.05538336966068,
      1.6798013428883,
      1.1465013789411
    ]
  ],
  "energies": -12536.39145127553,
  "forces": [
    [
      -0.004754101743006688,
      -0.005746277569156605,
      0.009214987403263725
    ],
    [
      0.0059126822578971575,
      0.002790720215354619,
      -0.0019291749515586753
    ],
    [
      0.0019478517548583401,
      0.00017397859358024226,
      0.0015613313083922894
    ],
    [
      -0.00023243885041546405,
      -0.0017547361819000406,
      -0.0012543525721844773
    ],
    [
      0.0013363637243706025,
      -0.0008042587670641294,
      0.00042746182210835136
    ],
    [
      0.0005604041149104445,
      0.013149136775706805,
      -0.008696637077572952
    ],
    [
      0.0021082654128283824,
      -0.00013553293654211147,
      0.00010603158243163183
    ],
    [
      -0.0006880879357097978,
      0.00017132464927563544,
      -0.0003899350259870604
    ],
    [
      0.006474685084873444,
      -0.006760190120130473,
      0.001753213883025894
    ],
    [
      -0.0012335782627681915,
      0.00498134737602255,
      0.004342949200807088
    ],
    [
      0.006987744645503348,
      0.0006504338699724579,
      -0.0023320155279896353
    ],
    [
      -0.002705306876365654,
      0.0005333564161532541,
      0.002516570509484913
    ],
    [
      -0.0014979500625806426,
      -0.001978192728480273,
      -0.005404071991622257
    ],
    [
      -0.0027001073854738666,
      -5.798110601407273e-05,
      -0.0030490268337758156
    ],
    [
      -0.0008643348080914681,
      -0.001116893879229827,
      -0.004084886322983901
    ],
    [
      -0.002244722558182311,
      0.0018186604447401624,
      0.0003221476289346988
    ],
    [
      -0.00445410509506842,
      0.0024130549573739514,
      0.003002664595242904
    ],
    [
      -0.0014935824264681783,
      -0.00045553138018276365,
      0.003352479250310831
    ],
    [
      -0.0038266655279926786,
      -0.0020410464353056387,
      0.0008988421518552733
    ],
    [
      0.00010933899836482445,
      -0.0025538771163149225,
      -0.0030148770276444904
    ],
    [
      0.001257644664341677,
      -0.0032774983688711153,
      0.0026563000523443458
    ]
  ]
}