{
  "name": "system96",
  "subset": "prod",
  "atomic_number": [
    6,
    6,
    1,
    1,
    1,
    8,
    8,
    1,
    8,
    6,
    6,
    6,
    1,
    1,
    1,
    1,
    6,
    1,
    1,
    1,
    1
  ],
  "charge": [
    0,
    0,
    0,
    0,
    0,
    0,
    0,
    0,
    0,
    0,
    0,
    0,
    0,
    0,
    0,
    0,
    0,
    0,
    0,
    0,
    0
  ],
  "positition": [
    [
      -3.13926547737438,
      0.00872581984511,
      1.12743788433431
    ],
    [
      -1.68066177197968,
      0.12815948338683,
      0.75400870987008
    ],
    [
      -3.25523233498415,
      0.08832103633926,
      2.21480772787562
    ],
    [
      -3.53364021533526,
      -0.95691504778704,
      0.77357450087901
    ],
    [
      -3.71894890966738,
      0.79692771211286,
      0.6221562271427
    ],
    [
      -0.78520472673031,
      0.27317384779525,
      1.56303013608637
    ],
    [
      1.05145582292443,
      0.2450171030239,
      -1.42023253372405
    ],
    [
      -0.53003531019785,
      0.13354301901217,
      -0.78741781822752
    ],
    [
      -1.49529597354466,
      0.0525652295724,
      -0.55975531464528
    ],
    [
      2.19382135702481,
      -0.42199298796224,
      -0.8477646972623
    ],
    [
      2.12603725365969,
      1.05136241783987,
      -0.898781360659
    ],
    [
      1.83365744637936,
      1.93700047839292,
      0.28130833329809
    ],
    [
      2.70375383554859,
      1.53214805030786,
      -1.70205201849704
    ],
    [
      1.18408569906027,
      1.44327571812805,
      1.01549349974745
    ],
    [
      1.32764135226015,
      2.85601848336278,
      -0.05666624495958
    ],
    [
      2.77789164072484,
      2.23704057152264,
      0.76548517246927
    ],
    [
      1.97765982486005,
      -1.24643839768075,
      0.39199061094829
    ],
    [
      2.81580721199696,
      -0.90348574097915,
      -1.61682492230662
    ],
    [
      1.30167192976431,
      -0.75320867296619,
      1.10245046175416
    ],
    [
      2.94545750635117,
      -1.44555144499489,
      0.88137416451961
    ],
    [
      1.53647383925904,
      -2.22004867827166,
      0.12273348135644
    ]
  ],
  "energies": -12543.22718842745,
  "forces": [
    [
      -0.0018883872250528416,
      -0.005035909685906111,
      0.0029215528664322584
    ],
    [
      0.00844181862365077,
      -0.0016341673239915944,
      -0.0010408584340382198
    ],
    [
      -0.0009653511448976984,
      0.003172219245547218,
      -0.00016066747729320043
    ],
    [
      -0.00048005003883630997,
      0.0005285710785898139,
      0.0020972246836475196
    ],
    [
      0.00017481034551543076,
      0.0027655716363792146,
      0.004733363120504962
    ],
    [
      0.002971360846258836,
      -0.0019410274809126956,
      -0.009292422505699468
    ],
    [
      -0.014713858906625108,
      -0.017405225929089406,
      -0.005605675188130378
    ],
    [
      0.0006350412912537277,
      0.022143550302049324,
      -0.00010552250396743606
    ],
    [
      0.0064454084451961505,
      -0.007082109486509358,
      -0.0009238822816911842
    ],
    [
      0.007114365006533204,
      0.002055324440720183,
      -0.0035927715873447555
    ],
    [
      0.00518098295855552,
      -0.0016493205329880182,
      -0.0013028534030656148
    ],
    [
      0.0027810842856246013,
      0.001126463731603634,
      0.004205042004583275
    ],
    [
      0.0005919311385098194,
      -0.001752846935155136,
      0.002970255168972256
    ],
    [
      -0.0040378240244296195,
      -0.0037078888319664704,
      -0.003129101996558051
    ],
    [
      -0.0035984299687632578,
      0.0022921814751400613,
      0.0007486355685144235
    ],
    [
      -0.001988012080723603,
      0.00015112868384791625,
      0.0038025219933185577
    ],
    [
      -0.0014452262972838336,
      -0.0019641926079162863,
      0.003338171985740112
    ],
    [
      -0.0002430899545939824,
      0.0026825114740244437,
      0.0037874986250415366
    ],
    [
      -0.00191592363913566,
      0.001296333187802676,
      -0.004955767263060121
    ],
    [
      -0.000272637897097246,
      0.00527008295122247,
      0.0047555443376768435
    ],
    [
      -0.002788010426685152,
      -0.0013112513979524965,
      -0.0032502869936743757
    ]
  ]
}