{
  "name": "system96",
  "subset": "react",
  "atomic_number": [
    6,
    6,
    1,
    1,
    1,
    8,
    8,
    1,
    8,
    6,
    6,
    6,
    1,
    1,
    1,
    1,
    6,
    1,
    1,
    1,
    1
  ],
  "charge": [
    0,
    0,
    0,
    0,
    0,
    0,
    0,
    0,
    0,
    0,
    0,
    0,
    0,
    0,
    0,
    0,
    0,
    0,
    0,
    0,
    0
  ],
  "positition": [
    [
      3.01713964927272,
      -0.53365619993542,
      0.80341105598917
    ],
    [
      1.73813678709075,
      -0.21399887754608,
      0.08176538366431
    ],
    [
      3.56227431541101,
      0.37482435153204,
      1.08830702211726
    ],
    [
      3.64629301685126,
      -1.15268740762456,
      0.14516683095231
    ],
    [
      2.77916013846386,
      -1.13063410928595,
      1.6961365412436
    ],
    [
      1.62638776365204,
      1.11083150536341,
      -0.13497350478586
    ],
    [
      0.43594113275562,
      1.44714203536649,
      -0.84754126721411
    ],
    [
      -0.04137040828607,
      0.58029695943577,
      -0.89198898706001
    ],
    [
      0.89446027496371,
      -1.00068248634796,
      -0.27976839437375
    ],
    [
      -2.50861220695243,
      0.73646868189384,
      -0.81432227508013
    ],
    [
      -2.35799067784321,
      -0.58462535729427,
      -1.00695800096861
    ],
    [
      -2.31413396825635,
      -1.6650377239908,
      0.03215955844094
    ],
    [
      -2.24850867966866,
      -0.92953105096455,
      -2.04317995315285
    ],
    [
      -2.50464443364131,
      -1.28844340561266,
      1.04757786413623
    ],
    [
      -1.32384468506374,
      -2.14962818744825,
      0.03251134648585
    ],
    [
      -3.06103639103371,
      -2.44783141769054,
      -0.18626135813422
    ],
    [
      -2.65227121669001,
      1.46370704275768,
      0.49050261049679
    ],
    [
      -2.5099781769455,
      1.37660461341459,
      -1.70579224711089
    ],
    [
      -2.72498759987837,
      0.78561341309722,
      1.35300116639914
    ],
    [
      -3.54854203978849,
      2.10775176062742,
      0.48680285665206
    ],
    [
      -1.78290359441309,
      2.12498586025257,
      0.64941575130279
    ]
  ],
  "energies": -12540.663052947504,
  "forces": [
    [
      0.0011561389951450136,
      -0.0012680140784366736,
      -0.0020002806660224526
    ],
    [
      -0.00039924560829859694,
      -0.00046546658634324836,
      -0.002276907372863907
    ],
    [
      0.0017436719528345173,
      0.0007487430920567098,
      0.0008133654094575851
    ],
    [
      -0.0036056288010455897,
      -0.0002796136090304723,
      0.0017268964290434556
    ],
    [
      0.0020760541157822344,
      0.0006109046471365965,
      0.0013179952992072787
    ],
    [
      0.007672858071742296,
      0.0005855693032135193,
      -0.004902043904201141
    ],
    [
      -0.001536919504794157,
      0.0032375701107946312,
      0.003041135397671842
    ],
    [
      -0.0002986708842045399,
      0.0016548163692524476,
      0.0009161584301038585
    ],
    [
      -0.01555456033837006,
      0.0018304272535083431,
      0.004661091050715439
    ],
    [
      0.0030588554934132886,
      0.005555145139637716,
      -0.0070108364960613356
    ],
    [
      -0.0018998698754782801,
      -0.0005964689302422859,
      -0.006376148268720251
    ],
    [
      0.00462567286787726,
      -0.0021582881312071293,
      0.004724638441225855
    ],
    [
      -0.0009235455185738086,
      0.0009402966683050692,
      0.0038178138876299246
    ],
    [
      -4.70846671534657e-05,
      0.0007238604680122971,
      -0.0011679970266602127
    ],
    [
      0.004198552745404724,
      -0.00020532846815849047,
      0.0003348743848513244
    ],
    [
      -0.0028615010451985188,
      -0.001219915008165714,
      -0.0004627047071198186
    ],
    [
      0.0008128159646707233,
      -0.0025663004820357144,
      0.001975591080417898
    ],
    [
      0.0004724375674463022,
      -0.001438161830862809,
      0.0002765259710120244
    ],
    [
      0.0035688301413943,
      -0.0014654728620255698,
      -0.001117138494002977
    ],
    [
      0.0003460069538440109,
      -0.0017721215199847282,
      -0.0005771579900112609
    ],
    [
      -0.0026048653354253607,
      -0.002452182830976172,
      0.0022851318696964257
    ]
  ]
}