{
  "name": "system96",
  "subset": "sp",
  "atomic_number": [
    6,
    6,
    1,
    1,
    1,
    8,
    8,
    1,
    8,
    6,
    6,
    6,
    1,
    1,
    1,
    1,
    6,
    1,
    1,
    1,
    1
  ],
  "charge": [
    0,
    0,
    0,
    0,
    0,
    0,
    0,
    0,
    0,
    0,
    0,
    0,
    0,
    0,
    0,
    0,
    0,
    0,
    0,
    0,
    0
  ],
  "positition": [
    [
      3.68563171632498,
      -0.19762852029221,
      0.80369365393621
    ],
    [
      2.24387363788673,
      -0.07116027418423,
      0.34902794944808
    ],
    [
      3.88135854628238,
      0.56461546282705,
      1.57343950973538
    ],
    [
      4.38729912542728,
      -0.07906607650534,
      -0.0315314357794
    ],
    [
      3.82134100834016,
      -1.18407766794491,
      1.2732947013514
    ],
    [
      2.0811751861439,
      0.14372231778578,
      -0.91083923662435
    ],
    [
      0.25049387165395,
      0.22828821958735,
      -1.08155843953962
    ],
    [
      0.29379127599431,
      0.06359057262292,
      -0.08479066283167
    ],
    [
      1.30452674253307,
      -0.17256561394546,
      1.15380213909319
    ],
    [
      -1.74459034206452,
      0.9122081327641,
      -0.84841008366203
    ],
    [
      -1.71227074213182,
      -0.42399248061084,
      -1.17251387696988
    ],
    [
      -1.82515242733651,
      -1.58236808513544,
      -0.23337509325042
    ],
    [
      -1.70905760679898,
      -0.6712527211307,
      -2.23771895452409
    ],
    [
      -1.63837315927101,
      -1.30736324693086,
      0.81344929302212
    ],
    [
      -1.10681273975486,
      -2.36783704410207,
      -0.51330535852143
    ],
    [
      -2.83488157352702,
      -2.02606988851811,
      -0.30031657575478
    ],
    [
      -1.8782199541496,
      1.50531897892966,
      0.51710261351869
    ],
    [
      -1.7413241540822,
      1.62138975043718,
      -1.68112828922047
    ],
    [
      -1.76001458650131,
      0.76782109630988,
      1.32217157124982
    ],
    [
      -2.8709617350006,
      1.97879812614774,
      0.62399361077502
    ],
    [
      -1.12783208996835,
      2.29762896188852,
      0.66551296454821
    ]
  ],
  "energies": -12539.92273196794,
  "forces": [
    [
      0.002419619549880789,
      -0.002314195519171831,
      0.0012435121319549318
    ],
    [
      -0.0017208144326362619,
      -0.0005031034256881129,
      0.0024941873064335002
    ],
    [
      0.0004504097423005518,
      0.0009466177773242338,
      -0.002302901176356078
    ],
    [
      -0.0014088128403371186,
      0.001827180361348116,
      0.0005050655375020845
    ],
    [
      0.00037735811397393646,
      0.001035863705817587,
      -0.0005152867017776592
    ],
    [
      0.003244855692104145,
      0.0020175550352863588,
      -0.0032721451774207944
    ],
    [
      -0.0028271287357828933,
      0.003690008659330171,
      0.0031947409282253054
    ],
    [
      0.002814550383951891,
      0.0007895568381284913,
      0.0006609909746123348
    ],
    [
      -0.003729812527426363,
      -0.00464694833675941,
      -0.0004471568851805422
    ],
    [
      0.005893907546981751,
      -0.002114751483838773,
      -0.001196379179480468
    ],
    [
      -0.004106932660073804,
      0.004721588341316383,
      -0.0080022011391029
    ],
    [
      -0.0027802529964880162,
      -0.002396098942127402,
      0.009330405364133786
    ],
    [
      0.0005712979312456298,
      -0.0016181223535076871,
      0.0003015379215551696
    ],
    [
      -0.002959838138043134,
      0.005343857316702043,
      -0.0023193951129077523
    ],
    [
      0.002976331097575533,
      -0.0002749710705473424,
      0.0008520575324632805
    ],
    [
      -0.0010404733341777789,
      -6.93591125329821e-05,
      1.8383388984846832e-06
    ],
    [
      -0.0015392891879118878,
      -0.0026645157560033915,
      -0.0011966608181419227
    ],
    [
      -0.0002816176812511896,
      -0.002105141882207105,
      0.0020416028220715584
    ],
    [
      0.003472357561280319,
      -0.0005874120129877066,
      -0.0022152696436590303
    ],
    [
      -0.00046047093252540817,
      -0.0010214654241881185,
      0.0006337442724555043
    ],
    [
      0.0006347609895660173,
      -5.6142561427319686e-05,
      0.00020771578904523312
    ]
  ]
}