{
  "name": "system9",
  "subset": "prod",
  "atomic_number": [
    7,
    5,
    5,
    7,
    1,
    1,
    1,
    1,
    1,
    1,
    1,
    1,
    1,
    1
  ],
  "charge": [
    0,
    0,
    0,
    0,
    0,
    0,
    0,
    0,
    0,
    0,
    0,
    0,
    0,
    0
  ],
  "positition": [
    [
      -2.22819602762225,
      -0.16980727100525,
      0.16240851642883
    ],
    [
      1.26520564030027,
      -0.15047492972294,
      -1.02502380171103
    ],
    [
      1.24613599425639,
      0.99609198173983,
      0.51198126778765
    ],
    [
      0.65039148929501,
      -0.42579426113696,
      0.36847565668583
    ],
    [
      -2.40906032765756,
      0.76435730262471,
      0.53498401554494
    ],
    [
      -2.95577453619301,
      -0.78260626043122,
      0.53413775786355
    ],
    [
      -2.37749725866575,
      -0.11017209339095,
      -0.84679645626838
    ],
    [
      2.26381956806189,
      -0.7811469329736,
      -1.28046792703967
    ],
    [
      0.44880604441088,
      0.05293875034191,
      -1.89522357516183
    ],
    [
      1.74347898491904,
      1.09033790519248,
      -0.74812413764933
    ],
    [
      2.23226237837039,
      1.07388411940033,
      1.2058629240166
    ],
    [
      0.41753829668876,
      1.87748892643775,
      0.55272800162045
    ],
    [
      -0.38666727803731,
      -0.47664689182593,
      0.39452464469391
    ],
    [
      1.09498803187321,
      -1.15502234525019,
      0.91764011318848
    ]
  ],
  "energies": -4491.067537749749,
  "forces": [
    [
      0.006188414992102244,
      0.006722976535819831,
      0.00674013119451155
    ],
    [
      0.002095062951369103,
      0.004167239071961708,
      0.0003426225590763838
    ],
    [
      -0.004791800134565859,
      -0.004646182353648031,
      -0.003755009905943436
    ],
    [
      -0.003471301660554683,
      0.012685351588113281,
      -0.0038114874821378497
    ],
    [
      0.0005473559196524363,
      0.0032727591569018544,
      -0.0013024405352889455
    ],
    [
      0.0005848026516152672,
      -0.0015208406471680373,
      -0.004216500023838577
    ],
    [
      0.004483457993671211,
      -0.0038022505876484543,
      -0.0005160225001356569
    ],
    [
      -0.0011890760118240095,
      -0.0007285334483591444,
      -0.0032948011745381218
    ],
    [
      0.0008340918449294096,
      -0.006313944948199445,
      -0.0034491107246121216
    ],
    [
      -0.004101366375577461,
      -0.0006394256909600633,
      0.0032151677787342608
    ],
    [
      0.0006355093349083852,
      0.00035821547816849866,
      0.003247738670295573
    ],
    [
      0.00040120869713184315,
      0.0019234735298700185,
      0.0027067264853718204
    ],
    [
      -0.0006062613373224603,
      -0.011162152005039535,
      0.003475365700783045
    ],
    [
      -0.0016101001510871024,
      -0.0003166852170138783,
      0.0006176191863910702
    ]
  ]
}