{
  "name": "system9",
  "subset": "sp",
  "atomic_number": [
    7,
    5,
    5,
    7,
    1,
    1,
    1,
    1,
    1,
    1,
    1,
    1,
    1,
    1
  ],
  "charge": [
    0,
    0,
    0,
    0,
    0,
    0,
    0,
    0,
    0,
    0,
    0,
    0,
    0,
    0
  ],
  "positition": [
    [
      1.07341917368428,
      -1.29007713899083,
      0.85620625312691
    ],
    [
      1.44010751067913,
      1.32786916349169,
      -0.63789316158606
    ],
    [
      -2.23303119710133,
      -0.13965797802173,
      -0.63314794352319
    ],
    [
      -1.38272556608174,
      0.37194781377233,
      0.3374826978841
    ],
    [
      0.68892240916228,
      -2.0385704746003,
      1.43600688708577
    ],
    [
      1.94592064454942,
      -0.99111186499322,
      1.29410829936468
    ],
    [
      1.32954899819499,
      -1.71646548184245,
      -0.03595439490734
    ],
    [
      1.36808791687176,
      1.9051859905364,
      0.4173181185533
    ],
    [
      2.33489727497983,
      0.5414332365382,
      -0.82702054058193
    ],
    [
      0.69258047891256,
      1.60873830208557,
      -1.53562412426006
    ],
    [
      -3.21581583486285,
      0.48109058163562,
      -0.96959619116464
    ],
    [
      -1.97212551200453,
      -1.21425916322944,
      -1.12878902445274
    ],
    [
      -0.5346921312949,
      -0.11690502368425,
      0.64515611953378
    ],
    [
      -1.53509416568891,
      1.27078203730239,
      0.78174700492742
    ]
  ],
  "energies": -4489.54350859435,
  "forces": [
    [
      -0.002431499075820032,
      0.00019557678735545174,
      -0.007517108292413227
    ],
    [
      0.004110823613624339,
      0.005507310275947467,
      -0.0008894176182430643
    ],
    [
      -0.001133989968187131,
      0.0003307604652178847,
      0.0001934940907941531
    ],
    [
      0.0016982879162838677,
      -0.0035707992466093956,
      -0.006016949137830378
    ],
    [
      0.00020862117738049523,
      0.002264158659724634,
      0.0018981170000553
    ],
    [
      0.0017877245692240597,
      0.0022830334894046646,
      0.002979861171059228
    ],
    [
      -0.002806640950124436,
      -0.002095249150674037,
      0.0012793213281912664
    ],
    [
      0.0019912407694720807,
      -0.0017556018723995088,
      0.0008195402741179441
    ],
    [
      -0.0012920312690919535,
      0.0006307888919936132,
      0.001077929065002351
    ],
    [
      0.0007394413543407127,
      0.0007925158181350788,
      -0.0002951642591834387
    ],
    [
      0.001185949241612506,
      -0.00040528441016943466,
      -0.0028679741578480026
    ],
    [
      -0.0048513517733530095,
      -0.0016970827887195351,
      0.003397124814555994
    ],
    [
      0.002152013147782146,
      -0.00407781419467488,
      0.001909623356053667
    ],
    [
      -0.0013585887017215777,
      0.0015976846529425755,
      0.0040316000002731224
    ]
  ]
}